{"w_std_temp": 8.8825012313537, "w_std_res_8": 8.915666075089398, "w_std_8": 10.855804341025356, "w_noise_scale_8": 0.0, "w_std_res_29": 8.895159322631608, "w_std_29": 10.847558214582211, "w_noise_scale_29": 0.0, "w_std_res_25": 8.877424844795927, "w_std_25": 10.840437138037839, "w_noise_scale_25": 0.0, "w_std_res_30": 8.94544183858461, "w_std_30": 10.867800314317291, "w_noise_scale_30": 0.0, "w_std_res_47": 8.882633161118386, "w_std_47": 10.842527488724665, "w_noise_scale_47": 0.0, "w_std_res_9": 8.922544742813006, "w_std_9": 10.858573222199821, "w_noise_scale_9": 0.0, "w_std_res_16": 8.853075030744966, "w_std_16": 10.830675302122208, "w_noise_scale_16": 0.0, "w_std_res_35": 8.91892562896451, "w_std_35": 10.857116236310173, "w_noise_scale_35": 0.0, "w_std_res_0": 8.92948198035586, "w_std_0": 10.861367126627062, "w_noise_scale_0": 0.0, "w_std_res_15": 8.944523027389444, "w_std_15": 10.867429746581065, "w_noise_scale_15": 0.0, "w_std_res_48": 8.9263728811035, "w_std_48": 10.860114787750863, "w_noise_scale_48": 0.0, "w_std_res_42": 8.918388657711661, "w_std_42": 10.856900095676481, "w_noise_scale_42": 0.0, "w_std_res_44": 8.928562839281582, "w_std_44": 10.860996868094107, "w_noise_scale_44": 0.0, "w_std_res_2": 8.930507316916549, "w_std_2": 10.861780194073852, "w_noise_scale_2": 0.0, "w_std_res_22": 8.882686372235597, "w_std_22": 10.842548849180943, "w_noise_scale_22": 0.0, "w_std_res_37": 8.892355828884718, "w_std_37": 10.84643186936953, "w_noise_scale_37": 0.0, "w_std_res_1": 8.918388657711661, "w_std_1": 10.856900095676481, "w_noise_scale_1": 0.0, "w_std_res_33": 8.907081978684152, "w_std_33": 10.852350976574153, "w_noise_scale_33": 0.0, "w_std_res_31": 8.919127532303818, "w_std_31": 10.857197508306413, "w_noise_scale_31": 0.0, "w_std_res_32": 8.900105336455294, "w_std_32": 10.849545929438706, "w_noise_scale_32": 0.0, "w_std_res_10": 8.898963686154698, "w_std_10": 10.849087054765253, "w_noise_scale_10": 0.0, "w_std_res_26": 8.930126328893675, "w_std_26": 10.861626705401912, "w_noise_scale_26": 0.0, "w_std_res_19": 8.900172487794828, "w_std_19": 10.849572921462162, "w_noise_scale_19": 0.0, "w_std_res_40": 8.917107417066367, "w_std_40": 10.856384408350461, "w_noise_scale_40": 0.0, "w_std_res_20": 8.895159322631608, "w_std_20": 10.847558214582211, "w_noise_scale_20": 0.0, "w_std_res_18": 8.85059849671196, "w_std_18": 10.82968347009736, "w_noise_scale_18": 0.0, "w_std_res_38": 8.852209734721608, "w_std_38": 10.830328736787031, "w_noise_scale_38": 0.0, "w_std_res_39": 8.929998600223854, "w_std_39": 10.861575248323788, "w_noise_scale_39": 0.0, "w_std_res_27": 8.916240449314946, "w_std_27": 10.856035490108717, "w_noise_scale_27": 0.0, "w_std_res_6": 8.91387086231341, "w_std_6": 10.855081946374241, "w_noise_scale_6": 0.0, "w_std_res_46": 8.890463640890728, "w_std_46": 10.845671789359109, "w_noise_scale_46": 0.0, "w_std_res_21": 8.912461430491579, "w_std_21": 10.854514858458668, "w_noise_scale_21": 0.0, "w_std_res_45": 8.885208477435969, "w_std_45": 10.843561392451974, "w_noise_scale_45": 0.0, "w_std_res_24": 8.935843815079805, "w_std_24": 10.863930569636157, "w_noise_scale_24": 0.0, "w_std_res_3": 8.885727231774561, "w_std_3": 10.843769679376955, "w_noise_scale_3": 0.0, "w_std_res_28": 8.8785529859882, "w_std_28": 10.84088984614501, "w_noise_scale_28": 0.0, "w_std_res_23": 8.892960699339675, "w_std_23": 10.846674864906756, "w_noise_scale_23": 0.0, "w_std_res_14": 8.885707449325574, "w_std_14": 10.843761736304888, "w_noise_scale_14": 0.0, "w_std_res_13": 8.870541133437126, "w_std_13": 10.837675632948239, "w_noise_scale_13": 0.0, "w_std_res_17": 8.903910218971212, "w_std_17": 10.851075547929568, "w_noise_scale_17": 0.0, "w_std_res_11": 8.909724322334558, "w_std_11": 10.853413748678339, "w_noise_scale_11": 0.0, "w_std_res_49": 8.881248680506587, "w_std_49": 10.841971749006266, "w_noise_scale_49": 0.0, "w_std_res_5": 8.915915807560095, "w_std_5": 10.855904841231567, "w_noise_scale_5": 0.0, "w_std_res_7": 8.883547820268657, "w_std_7": 10.84289467087779, "w_noise_scale_7": 0.0, "w_std_res_36": 8.874077857022666, "w_std_36": 10.839094263503984, "w_noise_scale_36": 0.0, "w_std_res_12": 8.926568052028731, "w_std_12": 10.860193393622188, "w_noise_scale_12": 0.0, "w_std_res_43": 8.933820046598207, "w_std_43": 10.863114978276258, "w_noise_scale_43": 0.0, "w_std_res_34": 8.881468593369004, "w_std_34": 10.842060019606514, "w_noise_scale_34": 0.0, "w_std_res_4": 8.914646480651939, "w_std_4": 10.855394043688602, "w_noise_scale_4": 0.0, "w_std_res_41": 8.915682724138405, "w_std_41": 10.85581104106805, "w_noise_scale_41": 0.0, "l2_loss": 6.76732873916626, "lpips_loss": 14.037714004516602, "noise_reg": 409.39703369140625, "total_delta_reg": 4047.010009765625, "total_loss": 24.852054595947266, "step": 199, "t": 0.995, "lr_ramp": 0.0009866357858642205, "lr": 9.866357858642205e-06, "_timestamp": 1677751865.040741, "_runtime": 1617.9276149272919, "_step": 199, "_wandb": {"runtime": 1616}}