{"w_std_temp": 8.882476604247264, "w_std_res_8": 8.928102576975693, "w_std_8": 10.860791328501344, "w_noise_scale_8": 0.0, "w_std_res_29": 8.9154816190714, "w_std_29": 10.855709960661256, "w_noise_scale_29": 0.0, "w_std_res_25": 8.902796698931185, "w_std_25": 10.850607691075417, "w_noise_scale_25": 0.0, "w_std_res_30": 8.874904488922683, "w_std_30": 10.839405711194456, "w_noise_scale_30": 0.0, "w_std_res_47": 8.91962854817957, "w_std_47": 10.857379039592152, "w_noise_scale_47": 0.0, "w_std_res_9": 8.905910958458994, "w_std_9": 10.851859892433186, "w_noise_scale_9": 0.0, "w_std_res_16": 8.920376953918483, "w_std_16": 10.857680317406661, "w_noise_scale_16": 0.0, "w_std_res_35": 8.880873056743914, "w_std_35": 10.841800804640343, "w_noise_scale_35": 0.0, "w_std_res_0": 8.896892891622333, "w_std_0": 10.848234656212503, "w_noise_scale_0": 0.0, "w_std_res_15": 8.858582526284891, "w_std_15": 10.83286148571789, "w_noise_scale_15": 0.0, "w_std_res_48": 8.886796297738572, "w_std_48": 10.844178777545812, "w_noise_scale_48": 0.0, "w_std_res_42": 8.892473555625566, "w_std_42": 10.846458995191703, "w_noise_scale_42": 0.0, "w_std_res_44": 8.889705246800931, "w_std_44": 10.845347007760978, "w_noise_scale_44": 0.0, "w_std_res_2": 8.927047646758698, "w_std_2": 10.860366415175642, "w_noise_scale_2": 0.0, "w_std_res_22": 8.88596505732495, "w_std_22": 10.843844999583865, "w_noise_scale_22": 0.0, "w_std_res_37": 8.896863913761972, "w_std_37": 10.848223011166391, "w_noise_scale_37": 0.0, "w_std_res_1": 8.900548613709157, "w_std_1": 10.849703949014, "w_noise_scale_1": 0.0, "w_std_res_33": 8.89549174793052, "w_std_33": 10.847671621568152, "w_noise_scale_33": 0.0, "w_std_res_31": 8.893191303604123, "w_std_31": 10.846747341513261, "w_noise_scale_31": 0.0, "w_std_res_32": 8.937463723702603, "w_std_32": 10.864563357683778, "w_noise_scale_32": 0.0, "w_std_res_10": 8.901627747917793, "w_std_10": 10.850137747541503, "w_noise_scale_10": 0.0, "w_std_res_26": 8.906957866606309, "w_std_26": 10.852280905845324, "w_noise_scale_26": 0.0, "w_std_res_19": 8.892977390896707, "w_std_19": 10.846661403111558, "w_noise_scale_19": 0.0, "w_std_res_40": 8.86555923926968, "w_std_40": 10.835657780275731, "w_noise_scale_40": 0.0, "w_std_res_20": 8.849328187777871, "w_std_20": 10.829154593907596, "w_noise_scale_20": 0.0, "w_std_res_18": 8.911752686060133, "w_std_18": 10.854209562855095, "w_noise_scale_18": 0.0, "w_std_res_38": 8.940930285770044, "w_std_38": 10.86596086265499, "w_noise_scale_38": 0.0, "w_std_res_39": 8.924220904370308, "w_std_39": 10.859228002602212, "w_noise_scale_39": 0.0, "w_std_res_27": 8.898023832570916, "w_std_27": 10.848689156126191, "w_noise_scale_27": 0.0, "w_std_res_6": 8.905327145169906, "w_std_6": 10.851625126709132, "w_noise_scale_6": 0.0, "w_std_res_46": 8.931028688650597, "w_std_46": 10.861970107184746, "w_noise_scale_46": 0.0, "w_std_res_21": 8.935825892160164, "w_std_21": 10.863903210575378, "w_noise_scale_21": 0.0, "w_std_res_45": 8.92285951223037, "w_std_45": 10.85867981587771, "w_noise_scale_45": 0.0, "w_std_res_24": 8.957533055339512, "w_std_24": 10.872659097910457, "w_noise_scale_24": 0.0, "w_std_res_3": 8.914389263292243, "w_std_3": 10.855270389740415, "w_noise_scale_3": 0.0, "w_std_res_28": 8.905910958458994, "w_std_28": 10.851859892433186, "w_noise_scale_28": 0.0, "w_std_res_23": 8.878473352018352, "w_std_23": 10.84083771051043, "w_noise_scale_23": 0.0, "w_std_res_14": 8.91466926615901, "w_std_14": 10.85538306123971, "w_noise_scale_14": 0.0, "w_std_res_13": 8.939522061469505, "w_std_13": 10.86539310940359, "w_noise_scale_13": 0.0, "w_std_res_17": 8.918002771781358, "w_std_17": 10.856724626210935, "w_noise_scale_17": 0.0, "w_std_res_11": 8.935527754419432, "w_std_11": 10.863783051382239, "w_noise_scale_11": 0.0, "w_std_res_49": 8.92957865747315, "w_std_49": 10.8613859325134, "w_noise_scale_49": 0.0, "w_std_res_5": 8.921208490866022, "w_std_5": 10.858015080316244, "w_noise_scale_5": 0.0, "w_std_res_7": 8.876539039090629, "w_std_7": 10.84006152326291, "w_noise_scale_7": 0.0, "w_std_res_36": 8.880228213565234, "w_std_36": 10.841541987016884, "w_noise_scale_36": 0.0, "w_std_res_12": 8.889417866204738, "w_std_12": 10.845231584664294, "w_noise_scale_12": 0.0, "w_std_res_43": 8.883231657876541, "w_std_43": 10.842747572542441, "w_noise_scale_43": 0.0, "w_std_res_34": 8.932656467283403, "w_std_34": 10.862625966617141, "w_noise_scale_34": 0.0, "w_std_res_4": 8.913839748531494, "w_std_4": 10.855049275135743, "w_noise_scale_4": 0.0, "w_std_res_41": 8.907320549693942, "w_std_41": 10.852426766338946, "w_noise_scale_41": 0.0, "l2_loss": 25.639312744140625, "lpips_loss": 14.489405632019043, "noise_reg": 4.0514818062942215e-12, "total_delta_reg": 0.0, "total_loss": 14.489405632019043, "step": 199, "t": 0.995, "lr_ramp": 0.0009866357858642205, "lr": 9.866357858642205e-06, "_timestamp": 1677775682.2967014, "_runtime": 1806.2460124492645, "_step": 199, "_wandb": {"runtime": 1805}}