{"frame0.png": {"intrinsics": [[2985.29, 0.0, 512.0], [0.0, 2985.29, 512.0], [0.0, 0.0, 1.0]], "pose": [[0.9409008622169495, -0.08554752916097641, -0.32770004868507385, 0.9083496928215027], [-0.12838171422481537, -0.985453188419342, -0.11135600507259369, 0.31789159774780273], [-0.3134068250656128, 0.14684563875198364, -0.9381964206695557, 2.782069683074951], [0.0, 0.0, 0.0, 1.0]]}, "frame1.png": {"intrinsics": [[2985.29, 0.0, 512.0], [0.0, 2985.29, 512.0], [0.0, 0.0, 1.0]], "pose": [[0.9898673892021179, 0.0650595873594284, -0.12621334195137024, 0.34102663397789], [0.06478957086801529, -0.9978793859481812, -0.006247670389711857, 0.023871591314673424], [-0.12635214626789093, -0.001992943696677685, -0.9919834733009338, 2.8604846000671387], [0.0, 0.0, 0.0, 1.0]]}, "frame2.png": {"intrinsics": [[2985.29, 0.0, 512.0], [0.0, 2985.29, 512.0], [0.0, 0.0, 1.0]], "pose": [[0.9936856627464294, 0.0841066986322403, -0.07426169514656067, 0.2017606496810913], [0.08419306576251984, -0.9964475035667419, -0.0019722951110452414, 0.00914025492966175], [-0.0741637572646141, -0.004292478784918785, -0.9972367882728577, 2.9270663261413574], [0.0, 0.0, 0.0, 1.0]]}, "frame3.png": {"intrinsics": [[2985.29, 0.0, 512.0], [0.0, 2985.29, 512.0], [0.0, 0.0, 1.0]], "pose": [[0.9951144456863403, 0.08358550071716309, -0.05254143849015236, 0.1434168964624405], [0.08512559533119202, -0.9959827065467834, 0.027787594124674797, -0.08104999363422394], [-0.05000772327184677, -0.032124459743499756, -0.9982320666313171, 2.9461047649383545], [0.0, 0.0, 0.0, 1.0]]}, "frame4.png": {"intrinsics": [[2985.29, 0.0, 512.0], [0.0, 2985.29, 512.0], [0.0, 0.0, 1.0]], "pose": [[0.956900417804718, 0.09512722492218018, -0.2743947207927704, 0.7897601127624512], [0.08645176142454147, -0.9953029751777649, -0.0435674712061882, 0.121478371322155], [-0.2772503197193146, 0.01796782575547695, -0.9606297016143799, 2.9419021606445312], [0.0, 0.0, 0.0, 1.0]]}, "frame5.png": {"intrinsics": [[2985.29, 0.0, 512.0], [0.0, 2985.29, 512.0], [0.0, 0.0, 1.0]], "pose": [[0.9927214980125427, -0.03956348076462746, -0.11374855786561966, 0.30807727575302124], [-0.05086982250213623, -0.9938578605651855, -0.0982789471745491, 0.2854130268096924], [-0.10916164517402649, 0.10334999114274979, -0.9886367321014404, 2.8757636547088623], [0.0, 0.0, 0.0, 1.0]]}, "frame6.png": {"intrinsics": [[2985.29, 0.0, 512.0], [0.0, 2985.29, 512.0], [0.0, 0.0, 1.0]], "pose": [[0.9569388031959534, -0.16677233576774597, -0.23760269582271576, 0.670087456703186], [-0.15752825140953064, -0.9858381748199463, 0.05751459673047066, -0.15308372676372528], [-0.2438296526670456, -0.01760881021618843, -0.9696581959724426, 2.9029476642608643], [0.0, 0.0, 0.0, 1.0]]}}