{"w_std_temp": 8.882476604247264, "w_std_res_8": 8.92134597818625, "w_std_8": 10.858070432430662, "w_noise_scale_8": 0.0, "w_std_res_29": 8.893511504181012, "w_std_29": 10.846875983146022, "w_noise_scale_29": 0.0, "w_std_res_25": 8.902094205859653, "w_std_25": 10.850325268741948, "w_noise_scale_25": 0.0, "w_std_res_30": 8.942417790368554, "w_std_30": 10.866560644213743, "w_noise_scale_30": 0.0, "w_std_res_47": 8.906548240620493, "w_std_47": 10.852116171080413, "w_noise_scale_47": 0.0, "w_std_res_9": 8.901543054437248, "w_std_9": 10.850103700541299, "w_noise_scale_9": 0.0, "w_std_res_16": 8.86555923926968, "w_std_16": 10.835657780275731, "w_noise_scale_16": 0.0, "w_std_res_35": 8.88224000463847, "w_std_35": 10.842349491692287, "w_noise_scale_35": 0.0, "w_std_res_0": 8.89549174793052, "w_std_0": 10.847671621568152, "w_noise_scale_0": 0.0, "w_std_res_15": 8.888990732923508, "w_std_15": 10.845060036140879, "w_noise_scale_15": 0.0, "w_std_res_48": 8.891598035505204, "w_std_48": 10.846107287006246, "w_noise_scale_48": 0.0, "w_std_res_42": 8.880279679576539, "w_std_42": 10.841562643220533, "w_noise_scale_42": 0.0, "w_std_res_44": 8.872766004042933, "w_std_44": 10.838547833571848, "w_noise_scale_44": 0.0, "w_std_res_2": 8.911444976124804, "w_std_2": 10.854085769452212, "w_noise_scale_2": 0.0, "w_std_res_22": 8.926951817389853, "w_std_22": 10.86032781791139, "w_noise_scale_22": 0.0, "w_std_res_37": 8.934741707234743, "w_std_37": 10.86346626168416, "w_noise_scale_37": 0.0, "w_std_res_1": 8.915562236897907, "w_std_1": 10.855742403216833, "w_noise_scale_1": 0.0, "w_std_res_33": 8.903495626718755, "w_std_33": 10.850888694883475, "w_noise_scale_33": 0.0, "w_std_res_31": 8.920286745671353, "w_std_31": 10.857644002326195, "w_noise_scale_31": 0.0, "w_std_res_32": 8.93521080822943, "w_std_32": 10.863655314712217, "w_noise_scale_32": 0.0, "w_std_res_10": 8.920112019335855, "w_std_10": 10.857573663548177, "w_noise_scale_10": 0.0, "w_std_res_26": 8.919508552184924, "w_std_26": 10.857330735642394, "w_noise_scale_26": 0.0, "w_std_res_19": 8.892253036351361, "w_std_19": 10.846370407450825, "w_noise_scale_19": 0.0, "w_std_res_40": 8.929850747632907, "w_std_40": 10.861495544755796, "w_noise_scale_40": 0.0, "w_std_res_20": 8.932232276284578, "w_std_20": 10.862455045217677, "w_noise_scale_20": 0.0, "w_std_res_18": 8.923409347048919, "w_std_18": 10.85890120908879, "w_noise_scale_18": 0.0, "w_std_res_38": 8.859803450839076, "w_std_38": 10.83335073035462, "w_noise_scale_38": 0.0, "w_std_res_39": 8.951256894984079, "w_std_39": 10.870126062976455, "w_noise_scale_39": 0.0, "w_std_res_27": 8.905562692778037, "w_std_27": 10.85171984497158, "w_noise_scale_27": 0.0, "w_std_res_6": 8.929253625723709, "w_std_6": 10.86125499553919, "w_noise_scale_6": 0.0, "w_std_res_46": 8.88650222950515, "w_std_46": 10.844060694396264, "w_noise_scale_46": 0.0, "w_std_res_21": 8.923044691275507, "w_std_21": 10.858754377948928, "w_noise_scale_21": 0.0, "w_std_res_45": 8.925052083181363, "w_std_45": 10.859562717801992, "w_noise_scale_45": 0.0, "w_std_res_24": 8.894750909946833, "w_std_24": 10.847373947758047, "w_noise_scale_24": 0.0, "w_std_res_3": 8.904653365656634, "w_std_3": 10.851354196164873, "w_noise_scale_3": 0.0, "w_std_res_28": 8.89378821144286, "w_std_28": 10.846987153698487, "w_noise_scale_28": 0.0, "w_std_res_23": 8.930455265550576, "w_std_23": 10.8617390843962, "w_noise_scale_23": 0.0, "w_std_res_14": 8.935846000799254, "w_std_14": 10.863911315106545, "w_noise_scale_14": 0.0, "w_std_res_13": 8.899375416988542, "w_std_13": 10.84923237851992, "w_noise_scale_13": 0.0, "w_std_res_17": 8.899034796678794, "w_std_17": 10.849095472809012, "w_noise_scale_17": 0.0, "w_std_res_11": 8.89574336410398, "w_std_11": 10.847772726463253, "w_noise_scale_11": 0.0, "w_std_res_49": 8.936054515976275, "w_std_49": 10.863995355214627, "w_noise_scale_49": 0.0, "w_std_res_5": 8.880574833590448, "w_std_5": 10.841681106671142, "w_noise_scale_5": 0.0, "w_std_res_7": 8.907455181616127, "w_std_7": 10.852480912359395, "w_noise_scale_7": 0.0, "w_std_res_36": 8.904106759664328, "w_std_36": 10.851134412902413, "w_noise_scale_36": 0.0, "w_std_res_12": 8.896796737449947, "w_std_12": 10.848196015784145, "w_noise_scale_12": 0.0, "w_std_res_43": 8.889069833227772, "w_std_43": 10.845091804590684, "w_noise_scale_43": 0.0, "w_std_res_34": 8.899606293960424, "w_std_34": 10.849325177027142, "w_noise_scale_34": 0.0, "w_std_res_4": 8.914621942348425, "w_std_4": 10.85536401825153, "w_noise_scale_4": 0.0, "w_std_res_41": 8.903973831947171, "w_std_41": 10.85108096573793, "w_noise_scale_41": 0.0, "l2_loss": 12.268890380859375, "lpips_loss": 9.820565223693848, "noise_reg": 1.3823355437744822e-13, "total_delta_reg": 32588.244140625, "total_loss": 9.820565223693848, "step": 199, "t": 0.995, "lr_ramp": 0.0009866357858642205, "lr": 9.866357858642205e-06, "_timestamp": 1677812662.6582196, "_runtime": 1862.3798735141754, "_step": 199, "_wandb": {"runtime": 1861}}