{"w_std_temp": 8.882476604247264, "w_std_res_8": 8.904979295315627, "w_std_8": 12.577640751547964, "w_noise_scale_8": 0.0, "w_std_res_29": 8.889417866204738, "w_std_29": 12.566628053101596, "w_noise_scale_29": 0.0, "w_std_res_25": 8.904731888159239, "w_std_25": 12.577465588305142, "w_noise_scale_25": 0.0, "w_std_res_30": 8.966758054057218, "w_std_30": 12.621455566811619, "w_noise_scale_30": 0.0, "w_std_res_47": 8.89159891414362, "w_std_47": 12.568170983679368, "w_noise_scale_47": 0.0, "w_std_res_9": 8.889417866204738, "w_std_9": 12.566628053101596, "w_noise_scale_9": 0.0, "w_std_res_16": 8.895318291101225, "w_std_16": 12.570802604647008, "w_noise_scale_16": 0.0, "w_std_res_35": 8.912957561887076, "w_std_35": 12.583290631826001, "w_noise_scale_35": 0.0, "w_std_res_0": 8.913647804771063, "w_std_0": 12.58377955196689, "w_noise_scale_0": 0.0, "w_std_res_15": 8.89208654506916, "w_std_15": 12.56851597246071, "w_noise_scale_15": 0.0, "w_std_res_48": 8.924852064600287, "w_std_48": 12.591718508607155, "w_noise_scale_48": 0.0, "w_std_res_42": 8.91391556079594, "w_std_42": 12.58396921682503, "w_noise_scale_42": 0.0, "w_std_res_44": 8.901627747917793, "w_std_44": 12.575268076168395, "w_noise_scale_44": 0.0, "w_std_res_2": 8.88508142196795, "w_std_2": 12.563560900477222, "w_noise_scale_2": 0.0, "w_std_res_22": 8.894035483822853, "w_std_22": 12.569894900614722, "w_noise_scale_22": 0.0, "w_std_res_37": 8.908831643375017, "w_std_37": 12.580368511096962, "w_noise_scale_37": 0.0, "w_std_res_1": 8.902395218422962, "w_std_1": 12.57581135553488, "w_noise_scale_1": 0.0, "w_std_res_33": 8.9476917414493, "w_std_33": 12.607917279432, "w_noise_scale_33": 0.0, "w_std_res_31": 8.901115625302257, "w_std_31": 12.574905566245816, "w_noise_scale_31": 0.0, "w_std_res_32": 8.907905109367746, "w_std_32": 12.579712399832518, "w_noise_scale_32": 0.0, "w_std_res_10": 8.903936980347513, "w_std_10": 12.576902813292309, "w_noise_scale_10": 0.0, "w_std_res_26": 8.916576907647912, "w_std_26": 12.58585453495312, "w_noise_scale_26": 0.0, "w_std_res_19": 8.912324682707649, "w_std_19": 12.582842360730742, "w_noise_scale_19": 0.0, "w_std_res_40": 8.937463723702603, "w_std_40": 12.600660634962756, "w_noise_scale_40": 0.0, "w_std_res_20": 8.949227882197436, "w_std_20": 12.609007507036388, "w_noise_scale_20": 0.0, "w_std_res_18": 8.880929357336427, "w_std_18": 12.56062486005374, "w_noise_scale_18": 0.0, "w_std_res_38": 8.918055333843808, "w_std_38": 12.586901984304955, "w_noise_scale_38": 0.0, "w_std_res_39": 8.912121748635395, "w_std_39": 12.582698624996944, "w_noise_scale_39": 0.0, "w_std_res_27": 8.903895302759349, "w_std_27": 12.576873307285082, "w_noise_scale_27": 0.0, "w_std_res_6": 8.919437166940524, "w_std_6": 12.587881076654641, "w_noise_scale_6": 0.0, "w_std_res_46": 8.937294578058843, "w_std_46": 12.600540663003313, "w_noise_scale_46": 0.0, "w_std_res_21": 8.889503114629074, "w_std_21": 12.566688356524164, "w_noise_scale_21": 0.0, "w_std_res_45": 8.91091281449325, "w_std_45": 12.581842385457703, "w_noise_scale_45": 0.0, "w_std_res_24": 8.890885870513692, "w_std_24": 12.567666537090329, "w_noise_scale_24": 0.0, "w_std_res_3": 8.937974637746517, "w_std_3": 12.601023023945318, "w_noise_scale_3": 0.0, "w_std_res_28": 8.914713522458252, "w_std_28": 12.584534469439067, "w_noise_scale_28": 0.0, "w_std_res_23": 8.86555923926968, "w_std_23": 12.549762198942258, "w_noise_scale_23": 0.0, "w_std_res_14": 8.88731276174075, "w_std_14": 12.56513902629016, "w_noise_scale_14": 0.0, "w_std_res_13": 8.861949030828377, "w_std_13": 12.54721209073952, "w_noise_scale_13": 0.0, "w_std_res_17": 8.890885870513692, "w_std_17": 12.567666537090329, "w_noise_scale_17": 0.0, "w_std_res_11": 8.879014057033585, "w_std_11": 12.55927072922628, "w_noise_scale_11": 0.0, "w_std_res_49": 8.873052603247656, "w_std_49": 12.555056874622274, "w_noise_scale_49": 0.0, "w_std_res_5": 8.91784814991823, "w_std_5": 12.58675519147012, "w_noise_scale_5": 0.0, "w_std_res_7": 8.91712712985522, "w_std_7": 12.586244351473557, "w_noise_scale_7": 0.0, "w_std_res_36": 8.904731888159239, "w_std_36": 12.577465588305142, "w_noise_scale_36": 0.0, "w_std_res_12": 8.881629566132558, "w_std_12": 12.561119949073014, "w_noise_scale_12": 0.0, "w_std_res_43": 8.896796737449947, "w_std_43": 12.571848822368969, "w_noise_scale_43": 0.0, "w_std_res_34": 8.91974985635808, "w_std_34": 12.588102641979052, "w_noise_scale_34": 0.0, "w_std_res_4": 8.894853234455304, "w_std_4": 12.570473526780921, "w_noise_scale_4": 0.0, "w_std_res_41": 8.86828355010145, "w_std_41": 12.551686888621783, "w_noise_scale_41": 0.0, "l2_loss": 12.492542266845703, "lpips_loss": 10.501225471496582, "noise_reg": 1.0683595501326248e-11, "total_delta_reg": 35302.67578125, "total_loss": 10.501227378845215, "step": 177, "t": 0.885, "lr_ramp": 0.43733338321784776, "lr": 0.004373333832178478, "_timestamp": 1677807537.1728837, "_runtime": 1772.6167447566986, "_step": 177}