{"frame0.png": {"intrinsics": [[2985.29, 0.0, 512.0], [0.0, 2985.29, 512.0], [0.0, 0.0, 1.0]], "pose": [[0.9428623914718628, -0.1339515894651413, -0.30506962537765503, 0.8202978372573853], [-0.13464732468128204, -0.9907140731811523, 0.018860632553696632, -0.04355771094560623], [-0.30476316809654236, 0.023293832316994667, -0.9521432518959045, 2.742859125137329], [0.0, 0.0, 0.0, 1.0]]}, "frame1.png": {"intrinsics": [[2985.29, 0.0, 512.0], [0.0, 2985.29, 512.0], [0.0, 0.0, 1.0]], "pose": [[0.9361867308616638, -0.14744976162910461, -0.3190814256668091, 0.8577640652656555], [-0.12747368216514587, -0.9883855581283569, 0.08273136615753174, -0.21981479227542877], [-0.3275741934776306, -0.036777518689632416, -0.9441094398498535, 2.7255866527557373], [0.0, 0.0, 0.0, 1.0]]}, "frame2.png": {"intrinsics": [[2985.29, 0.0, 512.0], [0.0, 2985.29, 512.0], [0.0, 0.0, 1.0]], "pose": [[0.9038283824920654, 0.05213567614555359, -0.42470720410346985, 1.145546555519104], [0.06290861964225769, -0.9979545474052429, 0.011371495202183723, -0.03142284229397774], [-0.4232456386089325, -0.036995623260736465, -0.905259370803833, 2.6202471256256104], [0.0, 0.0, 0.0, 1.0]]}, "frame3.png": {"intrinsics": [[2985.29, 0.0, 512.0], [0.0, 2985.29, 512.0], [0.0, 0.0, 1.0]], "pose": [[0.9302594065666199, 0.1429453045129776, -0.3379114866256714, 0.9035424590110779], [0.1345292031764984, -0.9897304773330688, -0.04832706227898598, 0.13238655030727386], [-0.34134942293167114, -0.0005022622644901276, -0.9399363398551941, 2.699939012527466], [0.0, 0.0, 0.0, 1.0]]}, "frame4.png": {"intrinsics": [[2985.29, 0.0, 512.0], [0.0, 2985.29, 512.0], [0.0, 0.0, 1.0]], "pose": [[0.9426319003105164, 0.11301068961620331, -0.31412363052368164, 0.8502413630485535], [0.09473016113042831, -0.9928290247917175, -0.0729159340262413, 0.20529253780841827], [-0.32011133432388306, 0.03897590935230255, -0.946577787399292, 2.7477669715881348], [0.0, 0.0, 0.0, 1.0]]}, "frame5.png": {"intrinsics": [[2985.29, 0.0, 512.0], [0.0, 2985.29, 512.0], [0.0, 0.0, 1.0]], "pose": [[0.9515169262886047, 0.12877558171749115, -0.2793428301811218, 0.7349340319633484], [0.10602754354476929, -0.9898017048835754, -0.09513502568006516, 0.2559782862663269], [-0.28874507546424866, 0.060904551297426224, -0.9554668068885803, 2.7172694206237793], [0.0, 0.0, 0.0, 1.0]]}, "frame6.png": {"intrinsics": [[2985.29, 0.0, 512.0], [0.0, 2985.29, 512.0], [0.0, 0.0, 1.0]], "pose": [[0.9443448781967163, 0.10554436594247818, -0.31156569719314575, 0.8232783079147339], [0.09463641047477722, -0.9942570328712463, -0.049969591200351715, 0.13526763021945953], [-0.3150503933429718, 0.017703067511320114, -0.9489098191261292, 2.7002668380737305], [0.0, 0.0, 0.0, 1.0]]}, "frame7.png": {"intrinsics": [[2985.29, 0.0, 512.0], [0.0, 2985.29, 512.0], [0.0, 0.0, 1.0]], "pose": [[0.9528806805610657, 0.13288545608520508, -0.27268996834754944, 0.7202226519584656], [0.10402195155620575, -0.9875779151916504, -0.11776826530694962, 0.31979912519454956], [-0.2849522829055786, 0.08385336399078369, -0.954866886138916, 2.7068605422973633], [0.0, 0.0, 0.0, 1.0]]}, "frame8.png": {"intrinsics": [[2985.29, 0.0, 512.0], [0.0, 2985.29, 512.0], [0.0, 0.0, 1.0]], "pose": [[0.9424185156822205, 0.13112607598304749, -0.30765780806541443, 0.8179488778114319], [0.10015323758125305, -0.9883664846420288, -0.11445951461791992, 0.3076774775981903], [-0.31908732652664185, 0.07705584168434143, -0.9445875883102417, 2.7012951374053955], [0.0, 0.0, 0.0, 1.0]]}}