{"frame0.png": {"intrinsics": [[2985.29, 0.0, 512.0], [0.0, 2985.29, 512.0], [0.0, 0.0, 1.0]], "pose": [[0.9892898201942444, -0.1315045803785324, 0.0633421316742897, -0.17753727734088898], [-0.1158611848950386, -0.9714123010635376, -0.20720621943473816, 0.571834146976471], [0.08877988904714584, 0.19764810800552368, -0.9762445092201233, 2.827409267425537], [0.0, 0.0, 0.0, 1.0]]}, "frame1.png": {"intrinsics": [[2985.29, 0.0, 512.0], [0.0, 2985.29, 512.0], [0.0, 0.0, 1.0]], "pose": [[0.994124174118042, -0.08613578230142593, 0.06555696576833725, -0.18544043600559235], [-0.08220581710338593, -0.9947799444198608, -0.060456786304712296, 0.17601005733013153], [0.07042224705219269, 0.054712388664484024, -0.9960156679153442, 2.9408860206604004], [0.0, 0.0, 0.0, 1.0]]}}