{"frame0.png": {"intrinsics": [[2985.29, 0.0, 512.0], [0.0, 2985.29, 512.0], [0.0, 0.0, 1.0]], "pose": [[0.9675739407539368, -0.08300705254077911, -0.23855923116207123, 0.6273956894874573], [-0.06378726661205292, -0.9941465854644775, 0.08719965815544128, -0.22982962429523468], [-0.24440103769302368, -0.06915507465600967, -0.9672051072120667, 2.73294734954834], [0.0, 0.0, 0.0, 1.0]]}, "frame1.png": {"intrinsics": [[2985.29, 0.0, 512.0], [0.0, 2985.29, 512.0], [0.0, 0.0, 1.0]], "pose": [[0.9372747540473938, -0.055839188396930695, -0.34408998489379883, 0.9038680791854858], [-0.024751916527748108, -0.9952560663223267, 0.0940885990858078, -0.25120067596435547], [-0.3477114737033844, -0.07966998964548111, -0.9342105984687805, 2.6428539752960205], [0.0, 0.0, 0.0, 1.0]]}, "frame2.png": {"intrinsics": [[2985.29, 0.0, 512.0], [0.0, 2985.29, 512.0], [0.0, 0.0, 1.0]], "pose": [[0.9175722599029541, -0.07568812370300293, -0.39029785990715027, 1.0389310121536255], [-0.08534084260463715, -0.9963241815567017, -0.007421203888952732, 0.026108618825674057], [-0.3883015215396881, 0.040117837488651276, -0.9206587076187134, 2.6301257610321045], [0.0, 0.0, 0.0, 1.0]]}, "frame3.png": {"intrinsics": [[2985.29, 0.0, 512.0], [0.0, 2985.29, 512.0], [0.0, 0.0, 1.0]], "pose": [[0.9408235549926758, -0.07374459505081177, -0.33077600598335266, 0.8995649218559265], [-0.10743603110313416, -0.990594744682312, -0.08473209291696548, 0.23625929653644562], [-0.321416437625885, 0.1152552142739296, -0.9398977160453796, 2.740908145904541], [0.0, 0.0, 0.0, 1.0]]}}