{"frame0.png": {"intrinsics": [[2985.29, 0.0, 512.0], [0.0, 2985.29, 512.0], [0.0, 0.0, 1.0]], "pose": [[0.9414477348327637, 0.11825241893529892, 0.31574124097824097, -0.875525176525116], [0.12202049046754837, -0.9924963116645813, 0.007883597165346146, -0.017612449824810028], [0.31430426239967346, 0.031104903668165207, -0.9488126039505005, 2.820858955383301], [0.0, 0.0, 0.0, 1.0]]}, "frame1.png": {"intrinsics": [[2985.29, 0.0, 512.0], [0.0, 2985.29, 512.0], [0.0, 0.0, 1.0]], "pose": [[0.9722881317138672, 0.23309560120105743, -0.017950575798749924, 0.04012800008058548], [0.22881720960140228, -0.964560866355896, -0.13139620423316956, 0.3517827093601227], [-0.047942303121089935, 0.12364757806062698, -0.9911673665046692, 2.7792630195617676], [0.0, 0.0, 0.0, 1.0]]}, "frame2.png": {"intrinsics": [[2985.29, 0.0, 512.0], [0.0, 2985.29, 512.0], [0.0, 0.0, 1.0]], "pose": [[0.9515706896781921, 0.12198416143655777, 0.28219348192214966, -0.7679410576820374], [0.15580996870994568, -0.9826480150222778, -0.10062843561172485, 0.28378719091415405], [0.26502180099487305, 0.13972362875938416, -0.9540653228759766, 2.7675867080688477], [0.0, 0.0, 0.0, 1.0]]}, "frame3.png": {"intrinsics": [[2985.29, 0.0, 512.0], [0.0, 2985.29, 512.0], [0.0, 0.0, 1.0]], "pose": [[0.9488362669944763, 0.0788646712899208, 0.3057614862918854, -0.827967643737793], [0.1226949393749237, -0.984302282333374, -0.12686602771282196, 0.3527281880378723], [0.2909564673900604, 0.1578904688358307, -0.9436179995536804, 2.7188174724578857], [0.0, 0.0, 0.0, 1.0]]}}