{"frame0.png": {"intrinsics": [[2985.29, 0.0, 512.0], [0.0, 2985.29, 512.0], [0.0, 0.0, 1.0]], "pose": [[0.8897609114646912, -0.07743775099515915, -0.44980987906455994, 1.1933573484420776], [-0.1598302125930786, -0.9759657979011536, -0.14813829958438873, 0.39472317695617676], [-0.4275275766849518, 0.20370087027549744, -0.8807531595230103, 2.5186076164245605], [0.0, 0.0, 0.0, 1.0]]}, "frame1.png": {"intrinsics": [[2985.29, 0.0, 512.0], [0.0, 2985.29, 512.0], [0.0, 0.0, 1.0]], "pose": [[0.9129656553268433, -0.028080187737941742, -0.4070691168308258, 1.0762498378753662], [-0.09781944751739502, -0.9835994243621826, -0.15153725445270538, 0.3962712287902832], [-0.3961377739906311, 0.17816758155822754, -0.9007392525672913, 2.5494086742401123], [0.0, 0.0, 0.0, 1.0]]}, "frame2.png": {"intrinsics": [[2985.29, 0.0, 512.0], [0.0, 2985.29, 512.0], [0.0, 0.0, 1.0]], "pose": [[0.9601448774337769, -0.048337671905756, -0.2752913236618042, 0.7477168440818787], [-0.08717983961105347, -0.9875876903533936, -0.1306528002023697, 0.35697808861732483], [-0.2655588686466217, 0.14944547414779663, -0.952441394329071, 2.745654582977295], [0.0, 0.0, 0.0, 1.0]]}, "frame3.png": {"intrinsics": [[2985.29, 0.0, 512.0], [0.0, 2985.29, 512.0], [0.0, 0.0, 1.0]], "pose": [[0.9520124197006226, -0.06680481135845184, -0.29867956042289734, 0.7962138056755066], [-0.10899622738361359, -0.9859088063240051, -0.12689954042434692, 0.3473615348339081], [-0.2859933078289032, 0.153364896774292, -0.9458789229393005, 2.6774742603302], [0.0, 0.0, 0.0, 1.0]]}}