{"w_std_temp": 8.882476604247264, "w_std_res_8": 8.886133421657588, "w_std_8": 10.843912603247732, "w_noise_scale_8": 0.0, "w_std_res_29": 8.879215988053225, "w_std_29": 10.841135740346811, "w_noise_scale_29": 0.0, "w_std_res_25": 8.884098769008594, "w_std_25": 10.843095682708652, "w_noise_scale_25": 0.0, "w_std_res_30": 8.926337434804939, "w_std_30": 10.860080369177753, "w_noise_scale_30": 0.0, "w_std_res_47": 8.923789308640137, "w_std_47": 10.859054207492013, "w_noise_scale_47": 0.0, "w_std_res_9": 8.892759080426051, "w_std_9": 10.846573699358936, "w_noise_scale_9": 0.0, "w_std_res_16": 8.906459646655343, "w_std_16": 10.852080542890151, "w_noise_scale_16": 0.0, "w_std_res_35": 8.885954067375096, "w_std_35": 10.84384058679742, "w_noise_scale_35": 0.0, "w_std_res_0": 8.931542157572789, "w_std_0": 10.862176983833628, "w_noise_scale_0": 0.0, "w_std_res_15": 8.893191303604123, "w_std_15": 10.846747341513261, "w_noise_scale_15": 0.0, "w_std_res_48": 8.910085139183575, "w_std_48": 10.853538733835846, "w_noise_scale_48": 0.0, "w_std_res_42": 8.887184417744463, "w_std_42": 10.844334631214124, "w_noise_scale_42": 0.0, "w_std_res_44": 8.917363241872566, "w_std_44": 10.856467222207922, "w_noise_scale_44": 0.0, "w_std_res_2": 8.934104687236433, "w_std_2": 10.863209546014705, "w_noise_scale_2": 0.0, "w_std_res_22": 8.899987710665673, "w_std_22": 10.849478486890511, "w_noise_scale_22": 0.0, "w_std_res_37": 8.93098495058076, "w_std_37": 10.861952485482295, "w_noise_scale_37": 0.0, "w_std_res_1": 8.876382374734654, "w_std_1": 10.839998663082252, "w_noise_scale_1": 0.0, "w_std_res_33": 8.885829220590502, "w_std_33": 10.843790457417324, "w_noise_scale_33": 0.0, "w_std_res_31": 8.891720165412314, "w_std_31": 10.8461563468355, "w_noise_scale_31": 0.0, "w_std_res_32": 8.935825892160164, "w_std_32": 10.863903210575378, "w_noise_scale_32": 0.0, "w_std_res_10": 8.88772019769412, "w_std_10": 10.844549786788063, "w_noise_scale_10": 0.0, "w_std_res_26": 8.892882072899651, "w_std_26": 10.846623110011015, "w_noise_scale_26": 0.0, "w_std_res_19": 8.904268200559775, "w_std_19": 10.851199325276216, "w_noise_scale_19": 0.0, "w_std_res_40": 8.869930330194258, "w_std_40": 10.837410484780255, "w_noise_scale_40": 0.0, "w_std_res_20": 8.901107287158155, "w_std_20": 10.84992852439015, "w_noise_scale_20": 0.0, "w_std_res_18": 8.905744722509175, "w_std_18": 10.851793043807323, "w_noise_scale_18": 0.0, "w_std_res_38": 8.947309738826526, "w_std_38": 10.868533612710824, "w_noise_scale_38": 0.0, "w_std_res_39": 8.905625855323139, "w_std_39": 10.851745244141608, "w_noise_scale_39": 0.0, "w_std_res_27": 8.912758586711524, "w_std_27": 10.854614262204347, "w_noise_scale_27": 0.0, "w_std_res_6": 8.913849389433278, "w_std_6": 10.85505315437815, "w_noise_scale_6": 0.0, "w_std_res_46": 8.884866434702325, "w_std_46": 10.843403888568616, "w_noise_scale_46": 0.0, "w_std_res_21": 8.912432503250725, "w_std_21": 10.854483067205457, "w_noise_scale_21": 0.0, "w_std_res_45": 8.911841227406377, "w_std_45": 10.854245184057019, "w_noise_scale_45": 0.0, "w_std_res_24": 8.892610169404707, "w_std_24": 10.846513876875372, "w_noise_scale_24": 0.0, "w_std_res_3": 8.858395117768229, "w_std_3": 10.832786392042676, "w_noise_scale_3": 0.0, "w_std_res_28": 8.940895334081482, "w_std_28": 10.86594677047288, "w_noise_scale_28": 0.0, "w_std_res_23": 8.905760074244084, "w_std_23": 10.851799217180531, "w_noise_scale_23": 0.0, "w_std_res_14": 8.912828710628293, "w_std_14": 10.85464247597543, "w_noise_scale_14": 0.0, "w_std_res_13": 8.849328187777871, "w_std_13": 10.829154593907596, "w_noise_scale_13": 0.0, "w_std_res_17": 8.899672132303527, "w_std_17": 10.84935164033432, "w_noise_scale_17": 0.0, "w_std_res_11": 8.910794454620754, "w_std_11": 10.853824070488935, "w_noise_scale_11": 0.0, "w_std_res_49": 8.924779846724512, "w_std_49": 10.85945308605019, "w_noise_scale_49": 0.0, "w_std_res_5": 8.874904488922683, "w_std_5": 10.839405711194456, "w_noise_scale_5": 0.0, "w_std_res_7": 8.943496677055345, "w_std_7": 10.866995707329831, "w_noise_scale_7": 0.0, "w_std_res_36": 8.890118724600926, "w_std_36": 10.845513080734124, "w_noise_scale_36": 0.0, "w_std_res_12": 8.9226143520271, "w_std_12": 10.858581104073865, "w_noise_scale_12": 0.0, "w_std_res_43": 8.878550786164373, "w_std_43": 10.84086878509398, "w_noise_scale_43": 0.0, "w_std_res_34": 8.878031612497221, "w_std_34": 10.840660442432693, "w_noise_scale_34": 0.0, "w_std_res_4": 8.925369390114898, "w_std_4": 10.85969050261102, "w_noise_scale_4": 0.0, "w_std_res_41": 8.89913356035294, "w_std_41": 10.849135168586018, "w_noise_scale_41": 0.0, "l2_loss": 896579.9375, "lpips_loss": 11.073129653930664, "noise_reg": 8.237034643775176e-13, "total_delta_reg": 24597.087890625, "total_loss": 17.583189010620117, "step": 199, "t": 0.995, "lr_ramp": 0.0009866357858642205, "lr": 9.866357858642205e-06, "_timestamp": 1678382364.15746, "_runtime": 1828.517462015152, "_step": 199, "_wandb": {"runtime": 1827}}