{"w_std_temp": 8.8825012313537, "w_std_res_8": 8.903525460456661, "w_std_8": 10.850920849460197, "w_noise_scale_8": 0.0, "w_std_res_29": 8.919542273850155, "w_std_29": 10.857364457765522, "w_noise_scale_29": 0.0, "w_std_res_25": 8.937466783155058, "w_std_25": 10.864584725151715, "w_noise_scale_25": 0.0, "w_std_res_30": 8.894481259466456, "w_std_30": 10.847285770816125, "w_noise_scale_30": 0.0, "w_std_res_47": 8.935880972237712, "w_std_47": 10.863945545357819, "w_noise_scale_47": 0.0, "w_std_res_9": 8.912784006695102, "w_std_9": 10.854644642386962, "w_noise_scale_9": 0.0, "w_std_res_16": 8.891735541360864, "w_std_16": 10.84618269182181, "w_noise_scale_16": 0.0, "w_std_res_35": 8.942344403874188, "w_std_35": 10.866551182844306, "w_noise_scale_35": 0.0, "w_std_res_0": 8.943108380199806, "w_std_0": 10.86685925187218, "w_noise_scale_0": 0.0, "w_std_res_15": 8.896917917880327, "w_std_15": 10.848264877821475, "w_noise_scale_15": 0.0, "w_std_res_48": 8.92616107643706, "w_std_48": 10.860029483874571, "w_noise_scale_48": 0.0, "w_std_res_42": 8.914074194777605, "w_std_42": 10.855163762583224, "w_noise_scale_42": 0.0, "w_std_res_44": 8.899610683198452, "w_std_44": 10.84934710377196, "w_noise_scale_44": 0.0, "w_std_res_2": 8.859837840643586, "w_std_2": 10.833384703804485, "w_noise_scale_2": 0.0, "w_std_res_22": 8.928877396543196, "w_std_22": 10.861123578646225, "w_noise_scale_22": 0.0, "w_std_res_37": 8.893572116984267, "w_std_37": 10.846920501921272, "w_noise_scale_37": 0.0, "w_std_res_1": 8.899513241604847, "w_std_1": 10.849307938038029, "w_noise_scale_1": 0.0, "w_std_res_33": 8.909602000791057, "w_std_33": 10.853364545297692, "w_noise_scale_33": 0.0, "w_std_res_31": 8.909310877531437, "w_std_31": 10.853247443881715, "w_noise_scale_31": 0.0, "w_std_res_32": 8.895500969591314, "w_std_32": 10.847695492591964, "w_noise_scale_32": 0.0, "w_std_res_10": 8.896949529895064, "w_std_10": 10.848277581458495, "w_noise_scale_10": 0.0, "w_std_res_26": 8.92459689215709, "w_std_26": 10.859399553929075, "w_noise_scale_26": 0.0, "w_std_res_19": 8.863615056792572, "w_std_19": 10.834898584839175, "w_noise_scale_19": 0.0, "w_std_res_40": 8.891345423359729, "w_std_40": 10.846025982329886, "w_noise_scale_40": 0.0, "w_std_res_20": 8.917137643324791, "w_std_20": 10.85639657356436, "w_noise_scale_20": 0.0, "w_std_res_18": 8.89115255464667, "w_std_18": 10.845948509120813, "w_noise_scale_18": 0.0, "w_std_res_38": 8.924079959581267, "w_std_38": 10.859191390534104, "w_noise_scale_38": 0.0, "w_std_res_39": 8.9532732317572, "w_std_39": 10.870959842195399, "w_noise_scale_39": 0.0, "w_std_res_27": 8.928877396543196, "w_std_27": 10.861123578646225, "w_noise_scale_27": 0.0, "w_std_res_6": 8.9027014860659, "w_std_6": 10.850589572115425, "w_noise_scale_6": 0.0, "w_std_res_46": 8.93748339159296, "w_std_46": 10.864591419779668, "w_noise_scale_46": 0.0, "w_std_res_21": 8.925921258475228, "w_std_21": 10.859932899338052, "w_noise_scale_21": 0.0, "w_std_res_45": 8.922112628183978, "w_std_45": 10.858399240334645, "w_noise_scale_45": 0.0, "w_std_res_24": 8.904261620145716, "w_std_24": 10.851216838447197, "w_noise_scale_24": 0.0, "w_std_res_3": 8.852209734721608, "w_std_3": 10.830328736787031, "w_noise_scale_3": 0.0, "w_std_res_28": 8.927026643149443, "w_std_28": 10.860378097556042, "w_noise_scale_28": 0.0, "w_std_res_23": 8.931008131784452, "w_std_23": 10.86198196405702, "w_noise_scale_23": 0.0, "w_std_res_14": 8.910302586753158, "w_std_14": 10.853646359490206, "w_noise_scale_14": 0.0, "w_std_res_13": 8.898747717375743, "w_std_13": 10.849000252759467, "w_noise_scale_13": 0.0, "w_std_res_17": 8.900157565318716, "w_std_17": 10.84956692324053, "w_noise_scale_17": 0.0, "w_std_res_11": 8.903663659556104, "w_std_11": 10.850976414158543, "w_noise_scale_11": 0.0, "w_std_res_49": 8.875031249944982, "w_std_49": 10.83947674806653, "w_noise_scale_49": 0.0, "w_std_res_5": 8.924518544437005, "w_std_5": 10.859368003594868, "w_noise_scale_5": 0.0, "w_std_res_7": 8.926858612496336, "w_std_7": 10.860310420143385, "w_noise_scale_7": 0.0, "w_std_res_36": 8.911601462419647, "w_std_36": 10.854168877958827, "w_noise_scale_36": 0.0, "w_std_res_12": 8.898393464553026, "w_std_12": 10.84885787479493, "w_noise_scale_12": 0.0, "w_std_res_43": 8.90542583906014, "w_std_43": 10.851684971411121, "w_noise_scale_43": 0.0, "w_std_res_34": 8.90868563187073, "w_std_34": 10.852995953738995, "w_noise_scale_34": 0.0, "w_std_res_4": 8.941768648455405, "w_std_4": 10.866319024427039, "w_noise_scale_4": 0.0, "w_std_res_41": 8.90774855813746, "w_std_41": 10.852619060335158, "w_noise_scale_41": 0.0, "l2_loss": 18.920095443725586, "lpips_loss": 8.514016151428223, "noise_reg": 4.4485368080188215e-13, "total_delta_reg": 36101.890625, "total_loss": 8.514016151428223, "step": 199, "t": 0.995, "lr_ramp": 0.0009866357858642205, "lr": 9.866357858642205e-06, "_timestamp": 1677764037.4069433, "_runtime": 1640.8437812328339, "_step": 199, "_wandb": {"runtime": 1639}}