{"frame0.png": {"intrinsics": [[2985.29, 0.0, 512.0], [0.0, 2985.29, 512.0], [0.0, 0.0, 1.0]], "pose": [[0.9855954051017761, 0.060717470943927765, 0.15784519910812378, -0.4223312735557556], [0.038520313799381256, -0.9893932342529297, 0.1400613635778427, -0.36465007066726685], [0.16467514634132385, -0.1319635808467865, -0.9774802923202515, 2.7345850467681885], [0.0, 0.0, 0.0, 1.0]]}, "frame1.png": {"intrinsics": [[2985.29, 0.0, 512.0], [0.0, 2985.29, 512.0], [0.0, 0.0, 1.0]], "pose": [[0.972792387008667, 0.07250520586967468, -0.22004066407680511, 0.5959122776985168], [0.058111075311899185, -0.9957674145698547, -0.07120644301176071, 0.19122418761253357], [-0.22427216172218323, 0.05648229271173477, -0.9728883504867554, 2.826000213623047], [0.0, 0.0, 0.0, 1.0]]}, "frame2.png": {"intrinsics": [[2985.29, 0.0, 512.0], [0.0, 2985.29, 512.0], [0.0, 0.0, 1.0]], "pose": [[0.9626728892326355, 0.1803935021162033, 0.2017897218465805, -0.565106987953186], [0.17638126015663147, -0.9835941195487976, 0.03784399852156639, -0.10593307763338089], [0.20530599355697632, -0.0008394643664360046, -0.9786974787712097, 2.875904083251953], [0.0, 0.0, 0.0, 1.0]]}}