{"frame0.png": {"intrinsics": [[2985.29, 0.0, 512.0], [0.0, 2985.29, 512.0], [0.0, 0.0, 1.0]], "pose": [[0.9518455266952515, -0.07297234237194061, 0.2977670133113861, -0.8020203709602356], [0.0055334195494651794, -0.9670124053955078, -0.25466933846473694, 0.691387414932251], [0.3065282106399536, 0.24405352771282196, -0.9200426340103149, 2.6222405433654785], [0.0, 0.0, 0.0, 1.0]]}, "frame1.png": {"intrinsics": [[2985.29, 0.0, 512.0], [0.0, 2985.29, 512.0], [0.0, 0.0, 1.0]], "pose": [[0.9806829690933228, -0.038717105984687805, 0.19173380732536316, -0.5246695280075073], [0.005090218037366867, -0.9748314619064331, -0.22288475930690765, 0.6173880100250244], [0.19553759694099426, 0.21955525875091553, -0.955803632736206, 2.7686426639556885], [0.0, 0.0, 0.0, 1.0]]}, "frame2.png": {"intrinsics": [[2985.29, 0.0, 512.0], [0.0, 2985.29, 512.0], [0.0, 0.0, 1.0]], "pose": [[0.9783098101615906, -0.05219210684299469, 0.2004644125699997, -0.5486469268798828], [-0.003803059458732605, -0.9721008539199829, -0.23453249037265778, 0.6520729064941406], [0.2071123719215393, 0.22868305444717407, -0.9512141942977905, 2.7488813400268555], [0.0, 0.0, 0.0, 1.0]]}, "frame3.png": {"intrinsics": [[2985.29, 0.0, 512.0], [0.0, 2985.29, 512.0], [0.0, 0.0, 1.0]], "pose": [[0.8913615345954895, -0.14780470728874207, 0.4285188317298889, -1.2067290544509888], [-0.07030527293682098, -0.9789851307868958, -0.19142962992191315, 0.5409445762634277], [0.44780775904655457, 0.1405058652162552, -0.8830211758613586, 2.6643729209899902], [0.0, 0.0, 0.0, 1.0]]}, "frame4.png": {"intrinsics": [[2985.29, 0.0, 512.0], [0.0, 2985.29, 512.0], [0.0, 0.0, 1.0]], "pose": [[0.880634069442749, -0.18212191760540009, 0.4373959004878998, -1.171264886856079], [-0.07338365167379379, -0.9644604325294495, -0.2538323998451233, 0.6852004528045654], [0.46807947754859924, 0.1914357841014862, -0.8627015352249146, 2.4763269424438477], [0.0, 0.0, 0.0, 1.0]]}}