{"w_std_temp": 8.882476604247264, "w_std_res_8": 8.90266419042637, "w_std_8": 10.85055441771871, "w_noise_scale_8": 0.0, "w_std_res_29": 8.901858127660764, "w_std_29": 10.850230361897852, "w_noise_scale_29": 0.0, "w_std_res_25": 8.858565328962698, "w_std_25": 10.832854594790563, "w_noise_scale_25": 0.0, "w_std_res_30": 8.875827426217795, "w_std_30": 10.83977600091441, "w_noise_scale_30": 0.0, "w_std_res_47": 8.894900663441947, "w_std_47": 10.847434118404454, "w_noise_scale_47": 0.0, "w_std_res_9": 8.886133421657588, "w_std_9": 10.843912603247732, "w_noise_scale_9": 0.0, "w_std_res_16": 8.894992446596007, "w_std_16": 10.847470997022763, "w_noise_scale_16": 0.0, "w_std_res_35": 8.93801571938649, "w_std_35": 10.864785864203675, "w_noise_scale_35": 0.0, "w_std_res_0": 8.9226143520271, "w_std_0": 10.858581104073865, "w_noise_scale_0": 0.0, "w_std_res_15": 8.901013372785146, "w_std_15": 10.849890772059643, "w_noise_scale_15": 0.0, "w_std_res_48": 8.917491151523505, "w_std_48": 10.85651870349676, "w_noise_scale_48": 0.0, "w_std_res_42": 8.87133286913528, "w_std_42": 10.837972992850185, "w_noise_scale_42": 0.0, "w_std_res_44": 8.904921392129186, "w_std_44": 10.85146196947674, "w_noise_scale_44": 0.0, "w_std_res_2": 8.906459646655343, "w_std_2": 10.852080542890151, "w_noise_scale_2": 0.0, "w_std_res_22": 8.877752214102397, "w_std_22": 10.840548324173922, "w_noise_scale_22": 0.0, "w_std_res_37": 8.908305026069774, "w_std_37": 10.852822713901439, "w_noise_scale_37": 0.0, "w_std_res_1": 8.911342842131033, "w_std_1": 10.854044681016381, "w_noise_scale_1": 0.0, "w_std_res_33": 8.905731563858188, "w_std_33": 10.851787752341778, "w_noise_scale_33": 0.0, "w_std_res_31": 8.896828349895259, "w_std_31": 10.848208719501805, "w_noise_scale_31": 0.0, "w_std_res_32": 8.904921392129186, "w_std_32": 10.85146196947674, "w_noise_scale_32": 0.0, "w_std_res_10": 8.890885870513692, "w_std_10": 10.845821217898855, "w_noise_scale_10": 0.0, "w_std_res_26": 8.916225991836455, "w_std_26": 10.856009521660111, "w_noise_scale_26": 0.0, "w_std_res_19": 8.889705246800931, "w_std_19": 10.845347007760978, "w_noise_scale_19": 0.0, "w_std_res_40": 8.907156971362973, "w_std_40": 10.852360979442446, "w_noise_scale_40": 0.0, "w_std_res_20": 8.872761601525198, "w_std_20": 10.838546067594814, "w_noise_scale_20": 0.0, "w_std_res_18": 8.891938501389896, "w_std_18": 10.846244053962874, "w_noise_scale_18": 0.0, "w_std_res_38": 8.908889959613376, "w_std_38": 10.853057982804893, "w_noise_scale_38": 0.0, "w_std_res_39": 8.896643942380745, "w_std_39": 10.8481346142724, "w_noise_scale_39": 0.0, "w_std_res_27": 8.90446429466703, "w_std_27": 10.851278172121015, "w_noise_scale_27": 0.0, "w_std_res_6": 8.922527230975538, "w_std_6": 10.858546025913185, "w_noise_scale_6": 0.0, "w_std_res_46": 8.915914055075902, "w_std_46": 10.855883985626182, "w_noise_scale_46": 0.0, "w_std_res_21": 8.899475493673771, "w_std_21": 10.849272603065378, "w_noise_scale_21": 0.0, "w_std_res_45": 8.916705704743205, "w_std_45": 10.85620258337371, "w_noise_scale_45": 0.0, "w_std_res_24": 8.909402512233916, "w_std_24": 10.853264147538749, "w_noise_scale_24": 0.0, "w_std_res_3": 8.906518417007849, "w_std_3": 10.852104177445266, "w_noise_scale_3": 0.0, "w_std_res_28": 8.900548613709157, "w_std_28": 10.849703949014, "w_noise_scale_28": 0.0, "w_std_res_23": 8.907320549693942, "w_std_23": 10.852426766338946, "w_noise_scale_23": 0.0, "w_std_res_14": 8.907377121661572, "w_std_14": 10.852449518282727, "w_noise_scale_14": 0.0, "w_std_res_13": 8.884815874569377, "w_std_13": 10.843383588910337, "w_noise_scale_13": 0.0, "w_std_res_17": 8.928144579082486, "w_std_17": 10.860808247144869, "w_noise_scale_17": 0.0, "w_std_res_11": 8.902616802800175, "w_std_11": 10.850535366256128, "w_noise_scale_11": 0.0, "w_std_res_49": 8.891543120431908, "w_std_49": 10.84608522765818, "w_noise_scale_49": 0.0, "w_std_res_5": 8.918071540417245, "w_std_5": 10.85675230559305, "w_noise_scale_5": 0.0, "w_std_res_7": 8.902101665477653, "w_std_7": 10.850328267643565, "w_noise_scale_7": 0.0, "w_std_res_36": 8.913647804771063, "w_std_36": 10.854972042657456, "w_noise_scale_36": 0.0, "w_std_res_12": 8.919441108471988, "w_std_12": 10.857303586612792, "w_noise_scale_12": 0.0, "w_std_res_43": 8.87803337245924, "w_std_43": 10.840661148685767, "w_noise_scale_43": 0.0, "w_std_res_34": 8.902616802800175, "w_std_34": 10.850535366256128, "w_noise_scale_34": 0.0, "w_std_res_4": 8.900846167640468, "w_std_4": 10.849823558473197, "w_noise_scale_4": 0.0, "w_std_res_41": 8.917559048024296, "w_std_41": 10.856546030794048, "w_noise_scale_41": 0.0, "l2_loss": 37.459327697753906, "lpips_loss": 12.621148109436035, "noise_reg": 5.164677279595464e-13, "total_delta_reg": 1647.096435546875, "total_loss": 14.268245697021484, "step": 199, "t": 0.995, "lr_ramp": 0.0009866357858642205, "lr": 9.866357858642205e-06, "_timestamp": 1677779284.6070068, "_runtime": 1706.5439388751984, "_step": 199, "_wandb": {"runtime": 1705}}