{"w_std_8": 8.918047887570463, "w_noise_scale_8": 0.04566040518436076, "w_std_29": 8.89291765254801, "w_noise_scale_29": 0.04553173838104579, "w_std_25": 8.895504921728726, "w_noise_scale_25": 0.04554498519925106, "w_std_30": 8.919508552184924, "w_noise_scale_30": 0.0456678837871868, "w_std_47": 8.87903165469073, "w_noise_scale_47": 0.04546064207201652, "w_std_9": 8.90691050182385, "w_noise_scale_9": 0.0456033817693381, "w_std_16": 8.892095330966713, "w_noise_scale_16": 0.04552752809454956, "w_std_35": 8.873615649074507, "w_noise_scale_35": 0.04543291212326146, "w_std_0": 8.910506439030275, "w_noise_scale_0": 0.045621792967834994, "w_std_15": 8.869930330194258, "w_noise_scale_15": 0.045414043290594584, "w_std_48": 8.859130177393263, "w_noise_scale_48": 0.04535874650825349, "w_std_42": 8.949227882197436, "w_noise_scale_42": 0.045820046756850856, "w_std_44": 8.914713522458252, "w_noise_scale_44": 0.04564333323498623, "w_std_2": 8.929116260162592, "w_noise_scale_2": 0.04571707525203246, "w_std_22": 8.886087264651412, "w_noise_scale_22": 0.045496766795015214, "w_std_37": 8.886104848301082, "w_noise_scale_37": 0.045496856823301526, "w_std_1": 8.859803450839076, "w_noise_scale_1": 0.04536219366829606, "w_std_33": 8.894992446596007, "w_noise_scale_33": 0.045542361326571544, "w_std_31": 8.87459726198885, "w_noise_scale_31": 0.045437937981382896, "w_std_32": 8.880929357336427, "w_noise_scale_32": 0.045470358309562496, "w_std_10": 8.913647804771063, "w_noise_scale_10": 0.045637876760427826, "w_std_26": 8.873615649074507, "w_noise_scale_26": 0.04543291212326146, "w_std_19": 8.879118322643302, "w_noise_scale_19": 0.04546108581193369, "w_std_40": 8.900846167640468, "w_noise_scale_40": 0.04557233237831918, "w_std_20": 8.930512565776949, "w_noise_scale_20": 0.04572422433677796, "w_std_18": 8.91091281449325, "w_noise_scale_18": 0.04562387361020542, "w_std_38": 8.888616754731864, "w_noise_scale_38": 0.045509717784227126, "w_std_39": 8.911671595441565, "w_noise_scale_39": 0.045627758568660796, "w_std_27": 8.889422260473399, "w_noise_scale_27": 0.04551384197362379, "w_std_6": 8.925916882175185, "w_noise_scale_6": 0.04570069443673693, "w_std_46": 8.924053258609565, "w_noise_scale_46": 0.04569115268408096, "w_std_21": 8.923773550186043, "w_noise_scale_21": 0.04568972057695253, "w_std_45": 8.925125174192237, "w_noise_scale_45": 0.04569664089186424, "w_std_24": 8.90724424274983, "w_noise_scale_24": 0.045605090522879116, "w_std_3": 8.922087672596588, "w_noise_scale_3": 0.045681088883694515, "w_std_28": 8.914128094631577, "w_noise_scale_28": 0.04564033584451366, "w_std_23": 8.892672545416254, "w_noise_scale_23": 0.0455304834325312, "w_std_14": 8.874927376463425, "w_noise_scale_14": 0.045439628167492724, "w_std_13": 8.925916882175185, "w_noise_scale_13": 0.04570069443673693, "w_std_17": 8.901639596164292, "w_noise_scale_17": 0.045576394732361164, "w_std_11": 8.9293988634454, "w_noise_scale_11": 0.04571852218084043, "w_std_49": 8.879828791986927, "w_noise_scale_49": 0.045464723414973054, "w_std_5": 8.869056548613274, "w_noise_scale_5": 0.04540956952889995, "w_std_7": 8.918937016259282, "w_noise_scale_7": 0.04566495752324751, "w_std_36": 8.884413581520167, "w_noise_scale_36": 0.04548819753738324, "w_std_12": 8.88650222950515, "w_noise_scale_12": 0.04549889141506635, "w_std_43": 8.88596505732495, "w_noise_scale_43": 0.045496141093503736, "w_std_34": 8.902395218422962, "w_noise_scale_34": 0.04558026351832555, "w_std_4": 8.886123750685673, "w_noise_scale_4": 0.04549695360351064, "w_std_41": 8.906437717319983, "w_noise_scale_41": 0.0456009611126783, "l2_loss": 24.263782501220703, "lpips_loss": 15.57030200958252, "noise_reg": 9.461321496928576e-06, "total_delta_reg": 3139.77880859375, "total_loss": 16.51643180847168, "step": 102, "t": 0.51, "lr_ramp": 1.0, "lr": 0.01, "_timestamp": 1677840698.886671, "_runtime": 1006.2976820468903, "_step": 102, "_wandb": {"runtime": 1009}}