{"frame0.png": {"intrinsics": [[2985.29, 0.0, 512.0], [0.0, 2985.29, 512.0], [0.0, 0.0, 1.0]], "pose": [[0.9852156639099121, -0.027747036889195442, -0.16905683279037476, 0.45125067234039307], [-0.035477057099342346, -0.9984502196311951, -0.0428762249648571, 0.12356404960155487], [-0.16760514676570892, 0.04823996126651764, -0.984673261642456, 2.8084609508514404], [0.0, 0.0, 0.0, 1.0]]}, "frame1.png": {"intrinsics": [[2985.29, 0.0, 512.0], [0.0, 2985.29, 512.0], [0.0, 0.0, 1.0]], "pose": [[0.9667857885360718, 0.14751943945884705, 0.20871825516223907, -0.5752530097961426], [0.15293578803539276, -0.9881858825683594, -0.009963332675397396, 0.03838663920760155], [0.2047826498746872, 0.04155289754271507, -0.9779250621795654, 2.8332865238189697], [0.0, 0.0, 0.0, 1.0]]}, "frame10.png": {"intrinsics": [[2985.29, 0.0, 512.0], [0.0, 2985.29, 512.0], [0.0, 0.0, 1.0]], "pose": [[0.9953483939170837, -0.07978136837482452, -0.0540042407810688, 0.1451020985841751], [-0.08475083112716675, -0.9916663765907288, -0.09703151136636734, 0.27371448278427124], [-0.045812882483005524, 0.10115706920623779, -0.9938150644302368, 2.9113821983337402], [0.0, 0.0, 0.0, 1.0]]}, "frame11.png": {"intrinsics": [[2985.29, 0.0, 512.0], [0.0, 2985.29, 512.0], [0.0, 0.0, 1.0]], "pose": [[0.9927524328231812, -0.08499115705490112, -0.08496519923210144, 0.21879306435585022], [-0.09551576524972916, -0.9870800375938416, -0.12864600121974945, 0.3540221154689789], [-0.07293368130922318, 0.1358291506767273, -0.9880440831184387, 2.766110420227051], [0.0, 0.0, 0.0, 1.0]]}, "frame12.png": {"intrinsics": [[2985.29, 0.0, 512.0], [0.0, 2985.29, 512.0], [0.0, 0.0, 1.0]], "pose": [[0.9281232357025146, -0.22266016900539398, -0.29834485054016113, 0.8160278797149658], [-0.22246447205543518, -0.974309504032135, 0.03507845848798752, -0.07838600128889084], [-0.2984907925128937, 0.033813998103141785, -0.9538132548332214, 2.771582841873169], [0.0, 0.0, 0.0, 1.0]]}, "frame13.png": {"intrinsics": [[2985.29, 0.0, 512.0], [0.0, 2985.29, 512.0], [0.0, 0.0, 1.0]], "pose": [[0.9948933720588684, 0.02566160261631012, -0.09761489182710648, 0.2573239207267761], [0.01902538351714611, -0.9974822402000427, -0.06831707805395126, 0.18525604903697968], [-0.09912224113941193, 0.06611105054616928, -0.9928766489028931, 2.7950339317321777], [0.0, 0.0, 0.0, 1.0]]}, "frame14.png": {"intrinsics": [[2985.29, 0.0, 512.0], [0.0, 2985.29, 512.0], [0.0, 0.0, 1.0]], "pose": [[0.9826228618621826, 0.030232436954975128, -0.18313480913639069, 0.48920688033103943], [0.03540326654911041, -0.9990596175193787, 0.025031017139554024, -0.05821650102734566], [-0.18220584094524384, -0.031079620122909546, -0.9827691316604614, 2.7953240871429443], [0.0, 0.0, 0.0, 1.0]]}, "frame15.png": {"intrinsics": [[2985.29, 0.0, 512.0], [0.0, 2985.29, 512.0], [0.0, 0.0, 1.0]], "pose": [[0.7677397727966309, 0.008818053640425205, -0.6407010555267334, 1.73996901512146], [0.005400140304118395, -0.9999587535858154, -0.007291682064533234, 0.02932964451611042], [-0.6407389640808105, 0.0021382388658821583, -0.7677558064460754, 2.26245379447937], [0.0, 0.0, 0.0, 1.0]]}, "frame2.png": {"intrinsics": [[2985.29, 0.0, 512.0], [0.0, 2985.29, 512.0], [0.0, 0.0, 1.0]], "pose": [[0.9840885400772095, 0.0914263054728508, 0.15235155820846558, -0.4176011085510254], [0.08947385102510452, -0.9957955479621887, 0.019636917859315872, -0.04219269007444382], [0.153506338596344, -0.005692984908819199, -0.9881312847137451, 2.7999889850616455], [0.0, 0.0, 0.0, 1.0]]}, "frame3.png": {"intrinsics": [[2985.29, 0.0, 512.0], [0.0, 2985.29, 512.0], [0.0, 0.0, 1.0]], "pose": [[0.9965740442276001, 0.0656905248761177, 0.05024893954396248, -0.14758865535259247], [0.06595659255981445, -0.9978157877922058, -0.003653449472039938, 0.01965758204460144], [0.04989918693900108, 0.006955181248486042, -0.9987300634384155, 2.869394540786743], [0.0, 0.0, 0.0, 1.0]]}, "frame4.png": {"intrinsics": [[2985.29, 0.0, 512.0], [0.0, 2985.29, 512.0], [0.0, 0.0, 1.0]], "pose": [[0.9993633031845093, 0.020592791959643364, 0.02913670986890793, -0.08118085563182831], [0.02124912291765213, -0.9995232224464417, -0.022398488596081734, 0.07116267085075378], [0.028661571443080902, 0.023003358393907547, -0.9993244409561157, 2.8020620346069336], [0.0, 0.0, 0.0, 1.0]]}, "frame5.png": {"intrinsics": [[2985.29, 0.0, 512.0], [0.0, 2985.29, 512.0], [0.0, 0.0, 1.0]], "pose": [[0.9971769452095032, 0.03600108623504639, 0.06589465588331223, -0.19305236637592316], [0.037729281932115555, -0.9989708662033081, -0.025172503665089607, 0.06806493550539017], [0.06492060422897339, 0.02758759818971157, -0.9975090026855469, 2.8760526180267334], [0.0, 0.0, 0.0, 1.0]]}, "frame6.png": {"intrinsics": [[2985.29, 0.0, 512.0], [0.0, 2985.29, 512.0], [0.0, 0.0, 1.0]], "pose": [[0.9992306232452393, 0.020634863525629044, 0.03335298225283623, -0.09317093342542648], [0.024385130032896996, -0.9929194450378418, -0.11625978350639343, 0.32281267642974854], [0.030717823654413223, 0.11698364466428757, -0.9926586747169495, 2.877990961074829], [0.0, 0.0, 0.0, 1.0]]}, "frame7.png": {"intrinsics": [[2985.29, 0.0, 512.0], [0.0, 2985.29, 512.0], [0.0, 0.0, 1.0]], "pose": [[0.9949713349342346, 0.038047000765800476, -0.09265235811471939, 0.24515625834465027], [0.027123792096972466, -0.9928293824195862, -0.11642216145992279, 0.32320326566696167], [-0.09641750156879425, 0.1133236289024353, -0.988868772983551, 2.831991672515869], [0.0, 0.0, 0.0, 1.0]]}, "frame8.png": {"intrinsics": [[2985.29, 0.0, 512.0], [0.0, 2985.29, 512.0], [0.0, 0.0, 1.0]], "pose": [[0.9923266768455505, 0.042147573083639145, -0.11623796075582504, 0.31020405888557434], [0.030552873387932777, -0.9945396184921265, -0.09978670626878738, 0.27638572454452515], [-0.11980902403593063, 0.09546960145235062, -0.9881960153579712, 2.829249382019043], [0.0, 0.0, 0.0, 1.0]]}, "frame9.png": {"intrinsics": [[2985.29, 0.0, 512.0], [0.0, 2985.29, 512.0], [0.0, 0.0, 1.0]], "pose": [[0.9753766655921936, 0.004706115927547216, -0.22049562633037567, 0.5605166554450989], [-0.010462060570716858, -0.9976595044136047, -0.06757299602031708, 0.19072364270687103], [-0.22029757499694824, 0.06821595877408981, -0.9730445146560669, 2.6667606830596924], [0.0, 0.0, 0.0, 1.0]]}}