{"w_std_temp": 8.882476604247264, "w_std_res_8": 8.90115643821071, "w_std_8": 10.849948282566833, "w_noise_scale_8": 0.0, "w_std_res_29": 8.90724424274983, "w_std_29": 10.85239607759503, "w_noise_scale_29": 0.0, "w_std_res_25": 8.915491258197722, "w_std_25": 10.855713839667569, "w_noise_scale_25": 0.0, "w_std_res_30": 8.919937289577769, "w_std_30": 10.85750332431448, "w_noise_scale_30": 0.0, "w_std_res_47": 8.918483703102227, "w_std_47": 10.856918204104929, "w_noise_scale_47": 0.0, "w_std_res_9": 8.899766938661934, "w_std_9": 10.84938974738326, "w_noise_scale_9": 0.0, "w_std_res_16": 8.858582526284891, "w_std_16": 10.83286148571789, "w_noise_scale_16": 0.0, "w_std_res_35": 8.88495436468303, "w_std_35": 10.843439192231633, "w_noise_scale_35": 0.0, "w_std_res_0": 8.855651444134418, "w_std_0": 10.83168713774544, "w_noise_scale_0": 0.0, "w_std_res_15": 8.91511839167041, "w_std_15": 10.855563791640442, "w_noise_scale_15": 0.0, "w_std_res_48": 8.887393635087848, "w_std_48": 10.844418646531956, "w_noise_scale_48": 0.0, "w_std_res_42": 8.920962847417313, "w_std_42": 10.857916186186463, "w_noise_scale_42": 0.0, "w_std_res_44": 8.919920648469917, "w_std_44": 10.857496625316076, "w_noise_scale_44": 0.0, "w_std_res_2": 8.918238860615922, "w_std_2": 10.85681965258473, "w_noise_scale_2": 0.0, "w_std_res_22": 8.91216645589051, "w_std_22": 10.85437602925083, "w_noise_scale_22": 0.0, "w_std_res_37": 8.879137679836933, "w_std_37": 10.841104313416368, "w_noise_scale_37": 0.0, "w_std_res_1": 8.904219944077077, "w_std_1": 10.851179922161691, "w_noise_scale_1": 0.0, "w_std_res_33": 8.903072678856441, "w_std_33": 10.850718646995231, "w_noise_scale_33": 0.0, "w_std_res_31": 8.90446429466703, "w_std_31": 10.851278172121015, "w_noise_scale_31": 0.0, "w_std_res_32": 8.922092050774863, "w_std_32": 10.858370809685264, "w_noise_scale_32": 0.0, "w_std_res_10": 8.881869260606125, "w_std_10": 10.842200671018084, "w_noise_scale_10": 0.0, "w_std_res_26": 8.932060407599135, "w_std_26": 10.862385794854186, "w_noise_scale_26": 0.0, "w_std_res_19": 8.909291147448263, "w_std_19": 10.853219352454827, "w_noise_scale_19": 0.0, "w_std_res_40": 8.916738998927803, "w_std_40": 10.8562159829634, "w_noise_scale_40": 0.0, "w_std_res_20": 8.911671595441565, "w_std_20": 10.854176939374538, "w_noise_scale_20": 0.0, "w_std_res_18": 8.900846167640468, "w_std_18": 10.849823558473197, "w_noise_scale_18": 0.0, "w_std_res_38": 8.913354622419103, "w_std_38": 10.85485407692107, "w_noise_scale_38": 0.0, "w_std_res_39": 8.895569912181006, "w_std_39": 10.847703029472415, "w_noise_scale_39": 0.0, "w_std_res_27": 8.90743237765519, "w_std_27": 10.85247174106549, "w_noise_scale_27": 0.0, "w_std_res_6": 8.910200001262599, "w_std_6": 10.853584938425875, "w_noise_scale_6": 0.0, "w_std_res_46": 8.869056548613274, "w_std_46": 10.837060072530049, "w_noise_scale_46": 0.0, "w_std_res_21": 8.920715007778243, "w_std_21": 10.85781640973451, "w_noise_scale_21": 0.0, "w_std_res_45": 8.93276491700638, "w_std_45": 10.862669665677265, "w_noise_scale_45": 0.0, "w_std_res_24": 8.928554964270534, "w_std_24": 10.860973555004174, "w_noise_scale_24": 0.0, "w_std_res_3": 8.942417790368554, "w_std_3": 10.866560644213743, "w_noise_scale_3": 0.0, "w_std_res_28": 8.877752214102397, "w_std_28": 10.840548324173922, "w_noise_scale_28": 0.0, "w_std_res_23": 8.942417790368554, "w_std_23": 10.866560644213743, "w_noise_scale_23": 0.0, "w_std_res_14": 8.88772019769412, "w_std_14": 10.844549786788063, "w_noise_scale_14": 0.0, "w_std_res_13": 8.917594091177284, "w_std_13": 10.856560135178638, "w_noise_scale_13": 0.0, "w_std_res_17": 8.926894056725441, "w_std_17": 10.860304553740654, "w_noise_scale_17": 0.0, "w_std_res_11": 8.919920648469917, "w_std_11": 10.857496625316076, "w_noise_scale_11": 0.0, "w_std_res_49": 8.934852754802398, "w_std_49": 10.863511014515518, "w_noise_scale_49": 0.0, "w_std_res_5": 8.892095330966713, "w_std_5": 10.84630705441949, "w_noise_scale_5": 0.0, "w_std_res_7": 8.879828791986927, "w_std_7": 10.84138167941476, "w_noise_scale_7": 0.0, "w_std_res_36": 8.898356589842868, "w_std_36": 10.848822891217276, "w_noise_scale_36": 0.0, "w_std_res_12": 8.86500934150664, "w_std_12": 10.835437325334405, "w_noise_scale_12": 0.0, "w_std_res_43": 8.908478230034577, "w_std_43": 10.852892378013799, "w_noise_scale_43": 0.0, "w_std_res_34": 8.880929357336427, "w_std_34": 10.841823402338742, "w_noise_scale_34": 0.0, "w_std_res_4": 8.927322876988375, "w_std_4": 10.860477271395581, "w_noise_scale_4": 0.0, "w_std_res_41": 8.922527230975538, "w_std_41": 10.858546025913185, "w_noise_scale_41": 0.0, "l2_loss": 447170.3125, "lpips_loss": 8.40292739868164, "noise_reg": 2.202245547380799e-13, "total_delta_reg": 36108.3828125, "total_loss": 9.299266815185547, "step": 199, "t": 0.995, "lr_ramp": 0.0009866357858642205, "lr": 9.866357858642205e-06, "_timestamp": 1678375083.0547576, "_runtime": 2012.1610305309296, "_step": 199, "_wandb": {"runtime": 2009}}