{"frame0.png": {"intrinsics": [[2985.29, 0.0, 512.0], [0.0, 2985.29, 512.0], [0.0, 0.0, 1.0]], "pose": [[0.9860880374908447, -0.1314142793416977, -0.10178711265325546, 0.26171791553497314], [-0.15565402805805206, -0.9448902606964111, -0.28801771998405457, 0.7448684573173523], [-0.05832800641655922, 0.29985442757606506, -0.952200174331665, 2.6128792762756348], [0.0, 0.0, 0.0, 1.0]]}, "frame1.png": {"intrinsics": [[2985.29, 0.0, 512.0], [0.0, 2985.29, 512.0], [0.0, 0.0, 1.0]], "pose": [[0.9829941391944885, -0.11245918273925781, -0.14517395198345184, 0.3829510807991028], [-0.15303269028663635, -0.938640296459198, -0.30908799171447754, 0.8135465383529663], [-0.10150633007287979, 0.32604801654815674, -0.9398878216743469, 2.6546363830566406], [0.0, 0.0, 0.0, 1.0]]}, "frame2.png": {"intrinsics": [[2985.29, 0.0, 512.0], [0.0, 2985.29, 512.0], [0.0, 0.0, 1.0]], "pose": [[0.9807042479515076, -0.12941202521324158, -0.14653229713439941, 0.37777620553970337], [-0.17049451172351837, -0.932922899723053, -0.3171536922454834, 0.8270639181137085], [-0.09565984457731247, 0.3360169231891632, -0.9369854927062988, 2.603809356689453], [0.0, 0.0, 0.0, 1.0]]}}