{"frame0.png": {"intrinsics": [[2985.29, 0.0, 512.0], [0.0, 2985.29, 512.0], [0.0, 0.0, 1.0]], "pose": [[0.8793323040008545, 0.1074695959687233, -0.46392348408699036, 1.2605774402618408], [0.1090681180357933, -0.9937570095062256, -0.023477034643292427, 0.05617893487215042], [-0.46355026960372925, -0.029955143108963966, -0.8855641484260559, 2.576484203338623], [0.0, 0.0, 0.0, 1.0]]}, "frame1.png": {"intrinsics": [[2985.29, 0.0, 512.0], [0.0, 2985.29, 512.0], [0.0, 0.0, 1.0]], "pose": [[0.8781160116195679, 0.11504492908716202, -0.46441027522087097, 1.2685306072235107], [0.11792126297950745, -0.9927574992179871, -0.022960670292377472, 0.0552096962928772], [-0.46368828415870667, -0.034601710736751556, -0.8853225111961365, 2.590543031692505], [0.0, 0.0, 0.0, 1.0]]}, "frame10.png": {"intrinsics": [[2985.29, 0.0, 512.0], [0.0, 2985.29, 512.0], [0.0, 0.0, 1.0]], "pose": [[0.9123628735542297, 0.13415013253688812, -0.38677871227264404, 1.0399070978164673], [0.09352146089076996, -0.9881010055541992, -0.12210698425769806, 0.3259674906730652], [-0.3985571265220642, 0.07523377239704132, -0.9140525460243225, 2.6360743045806885], [0.0, 0.0, 0.0, 1.0]]}, "frame11.png": {"intrinsics": [[2985.29, 0.0, 512.0], [0.0, 2985.29, 512.0], [0.0, 0.0, 1.0]], "pose": [[0.953252375125885, 0.1323460042476654, -0.2716514766216278, 0.7544328570365906], [0.07860507071018219, -0.9766423106193542, -0.19997769594192505, 0.5474504828453064], [-0.2917725741863251, 0.16927601397037506, -0.9413896203041077, 2.784109115600586], [0.0, 0.0, 0.0, 1.0]]}, "frame12.png": {"intrinsics": [[2985.29, 0.0, 512.0], [0.0, 2985.29, 512.0], [0.0, 0.0, 1.0]], "pose": [[0.9905098080635071, 0.08429308235645294, -0.10855910181999207, 0.30865150690078735], [0.05085868760943413, -0.9585748314857483, -0.28026390075683594, 0.784989058971405], [-0.12768632173538208, 0.27208295464515686, -0.9537647366523743, 2.8628175258636475], [0.0, 0.0, 0.0, 1.0]]}, "frame13.png": {"intrinsics": [[2985.29, 0.0, 512.0], [0.0, 2985.29, 512.0], [0.0, 0.0, 1.0]], "pose": [[0.9992210865020752, 0.0229533351957798, 0.03209887817502022, -0.08637338131666183], [0.031797684729099274, -0.950046718120575, -0.3104836940765381, 0.858771562576294], [0.023368796333670616, 0.3112625181674957, -0.9500366449356079, 2.791114568710327], [0.0, 0.0, 0.0, 1.0]]}, "frame14.png": {"intrinsics": [[2985.29, 0.0, 512.0], [0.0, 2985.29, 512.0], [0.0, 0.0, 1.0]], "pose": [[0.9936410784721375, -0.011309228837490082, 0.11202428489923477, -0.2972524166107178], [0.02642720565199852, -0.9437234401702881, -0.3296780288219452, 0.8787913918495178], [0.10944835096597672, 0.33054211735725403, -0.9374235272407532, 2.666074752807617], [0.0, 0.0, 0.0, 1.0]]}, "frame15.png": {"intrinsics": [[2985.29, 0.0, 512.0], [0.0, 2985.29, 512.0], [0.0, 0.0, 1.0]], "pose": [[0.9884883165359497, -0.02720249816775322, 0.14883194863796234, -0.40468814969062805], [0.0260003749281168, -0.9385278820991516, -0.34422293305397034, 0.937971830368042], [0.1490466594696045, 0.3441300094127655, -0.9270164966583252, 2.6933915615081787], [0.0, 0.0, 0.0, 1.0]]}, "frame16.png": {"intrinsics": [[2985.29, 0.0, 512.0], [0.0, 2985.29, 512.0], [0.0, 0.0, 1.0]], "pose": [[0.987267017364502, -0.02456004172563553, 0.15716403722763062, -0.4187917411327362], [0.02803768590092659, -0.9456735253334045, -0.3239065706729889, 0.8668283820152283], [0.15658102929592133, 0.32418879866600037, -0.9329437017440796, 2.6621572971343994], [0.0, 0.0, 0.0, 1.0]]}, "frame17.png": {"intrinsics": [[2985.29, 0.0, 512.0], [0.0, 2985.29, 512.0], [0.0, 0.0, 1.0]], "pose": [[0.9886119961738586, -0.015969078987836838, 0.14963749051094055, -0.39821764826774597], [0.03244579955935478, -0.9483486413955688, -0.31556639075279236, 0.8413807153701782], [0.14694781601428986, 0.31682780385017395, -0.9370306730270386, 2.6686880588531494], [0.0, 0.0, 0.0, 1.0]]}, "frame18.png": {"intrinsics": [[2985.29, 0.0, 512.0], [0.0, 2985.29, 512.0], [0.0, 0.0, 1.0]], "pose": [[0.9928519129753113, 0.0034096750896424055, 0.11930404603481293, -0.3270132541656494], [0.03822600468993187, -0.9560214281082153, -0.29079511761665344, 0.7919657826423645], [0.11306571215391159, 0.2932770252227783, -0.9493180513381958, 2.754774808883667], [0.0, 0.0, 0.0, 1.0]]}, "frame19.png": {"intrinsics": [[2985.29, 0.0, 512.0], [0.0, 2985.29, 512.0], [0.0, 0.0, 1.0]], "pose": [[0.9960975050926208, 0.032769761979579926, 0.08195062726736069, -0.2248377948999405], [0.055110394954681396, -0.956192672252655, -0.2875038683414459, 0.777301013469696], [0.06893914937973022, 0.2908982038497925, -0.9542670845985413, 2.759550094604492], [0.0, 0.0, 0.0, 1.0]]}, "frame2.png": {"intrinsics": [[2985.29, 0.0, 512.0], [0.0, 2985.29, 512.0], [0.0, 0.0, 1.0]], "pose": [[0.8783261179924011, 0.11330248415470123, -0.46444132924079895, 1.2524441480636597], [0.11520642042160034, -0.9930421710014343, -0.024384882301092148, 0.06080911308526993], [-0.46397271752357483, -0.0320887416601181, -0.8852681517601013, 2.558378219604492], [0.0, 0.0, 0.0, 1.0]]}, "frame20.png": {"intrinsics": [[2985.29, 0.0, 512.0], [0.0, 2985.29, 512.0], [0.0, 0.0, 1.0]], "pose": [[0.9977917075157166, 0.06562821567058563, 0.010231527499854565, -0.028961703181266785], [0.0659966841340065, -0.9622012972831726, -0.2642218768596649, 0.7200012803077698], [-0.007495620287954807, 0.26431363821029663, -0.9644076824188232, 2.801459789276123], [0.0, 0.0, 0.0, 1.0]]}, "frame21.png": {"intrinsics": [[2985.29, 0.0, 512.0], [0.0, 2985.29, 512.0], [0.0, 0.0, 1.0]], "pose": [[0.9853344559669495, 0.10981570184230804, -0.13060085475444794, 0.3679756224155426], [0.07968318462371826, -0.9729337692260742, -0.2169114202260971, 0.6008418798446655], [-0.15088626742362976, 0.2033236026763916, -0.9674155712127686, 2.8901631832122803], [0.0, 0.0, 0.0, 1.0]]}, "frame22.png": {"intrinsics": [[2985.29, 0.0, 512.0], [0.0, 2985.29, 512.0], [0.0, 0.0, 1.0]], "pose": [[0.9449643492698669, 0.14063923060894012, -0.29540324211120605, 0.8237974643707275], [0.09513324499130249, -0.9819958209991455, -0.1631992906332016, 0.4479016065597534], [-0.3130369484424591, 0.1261148303747177, -0.9413304328918457, 2.810702085494995], [0.0, 0.0, 0.0, 1.0]]}, "frame23.png": {"intrinsics": [[2985.29, 0.0, 512.0], [0.0, 2985.29, 512.0], [0.0, 0.0, 1.0]], "pose": [[0.9026087522506714, 0.15774980187416077, -0.4005151689052582, 1.0843837261199951], [0.11698178946971893, -0.9853060841560364, -0.12444735318422318, 0.3341060280799866], [-0.4142615795135498, 0.06547429412603378, -0.9077997207641602, 2.6293532848358154], [0.0, 0.0, 0.0, 1.0]]}, "frame24.png": {"intrinsics": [[2985.29, 0.0, 512.0], [0.0, 2985.29, 512.0], [0.0, 0.0, 1.0]], "pose": [[0.8855789303779602, 0.15845641493797302, -0.4366251230239868, 1.1910585165023804], [0.12132027745246887, -0.9862892627716064, -0.11186981201171875, 0.30133020877838135], [-0.448365181684494, 0.04609806835651398, -0.8926609754562378, 2.609748601913452], [0.0, 0.0, 0.0, 1.0]]}, "frame25.png": {"intrinsics": [[2985.29, 0.0, 512.0], [0.0, 2985.29, 512.0], [0.0, 0.0, 1.0]], "pose": [[0.8839941620826721, 0.14882856607437134, -0.44317546486854553, 1.1898900270462036], [0.1184622272849083, -0.9883443713188171, -0.09561441838741302, 0.25328075885772705], [-0.45224010944366455, 0.032023027539253235, -0.8913211822509766, 2.5660958290100098], [0.0, 0.0, 0.0, 1.0]]}, "frame26.png": {"intrinsics": [[2985.29, 0.0, 512.0], [0.0, 2985.29, 512.0], [0.0, 0.0, 1.0]], "pose": [[0.8881163001060486, 0.1392904371023178, -0.43800410628318787, 1.1717426776885986], [0.10673362016677856, -0.989423394203186, -0.09823045879602432, 0.2598014175891876], [-0.44705405831336975, 0.04049031436443329, -0.8935900330543518, 2.5577504634857178], [0.0, 0.0, 0.0, 1.0]]}, "frame27.png": {"intrinsics": [[2985.29, 0.0, 512.0], [0.0, 2985.29, 512.0], [0.0, 0.0, 1.0]],