{"step": 99, "c_loss": 0.658203125, "i_loss": 0.22451984882354736, "l2_loss": 219.79714965820312, "total_loss": 0.703125, "_timestamp": 1678374621.8636549, "_runtime": 92.92095279693604, "_step": 99, "_wandb": {"runtime": 90}}