{"w_std_temp": 8.882476604247264, "w_std_res_8": 8.893532586942042, "w_std_8": 12.56953907269475, "w_noise_scale_8": 0.0, "w_std_res_29": 8.87133286913528, "w_std_29": 12.553841543527623, "w_noise_scale_29": 0.0, "w_std_res_25": 8.91216645589051, "w_std_25": 12.582730290461607, "w_noise_scale_25": 0.0, "w_std_res_30": 8.869930330194258, "w_std_30": 12.552850460652355, "w_noise_scale_30": 0.0, "w_std_res_47": 8.966758054057218, "w_std_47": 12.621455566811619, "w_noise_scale_47": 0.0, "w_std_res_9": 8.871268141449676, "w_std_9": 12.553795802963341, "w_noise_scale_9": 0.0, "w_std_res_16": 8.933306708604603, "w_std_16": 12.597712465959843, "w_noise_scale_16": 0.0, "w_std_res_35": 8.90580305896105, "w_std_35": 12.5782239902937, "w_noise_scale_35": 0.0, "w_std_res_0": 8.87369708746022, "w_std_0": 12.555512360114978, "w_noise_scale_0": 0.0, "w_std_res_15": 8.932587810931388, "w_std_15": 12.59720269047855, "w_noise_scale_15": 0.0, "w_std_res_48": 8.910800153465457, "w_std_48": 12.58176259512156, "w_noise_scale_48": 0.0, "w_std_res_42": 8.922497460772965, "w_std_42": 12.590049704528573, "w_noise_scale_42": 0.0, "w_std_res_44": 8.92735963205247, "w_std_44": 12.593495965179805, "w_noise_scale_44": 0.0, "w_std_res_2": 8.874904488922683, "w_std_2": 12.556365728685192, "w_noise_scale_2": 0.0, "w_std_res_22": 8.910506439030275, "w_std_22": 12.581554579025598, "w_noise_scale_22": 0.0, "w_std_res_37": 8.899507974461285, "w_std_37": 12.573767645876872, "w_noise_scale_37": 0.0, "w_std_res_1": 8.903841779675782, "w_std_1": 12.576835415258483, "w_noise_scale_1": 0.0, "w_std_res_33": 8.903072678856441, "w_std_33": 12.576290937712917, "w_noise_scale_33": 0.0, "w_std_res_31": 8.868010892387312, "w_std_31": 12.551494246204316, "w_noise_scale_31": 0.0, "w_std_res_32": 8.908558911238114, "w_std_32": 12.580175376361016, "w_noise_scale_32": 0.0, "w_std_res_10": 8.948587964729407, "w_std_10": 12.60855333444325, "w_noise_scale_10": 0.0, "w_std_res_26": 8.895117164770793, "w_std_26": 12.570660284965147, "w_noise_scale_26": 0.0, "w_std_res_19": 8.88596505732495, "w_std_19": 12.564185832158008, "w_noise_scale_19": 0.0, "w_std_res_40": 8.890634995600708, "w_std_40": 12.567489059076202, "w_noise_scale_40": 0.0, "w_std_res_20": 8.895318291101225, "w_std_20": 12.570802604647008, "w_noise_scale_20": 0.0, "w_std_res_18": 8.920358999922593, "w_std_18": 12.58853427975235, "w_noise_scale_18": 0.0, "w_std_res_38": 8.898850873848826, "w_std_38": 12.573302569333167, "w_noise_scale_38": 0.0, "w_std_res_39": 8.91391556079594, "w_std_39": 12.58396921682503, "w_noise_scale_39": 0.0, "w_std_res_27": 8.907406942399119, "w_std_27": 12.579359644373795, "w_noise_scale_27": 0.0, "w_std_res_6": 8.834624709063764, "w_std_6": 12.527928175680128, "w_noise_scale_6": 0.0, "w_std_res_46": 8.901639596164292, "w_std_46": 12.575276463163743, "w_noise_scale_46": 0.0, "w_std_res_21": 8.924723822757766, "w_std_21": 12.591627612723464, "w_noise_scale_21": 0.0, "w_std_res_45": 8.903841779675782, "w_std_45": 12.576835415258483, "w_noise_scale_45": 0.0, "w_std_res_24": 8.858039251154851, "w_std_24": 12.544450964470306, "w_noise_scale_24": 0.0, "w_std_res_3": 8.93045701518125, "w_std_3": 12.595691847810505, "w_noise_scale_3": 0.0, "w_std_res_28": 8.931519415110735, "w_std_28": 12.596445121045065, "w_noise_scale_28": 0.0, "w_std_res_23": 8.909648035977627, "w_std_23": 12.580946655558158, "w_noise_scale_23": 0.0, "w_std_res_14": 8.899672132303527, "w_std_14": 12.573883834659043, "w_noise_scale_14": 0.0, "w_std_res_13": 8.881110572445317, "w_std_13": 12.560752987978068, "w_noise_scale_13": 0.0, "w_std_res_17": 8.883231657876541, "w_std_17": 12.562252796075233, "w_noise_scale_17": 0.0, "w_std_res_11": 8.909291147448263, "w_std_11": 12.580693914685309, "w_noise_scale_11": 0.0, "w_std_res_49": 8.904219944077077, "w_std_49": 12.577103141721468, "w_noise_scale_49": 0.0, "w_std_res_5": 8.893236545262923, "w_std_5": 12.569329611200432, "w_noise_scale_5": 0.0, "w_std_res_7": 8.914621942348425, "w_std_7": 12.58446959549746, "w_noise_scale_7": 0.0, "w_std_res_36": 8.920034070142332, "w_std_36": 12.588304033407358, "w_noise_scale_36": 0.0, "w_std_res_12": 8.878550786164373, "w_std_12": 12.55894321539436, "w_noise_scale_12": 0.0, "w_std_res_43": 8.896919235049848, "w_std_43": 12.571935511288626, "w_noise_scale_43": 0.0, "w_std_res_34": 8.89593481597072, "w_std_34": 12.571238875902408, "w_noise_scale_34": 0.0, "w_std_res_4": 8.88633607005722, "w_std_4": 12.564448232015604, "w_noise_scale_4": 0.0, "w_std_res_41": 8.898421998450063, "w_std_41": 12.572999033146388, "w_noise_scale_41": 0.0, "l2_loss": 37.47059631347656, "lpips_loss": 13.426533699035645, "noise_reg": 1.8319709898378944e-13, "total_delta_reg": 29980.82421875, "total_loss": 13.426533699035645, "step": 199, "t": 0.995, "lr_ramp": 0.0009866357858642205, "lr": 9.866357858642205e-06, "_timestamp": 1677827510.423424, "_runtime": 2241.8060500621796, "_step": 199, "_wandb": {"runtime": 2239}}