{"frame0.png": {"intrinsics": [[2985.29, 0.0, 512.0], [0.0, 2985.29, 512.0], [0.0, 0.0, 1.0]], "pose": [[0.9961313009262085, 0.08662950992584229, -0.014756988734006882, 0.035550620406866074], [0.08361805975437164, -0.9860361218452454, -0.14401692152023315, 0.4054122865200043], [-0.027027038857340813, 0.14222581684589386, -0.9894651770591736, 2.938123941421509], [0.0, 0.0, 0.0, 1.0]]}, "frame1.png": {"intrinsics": [[2985.29, 0.0, 512.0], [0.0, 2985.29, 512.0], [0.0, 0.0, 1.0]], "pose": [[0.9943482279777527, -0.02020728588104248, -0.10422695428133011, 0.29056328535079956], [-0.02901041880249977, -0.9960728883743286, -0.08364945650100708, 0.24134865403175354], [-0.102127306163311, 0.08620036393404007, -0.9910295009613037, 2.9696643352508545], [0.0, 0.0, 0.0, 1.0]]}}