{"w_std_8": 8.909495022867457, "w_noise_scale_8": 0.0, "w_std_29": 8.890230768939578, "w_noise_scale_29": 0.0, "w_std_25": 8.884098769008594, "w_noise_scale_25": 0.0, "w_std_30": 8.902679547473333, "w_noise_scale_30": 0.0, "w_std_47": 8.879605759125797, "w_noise_scale_47": 0.0, "w_std_9": 8.919937289577769, "w_noise_scale_9": 0.0, "w_std_16": 8.911287610384932, "w_noise_scale_16": 0.0, "w_std_35": 8.946908072764579, "w_noise_scale_35": 0.0, "w_std_0": 8.874054527103155, "w_noise_scale_0": 0.0, "w_std_15": 8.884413581520167, "w_noise_scale_15": 0.0, "w_std_48": 8.894853234455304, "w_noise_scale_48": 0.0, "w_std_42": 8.899375416988542, "w_noise_scale_42": 0.0, "w_std_44": 8.88650222950515, "w_noise_scale_44": 0.0, "w_std_2": 8.93237571631982, "w_noise_scale_2": 0.0, "w_std_22": 8.93464158836268, "w_noise_scale_22": 0.0, "w_std_37": 8.910800153465457, "w_noise_scale_37": 0.0, "w_std_1": 8.920286745671353, "w_noise_scale_1": 0.0, "w_std_33": 8.896916161653992, "w_noise_scale_33": 0.0, "w_std_31": 8.908950029324442, "w_noise_scale_31": 0.0, "w_std_32": 8.858565328962698, "w_noise_scale_32": 0.0, "w_std_10": 8.873627094514395, "w_noise_scale_10": 0.0, "w_std_26": 8.927734612571097, "w_noise_scale_26": 0.0, "w_std_19": 8.911388429981043, "w_noise_scale_19": 0.0, "w_std_40": 8.924779846724512, "w_noise_scale_40": 0.0, "w_std_20": 8.896665017718718, "w_noise_scale_20": 0.0, "w_std_18": 8.922533797918616, "w_noise_scale_18": 0.0, "w_std_38": 8.916827052685276, "w_noise_scale_38": 0.0, "w_std_39": 8.875002640844677, "w_noise_scale_39": 0.0, "w_std_27": 8.88731276174075, "w_noise_scale_27": 0.0, "w_std_6": 8.924220904370308, "w_noise_scale_6": 0.0, "w_std_46": 8.926824043297819, "w_noise_scale_46": 0.0, "w_std_21": 8.875527713184157, "w_noise_scale_21": 0.0, "w_std_45": 8.916130484268386, "w_noise_scale_45": 0.0, "w_std_24": 8.85863014946442, "w_noise_scale_24": 0.0, "w_std_3": 8.90580305896105, "w_noise_scale_3": 0.0, "w_std_28": 8.924238850596728, "w_noise_scale_28": 0.0, "w_std_23": 8.886087264651412, "w_noise_scale_23": 0.0, "w_std_14": 8.911331445132092, "w_noise_scale_14": 0.0, "w_std_13": 8.908647484326675, "w_noise_scale_13": 0.0, "w_std_17": 8.902800647829872, "w_noise_scale_17": 0.0, "w_std_11": 8.93521080822943, "w_noise_scale_11": 0.0, "w_std_49": 8.924220904370308, "w_noise_scale_49": 0.0, "w_std_5": 8.905910958458994, "w_noise_scale_5": 0.0, "w_std_7": 8.903071362597291, "w_noise_scale_7": 0.0, "w_std_36": 8.890118724600926, "w_noise_scale_36": 0.0, "w_std_12": 8.908831643375017, "w_noise_scale_12": 0.0, "w_std_43": 8.892253036351361, "w_noise_scale_43": 0.0, "w_std_34": 8.917363241872566, "w_noise_scale_34": 0.0, "w_std_4": 8.87903165469073, "w_noise_scale_4": 0.0, "w_std_41": 8.903072678856441, "w_noise_scale_41": 0.0, "l2_loss": 447479.90625, "lpips_loss": 11.931990623474121, "noise_reg": 4.538012327026664e-12, "total_delta_reg": 3913.755615234375, "total_loss": 11.931992530822754, "step": 199, "t": 0.995, "lr_ramp": 0.0009866357858642205, "lr": 9.866357858642205e-06, "_timestamp": 1677855440.3522813, "_runtime": 1837.4817543029785, "_step": 199, "_wandb": {"runtime": 1836}}