{"step": 34, "c_loss": 0.771484375, "i_loss": 0.08287513256072998, "l2_loss": 1.6954843997955322, "total_loss": 0.78564453125, "_timestamp": 1678027780.7330227, "_runtime": 41.983906745910645, "_step": 134, "_wandb": {"runtime": 41}}