{"step": 99, "c_loss": 0.78173828125, "i_loss": 0.08807885646820068, "l2_loss": 0.3588539958000183, "total_loss": 0.79345703125, "_timestamp": 1678029283.7311318, "_runtime": 1183.353798866272, "_step": 4999, "_wandb": {"runtime": 1182}}