{"frame0.png": {"intrinsics": [[2985.29, 0.0, 512.0], [0.0, 2985.29, 512.0], [0.0, 0.0, 1.0]], "pose": [[0.9159915447235107, 0.08614610135555267, 0.39183974266052246, -1.0614304542541504], [0.2091604322195053, -0.9359838962554932, -0.2831714451313019, 0.7712775468826294], [0.34236156940460205, 0.34134000539779663, -0.8753716945648193, 2.5368812084198], [0.0, 0.0, 0.0, 1.0]]}, "frame1.png": {"intrinsics": [[2985.29, 0.0, 512.0], [0.0, 2985.29, 512.0], [0.0, 0.0, 1.0]], "pose": [[0.9129399657249451, 0.08318275958299637, 0.39952629804611206, -1.0971503257751465], [0.20277279615402222, -0.9420636892318726, -0.26720625162124634, 0.7391184568405151], [0.35415226221084595, 0.3249562978744507, -0.8769148588180542, 2.5815775394439697], [0.0, 0.0, 0.0, 1.0]]}, "frame2.png": {"intrinsics": [[2985.29, 0.0, 512.0], [0.0, 2985.29, 512.0], [0.0, 0.0, 1.0]], "pose": [[0.9080102443695068, 0.0885874405503273, 0.40947484970092773, -1.1524269580841064], [0.22843711078166962, -0.9240010976791382, -0.3066570460796356, 0.8695762753486633], [0.3511892557144165, 0.371986985206604, -0.8592391014099121, 2.5900535583496094], [0.0, 0.0, 0.0, 1.0]]}, "frame3.png": {"intrinsics": [[2985.29, 0.0, 512.0], [0.0, 2985.29, 512.0], [0.0, 0.0, 1.0]], "pose": [[0.9206811189651489, 0.07663587480783463, 0.38271820545196533, -1.0838006734848022], [0.1892334222793579, -0.9452300071716309, -0.2659531235694885, 0.7605400681495667], [0.3413751721382141, 0.3172810971736908, -0.8847574591636658, 2.67390775680542], [0.0, 0.0, 0.0, 1.0]]}, "frame4.png": {"intrinsics": [[2985.29, 0.0, 512.0], [0.0, 2985.29, 512.0], [0.0, 0.0, 1.0]], "pose": [[0.8978631496429443, 0.07290143519639969, 0.43419715762138367, -1.243340015411377], [0.20220796763896942, -0.944311797618866, -0.25959035754203796, 0.7509480118751526], [0.391092985868454, 0.32087475061416626, -0.862604022026062, 2.648494005203247], [0.0, 0.0, 0.0, 1.0]]}, "frame5.png": {"intrinsics": [[2985.29, 0.0, 512.0], [0.0, 2985.29, 512.0], [0.0, 0.0, 1.0]], "pose": [[0.9176482558250427, 0.07248642295598984, 0.39072680473327637, -1.0720735788345337], [0.1751367449760437, -0.9563565254211426, -0.23390017449855804, 0.6566452980041504], [0.3567195534706116, 0.2830687165260315, -0.8902939558029175, 2.6239540576934814], [0.0, 0.0, 0.0, 1.0]]}}