{"frame0.png": {"intrinsics": [[2985.29, 0.0, 512.0], [0.0, 2985.29, 512.0], [0.0, 0.0, 1.0]], "pose": [[0.9950960278511047, -0.046018172055482864, -0.08755712956190109, 0.2321554720401764], [-0.0705501064658165, -0.9506385326385498, -0.30217400193214417, 0.8056915998458862], [-0.06932967901229858, 0.3068693280220032, -0.9492231607437134, 2.687703847885132], [0.0, 0.0, 0.0, 1.0]]}, "frame1.png": {"intrinsics": [[2985.29, 0.0, 512.0], [0.0, 2985.29, 512.0], [0.0, 0.0, 1.0]], "pose": [[0.9933055639266968, -0.027541227638721466, -0.11218534409999847, 0.2877659797668457], [-0.05773582682013512, -0.959525465965271, -0.2756403386592865, 0.7188214659690857], [-0.10005322098731995, 0.2802721858024597, -0.954692006111145, 2.6399662494659424], [0.0, 0.0, 0.0, 1.0]]}, "frame2.png": {"intrinsics": [[2985.29, 0.0, 512.0], [0.0, 2985.29, 512.0], [0.0, 0.0, 1.0]], "pose": [[0.9950829148292542, -0.04876533895730972, -0.08620844781398773, 0.22347398102283478], [-0.07256786525249481, -0.951334536075592, -0.2994937598705292, 0.7869035601615906], [-0.06740815937519073, 0.30427709221839905, -0.9501955509185791, 2.6441915035247803], [0.0, 0.0, 0.0, 1.0]]}}