{"w_std_temp": 8.882476604247264, "w_std_res_8": 8.879166275613944, "w_std_8": 10.841115789553214, "w_noise_scale_8": 0.0, "w_std_res_29": 8.898620416249925, "w_std_29": 10.84892892538821, "w_noise_scale_29": 0.0, "w_std_res_25": 8.899407898141314, "w_std_25": 10.849245433871197, "w_noise_scale_25": 0.0, "w_std_res_30": 8.914621942348425, "w_std_30": 10.85536401825153, "w_noise_scale_30": 0.0, "w_std_res_47": 8.853437715091241, "w_std_47": 10.830800372952591, "w_noise_scale_47": 0.0, "w_std_res_9": 8.938437013818467, "w_std_9": 10.864955691925301, "w_noise_scale_9": 0.0, "w_std_res_16": 8.882578630386561, "w_std_16": 10.842485423381948, "w_noise_scale_16": 0.0, "w_std_res_35": 8.907377121661572, "w_std_35": 10.852449518282727, "w_noise_scale_35": 0.0, "w_std_res_0": 8.906958743729534, "w_std_0": 10.852281258593743, "w_noise_scale_0": 0.0, "w_std_res_15": 8.89913356035294, "w_std_15": 10.849135168586018, "w_noise_scale_15": 0.0, "w_std_res_48": 8.931519415110735, "w_std_48": 10.862167820726441, "w_noise_scale_48": 0.0, "w_std_res_42": 8.905327145169906, "w_std_42": 10.851625126709132, "w_noise_scale_42": 0.0, "w_std_res_44": 8.906889889293568, "w_std_44": 10.852253567807931, "w_noise_scale_44": 0.0, "w_std_res_2": 8.90943934122681, "w_std_2": 10.853278961620308, "w_noise_scale_2": 0.0, "w_std_res_22": 8.913605296118961, "w_std_22": 10.854954938586802, "w_noise_scale_22": 0.0, "w_std_res_37": 8.885692942168326, "w_std_37": 10.843735738463245, "w_noise_scale_37": 0.0, "w_std_res_1": 8.907905109367746, "w_std_1": 10.85266186745791, "w_noise_scale_1": 0.0, "w_std_res_33": 8.898356589842868, "w_std_33": 10.848822891217276, "w_noise_scale_33": 0.0, "w_std_res_31": 8.88567096158191, "w_std_31": 10.84372691279963, "w_noise_scale_31": 0.0, "w_std_res_32": 8.922365244849596, "w_std_32": 10.858480804911201, "w_noise_scale_32": 0.0, "w_std_res_10": 8.875279044908954, "w_std_10": 10.83955598289201, "w_noise_scale_10": 0.0, "w_std_res_26": 8.875279044908954, "w_std_26": 10.83955598289201, "w_noise_scale_26": 0.0, "w_std_res_19": 8.91028417405977, "w_std_19": 10.853618798153223, "w_noise_scale_19": 0.0, "w_std_res_40": 8.937974637746517, "w_std_40": 10.864769304097074, "w_noise_scale_40": 0.0, "w_std_res_20": 8.928607464212995, "w_std_20": 10.860994702949634, "w_noise_scale_20": 0.0, "w_std_res_18": 8.89891408403295, "w_std_18": 10.84904695555098, "w_noise_scale_18": 0.0, "w_std_res_38": 8.914389263292243, "w_std_38": 10.855270389740415, "w_noise_scale_38": 0.0, "w_std_res_39": 8.924601269104407, "w_std_39": 10.859381172660116, "w_noise_scale_39": 0.0, "w_std_res_27": 8.878871074776342, "w_std_27": 10.840997319925183, "w_noise_scale_27": 0.0, "w_std_res_6": 8.902679547473333, "w_std_6": 10.85056059179663, "w_noise_scale_6": 0.0, "w_std_res_46": 8.87903165469073, "w_std_46": 10.841061763326044, "w_noise_scale_46": 0.0, "w_std_res_21": 8.91097067874763, "w_std_21": 10.853894962610196, "w_noise_scale_21": 0.0, "w_std_res_45": 8.918055333843808, "w_std_45": 10.85674578243292, "w_noise_scale_45": 0.0, "w_std_res_24": 8.922660757868137, "w_std_24": 10.858599788877017, "w_noise_scale_24": 0.0, "w_std_res_3": 8.905193358372406, "w_std_3": 10.851571329190072, "w_noise_scale_3": 0.0, "w_std_res_28": 8.893511504181012, "w_std_28": 10.846875983146022, "w_noise_scale_28": 0.0, "w_std_res_23": 8.929830625493409, "w_std_23": 10.861487438422051, "w_noise_scale_23": 0.0, "w_std_res_14": 8.926880491666727, "w_std_14": 10.860299090178179, "w_noise_scale_14": 0.0, "w_std_res_13": 8.904731888159239, "w_std_13": 10.851385769799172, "w_noise_scale_13": 0.0, "w_std_res_17": 8.902616802800175, "w_std_17": 10.850535366256128, "w_noise_scale_17": 0.0, "w_std_res_11": 8.896654480055972, "w_std_11": 10.848138848870574, "w_noise_scale_11": 0.0, "w_std_res_49": 8.849502987456415, "w_std_49": 10.829224587026072, "w_noise_scale_49": 0.0, "w_std_res_5": 8.916907658347707, "w_std_5": 10.856283862209711, "w_noise_scale_5": 0.0, "w_std_res_7": 8.897009241172002, "w_std_7": 10.848281412711186, "w_noise_scale_7": 0.0, "w_std_res_36": 8.890442990228328, "w_std_36": 10.845643325346128, "w_noise_scale_36": 0.0, "w_std_res_12": 8.874054527103155, "w_std_12": 10.839064722682489, "w_noise_scale_12": 0.0, "w_std_res_43": 8.900919896280383, "w_std_43": 10.849853196011455, "w_noise_scale_43": 0.0, "w_std_res_34": 8.875002640844677, "w_std_34": 10.839445089290779, "w_noise_scale_34": 0.0, "w_std_res_4": 8.915685791065092, "w_std_4": 10.855792124771456, "w_noise_scale_4": 0.0, "w_std_res_41": 8.88878946341964, "w_std_41": 10.844979202665629, "w_noise_scale_41": 0.0, "l2_loss": 448004.75, "lpips_loss": 9.402460098266602, "noise_reg": 7.142747764782298e-13, "total_delta_reg": 31533.412109375, "total_loss": 16.160945892333984, "step": 199, "t": 0.995, "lr_ramp": 0.0009866357858642205, "lr": 9.866357858642205e-06, "_timestamp": 1678378610.921507, "_runtime": 1774.3123149871826, "_step": 199, "_wandb": {"runtime": 1773}}