{"w_std_temp": 8.882476604247264, "w_std_res_8": 8.907320549693942, "w_std_8": 10.852426766338946, "w_noise_scale_8": 0.0, "w_std_res_29": 8.905744722509175, "w_std_29": 10.851793043807323, "w_noise_scale_29": 0.0, "w_std_res_25": 8.873993780987227, "w_std_25": 10.839040353336175, "w_noise_scale_25": 0.0, "w_std_res_30": 8.924053258609565, "w_std_30": 10.859160494284307, "w_noise_scale_30": 0.0, "w_std_res_47": 8.946908072764579, "w_std_47": 10.868371589876057, "w_noise_scale_47": 0.0, "w_std_res_9": 8.930318793301838, "w_std_9": 10.861684103420611, "w_noise_scale_9": 0.0, "w_std_res_16": 8.888990732923508, "w_std_16": 10.845060036140879, "w_noise_scale_16": 0.0, "w_std_res_35": 8.951019058604444, "w_std_35": 10.870030096410726, "w_noise_scale_35": 0.0, "w_std_res_0": 8.899407898141314, "w_std_0": 10.849245433871197, "w_noise_scale_0": 0.0, "w_std_res_15": 8.933028164485993, "w_std_15": 10.862775740890308, "w_noise_scale_15": 0.0, "w_std_res_48": 8.901543054437248, "w_std_48": 10.850103700541299, "w_noise_scale_48": 0.0, "w_std_res_42": 8.899672132303527, "w_std_42": 10.84935164033432, "w_noise_scale_42": 0.0, "w_std_res_44": 8.885231338434583, "w_std_44": 10.843550398018861, "w_noise_scale_44": 0.0, "w_std_res_2": 8.913194222611779, "w_std_2": 10.854789539069838, "w_noise_scale_2": 0.0, "w_std_res_22": 8.892095330966713, "w_std_22": 10.84630705441949, "w_noise_scale_22": 0.0, "w_std_res_37": 8.890283934582742, "w_std_37": 10.845579438618067, "w_noise_scale_37": 0.0, "w_std_res_1": 8.900427921594556, "w_std_1": 10.84965543447694, "w_noise_scale_1": 0.0, "w_std_res_33": 8.9226143520271, "w_std_33": 10.858581104073865, "w_noise_scale_33": 0.0, "w_std_res_31": 8.879014057033585, "w_std_31": 10.841054701054228, "w_noise_scale_31": 0.0, "w_std_res_32": 8.889282961099843, "w_std_32": 10.845177402450593, "w_noise_scale_32": 0.0, "w_std_res_10": 8.896665017718718, "w_std_10": 10.848143083467097, "w_noise_scale_10": 0.0, "w_std_res_26": 8.918055333843808, "w_std_26": 10.85674578243292, "w_noise_scale_26": 0.0, "w_std_res_19": 8.90743237765519, "w_std_19": 10.85247174106549, "w_noise_scale_19": 0.0, "w_std_res_40": 8.88650222950515, "w_std_40": 10.844060694396264, "w_noise_scale_40": 0.0, "w_std_res_20": 8.891720165412314, "w_std_20": 10.8461563468355, "w_noise_scale_20": 0.0, "w_std_res_18": 8.905760074244084, "w_std_18": 10.851799217180531, "w_noise_scale_18": 0.0, "w_std_res_38": 8.851556625108378, "w_std_38": 10.830046972283869, "w_noise_scale_38": 0.0, "w_std_res_39": 8.929134196550077, "w_std_39": 10.861206885056559, "w_noise_scale_39": 0.0, "w_std_res_27": 8.956456295600397, "w_std_27": 10.872224437471386, "w_noise_scale_27": 0.0, "w_std_res_6": 8.929116260162592, "w_std_6": 10.861199659654314, "w_noise_scale_6": 0.0, "w_std_res_46": 8.932232276284578, "w_std_46": 10.862455045217677, "w_noise_scale_46": 0.0, "w_std_res_21": 8.928870834265663, "w_std_21": 10.861100794521244, "w_noise_scale_21": 0.0, "w_std_res_45": 8.906548240620493, "w_std_45": 10.852116171080413, "w_noise_scale_45": 0.0, "w_std_res_24": 8.92134597818625, "w_std_24": 10.858070432430662, "w_noise_scale_24": 0.0, "w_std_res_3": 8.914918150213158, "w_std_3": 10.855483212701772, "w_noise_scale_3": 0.0, "w_std_res_28": 8.923579193630772, "w_std_28": 10.858969600346526, "w_noise_scale_28": 0.0, "w_std_res_23": 8.909495022867457, "w_std_23": 10.853301359062366, "w_noise_scale_23": 0.0, "w_std_res_14": 8.894992446596007, "w_std_14": 10.847470997022763, "w_noise_scale_14": 0.0, "w_std_res_13": 8.871763934669362, "w_std_13": 10.83814588977861, "w_noise_scale_13": 0.0, "w_std_res_17": 8.908363784247925, "w_std_17": 10.852846346840307, "w_noise_scale_17": 0.0, "w_std_res_11": 8.874505267900854, "w_std_11": 10.83924554858409, "w_noise_scale_11": 0.0, "w_std_res_49": 8.872301526379726, "w_std_49": 10.838361521408576, "w_noise_scale_49": 0.0, "w_std_res_5": 8.912121748635395, "w_std_5": 10.85435804253872, "w_noise_scale_5": 0.0, "w_std_res_7": 8.924008173180928, "w_std_7": 10.859142339234255, "w_noise_scale_7": 0.0, "w_std_res_36": 8.903072678856441, "w_std_36": 10.850718646995231, "w_noise_scale_36": 0.0, "w_std_res_12": 8.89913356035294, "w_std_12": 10.849135168586018, "w_noise_scale_12": 0.0, "w_std_res_43": 8.927047646758698, "w_std_43": 10.860366415175642, "w_noise_scale_43": 0.0, "w_std_res_34": 8.92459032673209, "w_std_34": 10.859376766186907, "w_noise_scale_34": 0.0, "w_std_res_4": 8.918935702341395, "w_std_4": 10.857100143022768, "w_noise_scale_4": 0.0, "w_std_res_41": 8.935518136907339, "w_std_41": 10.863779175257108, "w_noise_scale_41": 0.0, "l2_loss": 531056.75, "lpips_loss": 14.470553398132324, "noise_reg": 4.85309187313928e-14, "total_delta_reg": 24342.78125, "total_loss": 21.163015365600586, "step": 199, "t": 0.995, "lr_ramp": 0.0009866357858642205, "lr": 9.866357858642205e-06, "_timestamp": 1678384208.9832199, "_runtime": 1814.2535438537598, "_step": 199, "_wandb": {"runtime": 1813}}