{"w_std_temp": 8.8825012313537, "w_std_res_8": 8.911337581979486, "w_std_8": 10.854062718632134, "w_noise_scale_8": 0.0, "w_std_res_29": 8.890463640890728, "w_std_29": 10.845671789359109, "w_noise_scale_29": 0.0, "w_std_res_25": 8.896791907760909, "w_std_25": 10.84821423956496, "w_noise_scale_25": 0.0, "w_std_res_30": 8.921220750967885, "w_std_30": 10.858040162565018, "w_noise_scale_30": 0.0, "w_std_res_47": 8.933493420129663, "w_std_47": 10.862983357341342, "w_noise_scale_47": 0.0, "w_std_res_9": 8.912769105334212, "w_std_9": 10.85463864696794, "w_noise_scale_9": 0.0, "w_std_res_16": 8.896815617118296, "w_std_16": 10.848223767338595, "w_noise_scale_16": 0.0, "w_std_res_35": 8.899742359332656, "w_std_35": 10.849400030214804, "w_noise_scale_35": 0.0, "w_std_res_0": 8.913911616821204, "w_std_0": 10.855098344931058, "w_noise_scale_0": 0.0, "w_std_res_15": 8.902650149674534, "w_std_15": 10.85056893309632, "w_noise_scale_15": 0.0, "w_std_res_48": 8.897033389001077, "w_std_48": 10.848311281312405, "w_noise_scale_48": 0.0, "w_std_res_42": 8.868317907021602, "w_std_42": 10.836784059396956, "w_noise_scale_42": 0.0, "w_std_res_44": 8.927026643149443, "w_std_44": 10.860378097556042, "w_noise_scale_44": 0.0, "w_std_res_2": 8.924061575314235, "w_std_2": 10.859183987528713, "w_noise_scale_2": 0.0, "w_std_res_22": 8.873633257437453, "w_std_22": 10.83891590736246, "w_noise_scale_22": 0.0, "w_std_res_37": 8.901630380862823, "w_std_37": 10.850158967009424, "w_noise_scale_37": 0.0, "w_std_res_1": 8.948621576812823, "w_std_1": 10.86908293768384, "w_noise_scale_1": 0.0, "w_std_res_33": 8.928009821623181, "w_std_33": 10.86077410771212, "w_noise_scale_33": 0.0, "w_std_res_31": 8.931652807571508, "w_std_31": 10.862241704351362, "w_noise_scale_31": 0.0, "w_std_res_32": 8.911601462419647, "w_std_32": 10.854168877958827, "w_noise_scale_32": 0.0, "w_std_res_10": 8.932623232427304, "w_std_10": 10.862632712796884, "w_noise_scale_10": 0.0, "w_std_res_26": 8.903916360933541, "w_std_26": 10.851078017442552, "w_noise_scale_26": 0.0, "w_std_res_19": 8.864152702035316, "w_std_19": 10.83511410444071, "w_noise_scale_19": 0.0, "w_std_res_40": 8.890762850425153, "w_std_40": 10.845791972724951, "w_noise_scale_40": 0.0, "w_std_res_20": 8.892004835806153, "w_std_20": 10.846290869463164, "w_noise_scale_20": 0.0, "w_std_res_18": 8.892493323022514, "w_std_18": 10.846487104127307, "w_noise_scale_18": 0.0, "w_std_res_38": 8.870987209014563, "w_std_38": 10.837854539327651, "w_noise_scale_38": 0.0, "w_std_res_39": 8.935843815079805, "w_std_39": 10.863930569636157, "w_noise_scale_39": 0.0, "w_std_res_27": 8.893266852653191, "w_std_27": 10.846797860572723, "w_noise_scale_27": 0.0, "w_std_res_6": 8.886741792552543, "w_std_6": 10.844177062916069, "w_noise_scale_6": 0.0, "w_std_res_46": 8.93681291065221, "w_std_46": 10.86432116494169, "w_noise_scale_46": 0.0, "w_std_res_21": 8.898440435688716, "w_std_21": 10.848876752773762, "w_noise_scale_21": 0.0, "w_std_res_45": 8.966758054057218, "w_std_45": 10.876404535736981, "w_noise_scale_45": 0.0, "w_std_res_24": 8.847251515301235, "w_std_24": 10.82834332752476, "w_noise_scale_24": 0.0, "w_std_res_3": 8.906794720184136, "w_std_3": 10.852235451595906, "w_noise_scale_3": 0.0, "w_std_res_28": 8.94709013450742, "w_std_28": 10.868465155841923, "w_noise_scale_28": 0.0, "w_std_res_23": 8.938448813272917, "w_std_23": 10.864980581983339, "w_noise_scale_23": 0.0, "w_std_res_14": 8.885070430925126, "w_std_14": 10.843505966274238, "w_noise_scale_14": 0.0, "w_std_res_13": 8.903952335199241, "w_std_13": 10.851092481721599, "w_noise_scale_13": 0.0, "w_std_res_17": 8.934874614397227, "w_std_17": 10.863539960286886, "w_noise_scale_17": 0.0, "w_std_res_11": 8.904720921370865, "w_std_11": 10.851401518784336, "w_noise_scale_11": 0.0, "w_std_res_49": 8.875837548507747, "w_std_49": 10.839800242480255, "w_noise_scale_49": 0.0, "w_std_res_5": 8.916773607224757, "w_std_5": 10.856250061168682, "w_noise_scale_5": 0.0, "w_std_res_7": 8.915408887145894, "w_std_7": 10.855700842472123, "w_noise_scale_7": 0.0, "w_std_res_36": 8.910260938940004, "w_std_36": 10.853629606035025, "w_noise_scale_36": 0.0, "w_std_res_12": 8.891345423359729, "w_std_12": 10.846025982329886, "w_noise_scale_12": 0.0, "w_std_res_43": 8.916315364964387, "w_std_43": 10.85606563962631, "w_noise_scale_43": 0.0, "w_std_res_34": 8.914402847358874, "w_std_34": 10.855296007306755, "w_noise_scale_34": 0.0, "w_std_res_4": 8.902788362361536, "w_std_4": 10.850624499596785, "w_noise_scale_4": 0.0, "w_std_res_41": 8.901150733191749, "w_std_41": 10.849966150580839, "w_noise_scale_41": 0.0, "l2_loss": 36.58823013305664, "lpips_loss": 9.932114601135254, "noise_reg": 1.9108700082329233e-13, "total_delta_reg": 26885.166015625, "total_loss": 9.932114601135254, "step": 199, "t": 0.995, "lr_ramp": 0.0009866357858642205, "lr": 9.866357858642205e-06, "_timestamp": 1677768010.2165382, "_runtime": 1604.999460220337, "_step": 199, "_wandb": {"runtime": 1604}}