{"step": 99, "c_loss": 0.6103515625, "i_loss": 0.04310894012451172, "l2_loss": 4607.0830078125, "total_loss": 3686.0, "_timestamp": 1678025014.5100892, "_runtime": 1193.258100271225, "_step": 4999, "_wandb": {"runtime": 1192}}