{"frame0.png": {"intrinsics": [[2985.29, 0.0, 512.0], [0.0, 2985.29, 512.0], [0.0, 0.0, 1.0]], "pose": [[0.2950707972049713, 0.11502604186534882, 0.9485263228416443, -2.7094597816467285], [0.30811986327171326, -0.9511477947235107, 0.019492972642183304, -0.0556325688958168], [0.9044309854507446, 0.2865079641342163, -0.31609776616096497, 1.0902281999588013], [0.0, 0.0, 0.0, 1.0]]}, "frame1.png": {"intrinsics": [[2985.29, 0.0, 512.0], [0.0, 2985.29, 512.0], [0.0, 0.0, 1.0]], "pose": [[0.27656090259552, 0.10631362348794937, 0.9550976157188416, -2.7255823612213135], [0.31100350618362427, -0.9502787590026855, 0.015722129493951797, -0.04479531571269035], [0.9092804789543152, 0.29269057512283325, -0.29587385058403015, 1.0333561897277832], [0.0, 0.0, 0.0, 1.0]]}, "frame10.png": {"intrinsics": [[2985.29, 0.0, 512.0], [0.0, 2985.29, 512.0], [0.0, 0.0, 1.0]], "pose": [[0.26887404918670654, 0.09639246761798859, 0.9583398699760437, -2.7251315116882324], [0.30563151836395264, -0.9520971775054932, 0.010015873238444328, -0.02533758245408535], [0.9133981466293335, 0.29020586609840393, -0.28545480966567993, 0.9904170036315918], [0.0, 0.0, 0.0, 1.0]]}, "frame11.png": {"intrinsics": [[2985.29, 0.0, 512.0], [0.0, 2985.29, 512.0], [0.0, 0.0, 1.0]], "pose": [[0.2630276679992676, 0.09417203068733215, 0.9601812958717346, -2.748547077178955], [0.312855988740921, -0.9497714042663574, 0.00744871748611331, -0.017881721258163452], [0.9126542210578918, 0.29843923449516296, -0.279278427362442, 0.9804949760437012], [0.0, 0.0, 0.0, 1.0]]}, "frame12.png": {"intrinsics": [[2985.29, 0.0, 512.0], [0.0, 2985.29, 512.0], [0.0, 0.0, 1.0]], "pose": [[0.24965330958366394, 0.09317128360271454, 0.963842511177063, -2.750279664993286], [0.3122507333755493, -0.9499366283416748, 0.010948252864181995, -0.027476662769913673], [0.9166094064712524, 0.2982272505760193, -0.26624763011932373, 0.9387719631195068], [0.0, 0.0, 0.0, 1.0]]}, "frame13.png": {"intrinsics": [[2985.29, 0.0, 512.0], [0.0, 2985.29, 512.0], [0.0, 0.0, 1.0]], "pose": [[0.23900775611400604, 0.09903481602668762, 0.9659541249275208, -2.7381436824798584], [0.3165757954120636, -0.94837886095047, 0.018901988863945007, -0.049768492579460144], [0.9179624319076538, 0.3012799620628357, -0.2580219507217407, 0.9115185141563416], [0.0, 0.0, 0.0, 1.0]]}, "frame14.png": {"intrinsics": [[2985.29, 0.0, 512.0], [0.0, 2985.29, 512.0], [0.0, 0.0, 1.0]], "pose": [[0.2347915917634964, 0.11559329181909561, 0.9651482105255127, -2.7658891677856445], [0.31035804748535156, -0.9498494267463684, 0.03826019912958145, -0.10852010548114777], [0.9211681485176086, 0.2905583381652832, -0.2588919699192047, 0.9205053448677063], [0.0, 0.0, 0.0, 1.0]]}, "frame15.png": {"intrinsics": [[2985.29, 0.0, 512.0], [0.0, 2985.29, 512.0], [0.0, 0.0, 1.0]], "pose": [[0.22704875469207764, 0.11371907591819763, 0.967221200466156, -2.7519874572753906], [0.30582261085510254, -0.9512457251548767, 0.040050964802503586, -0.1110064759850502], [0.9246195554733276, 0.2867045998573303, -0.25075703859329224, 0.8917489051818848], [0.0, 0.0, 0.0, 1.0]]}, "frame16.png": {"intrinsics": [[2985.29, 0.0, 512.0], [0.0, 2985.29, 512.0], [0.0, 0.0, 1.0]], "pose": [[0.24108457565307617, 0.10399813950061798, 0.9649158716201782, -2.7477991580963135], [0.3065297305583954, -0.9515068531036377, 0.025966349989175797, -0.06896918267011642], [0.9208245277404785, 0.28951531648635864, -0.261272132396698, 0.9229685068130493], [0.0, 0.0, 0.0, 1.0]]}, "frame17.png": {"intrinsics": [[2985.29, 0.0, 512.0], [0.0, 2985.29, 512.0], [0.0, 0.0, 1.0]], "pose": [[0.2394971400499344, 0.11048877984285355, 0.9645897150039673, -2.7463295459747314], [0.30831313133239746, -0.9507347345352173, 0.032350968569517136, -0.08774787932634354], [0.9206433892250061, 0.2896476686000824, -0.26176339387893677, 0.9212061762809753], [0.0, 0.0, 0.0, 1.0]]}, "frame18.png": {"intrinsics": [[2985.29, 0.0, 512.0], [0.0, 2985.29, 512.0], [0.0, 0.0, 1.0]], "pose": [[0.2370765656232834, 0.1123853251338005, 0.9649685025215149, -2.741075277328491], [0.30455732345581055, -0.9518123269081116, 0.03602846339344978, -0.09767691045999527], [0.9225180149078369, 0.28534671664237976, -0.2598801851272583, 0.915511965751648], [0.0, 0.0, 0.0, 1.0]]}, "frame19.png": {"intrinsics": [[2985.29, 0.0, 512.0], [0.0, 2985.29, 512.0], [0.0, 0.0, 1.0]], "pose": [[0.23822948336601257, 0.11378753185272217, 0.9645201563835144, -2.7674596309661865], [0.31204092502593994, -0.9494261145591736, 0.03493499755859375, -0.09328600019216537], [0.9197158217430115, 0.29264721274375916, -0.26168766617774963, 0.9280548691749573], [0.0, 0.0, 0.0, 1.0]]}, "frame2.png": {"intrinsics": [[2985.29, 0.0, 512.0], [0.0, 2985.29, 512.0], [0.0, 0.0, 1.0]], "pose": [[0.277496874332428, 0.09392878413200378, 0.9561238884925842, -2.709725856781006], [0.3102404773235321, -0.9506521821022034, 0.0033498129341751337, -0.011624290607869625], [0.9092559814453125, 0.29569876194000244, -0.29294353723526, 1.019935965538025], [0.0, 0.0, 0.0, 1.0]]}, "frame20.png": {"intrinsics": [[2985.29, 0.0, 512.0], [0.0, 2985.29, 512.0], [0.0, 0.0, 1.0]], "pose": [[0.2366494983434677, 0.11698304116725922, 0.9645268321037292, -2.7475733757019043], [0.31733059883117676, -0.9475901126861572, 0.0370708703994751, -0.1006079837679863], [0.9183127284049988, 0.2973010540008545, -0.2613690495491028, 0.9197835922241211], [0.0, 0.0, 0.0, 1.0]]}, "frame21.png": {"intrinsics": [[2985.29, 0.0, 512.0], [0.0, 2985.29, 512.0], [0.0, 0.0, 1.0]], "pose": [[0.23114094138145447, 0.12315776944160461, 0.9650937914848328, -2.744194984436035], [0.3171203136444092, -0.9473199844360352, 0.04493897408246994, -0.12245219945907593], [0.9197872281074524, 0.29566365480422974, -0.2580202519893646, 0.9105320572853088], [0.0, 0.0, 0.0, 1.0]]}, "frame22.png": {"intrinsics": [[2985.29, 0.0, 512.0], [0.0, 2985.29, 512.0], [0.0, 0.0, 1.0]], "pose": [[0.22012117505073547, 0.13887831568717957, 0.9655358791351318, -2.7547781467437744], [0.32185232639312744, -0.9447241425514221, 0.06250952184200287, -0.1699964553117752], [0.9208462238311768, 0.29700028896331787, -0.2526520788669586, 0.8965902328491211], [0.0, 0.0, 0.0, 1.0]]}, "frame23.png": {"intrinsics": [[2985.29, 0.0, 512.0], [0.0, 2985.29, 512.0], [0.0, 0.0, 1.0]], "pose": [[0.23885275423526764, 0.14090153574943542, 0.9607788920402527, -2.703413724899292], [0.3233448266983032, -0.9444941282272339, 0.05812874063849449, -0.15855830907821655], [0.9156404733657837, 0.2967786490917206, -0.27115482091903687, 0.9389405846595764], [0.0, 0.0, 0.0, 1.0]]}, "frame24.png": {"intrinsics": [[2985.29, 0.0, 512.0], [0.0, 2985.29, 512.0], [0.0, 0.0, 1.0]], "pose": [[0.2676002085208893, 0.13703885674476624, 0.9537349939346313, -2.691333293914795], [0.3240715265274048, -0.9449688196182251, 0.04485085979104042, -0.11758306622505188], [0.907396137714386, 0.2970762848854065, -0.29728424549102783, 1.0090192556381226], [0.0, 0.0, 0.0, 1.0]]}, "frame25.png": {"intrinsics": [[2985.29, 0.0, 512.0], [0.0, 2985.29, 512.0], [0.0, 0.0, 1.0]], "pose": [[0.27219754457473755, 0.12790721654891968, 0.9537023901939392, -2.6959493160247803], [0.32113534212112427, -0.946376383304596, 0.03526897728443146, -0.08897325396537781], [0.9070726037025452, 0.2966673970222473, -0.29867684841156006, 1.0130082368850708], [0.0, 0.0, 0.0, 1.0]]}, "frame26.png": {"intrinsics": [[2985.29, 0.0, 512.0], [0.0, 2985.29, 512.0], [0.0, 0.0, 1.0]], "pose": [[0.2743067443370819, 0.15422122180461884, 0.9491952657699585, -2.6912379264831543], [0.32037824392318726, -0.9453232288360596, 0.06100640818476677, -0.1643916815519333], [0.906704843044281, 0.287367045879364, -0.30871766805648804, 1.047501564025879], [0.0, 0.0, 0.0, 1.0]]}, "frame27.png": {"intrinsics": [[2985.29, 0.0, 512.0], [0.0, 2985.29, 512.0], [0.0, 0.0, 1.0]],