{"step": 21, "c_loss": 0.7841796875, "i_loss": 0.06693625450134277, "l2_loss": 0.0, "total_loss": 0.7841796875, "_timestamp": 1678023486.3644207, "_runtime": 171.71261262893677, "_step": 921, "_wandb": {"runtime": 171}}