{"w_std_temp": 8.882476604247264, "w_std_res_8": 8.91416621872175, "w_std_8": 10.85518063961858, "w_noise_scale_8": 0.0, "w_std_res_29": 8.87133286913528, "w_std_29": 10.837972992850185, "w_noise_scale_29": 0.0, "w_std_res_25": 8.905679367684423, "w_std_25": 10.851766762836364, "w_noise_scale_25": 0.0, "w_std_res_30": 8.877976613508283, "w_std_30": 10.840638372000978, "w_noise_scale_30": 0.0, "w_std_res_47": 8.908950029324442, "w_std_47": 10.853082144315042, "w_noise_scale_47": 0.0, "w_std_res_9": 8.917615117002976, "w_std_9": 10.856568597800596, "w_noise_scale_9": 0.0, "w_std_res_16": 8.911229748188518, "w_std_16": 10.853999183768625, "w_noise_scale_16": 0.0, "w_std_res_35": 8.9314748047285, "w_std_35": 10.862149846916816, "w_noise_scale_35": 0.0, "w_std_res_0": 8.896643942380745, "w_std_0": 10.8481346142724, "w_noise_scale_0": 0.0, "w_std_res_15": 8.891340151377632, "w_std_15": 10.846003695918373, "w_noise_scale_15": 0.0, "w_std_res_48": 8.90943934122681, "w_std_48": 10.853278961620308, "w_noise_scale_48": 0.0, "w_std_res_42": 8.894992446596007, "w_std_42": 10.847470997022763, "w_noise_scale_42": 0.0, "w_std_res_44": 8.909402512233916, "w_std_44": 10.853264147538749, "w_noise_scale_44": 0.0, "w_std_res_2": 8.886087264651412, "w_std_2": 10.843894069648135, "w_noise_scale_2": 0.0, "w_std_res_22": 8.94136673347537, "w_std_22": 10.86613683724004, "w_noise_scale_22": 0.0, "w_std_res_37": 8.858609865548884, "w_std_37": 10.832872440516413, "w_noise_scale_37": 0.0, "w_std_res_1": 8.924220904370308, "w_std_1": 10.859228002602212, "w_noise_scale_1": 0.0, "w_std_res_33": 8.905679367684423, "w_std_33": 10.851766762836364, "w_noise_scale_33": 0.0, "w_std_res_31": 8.902357482712093, "w_std_31": 10.850431111826847, "w_noise_scale_31": 0.0, "w_std_res_32": 8.88567096158191, "w_std_32": 10.84372691279963, "w_noise_scale_32": 0.0, "w_std_res_10": 8.912929951059866, "w_std_10": 10.854683209478065, "w_noise_scale_10": 0.0, "w_std_res_26": 8.878389317607107, "w_std_26": 10.840803987424088, "w_noise_scale_26": 0.0, "w_std_res_19": 8.898371515339198, "w_std_19": 10.848828889850278, "w_noise_scale_19": 0.0, "w_std_res_40": 8.86456076182007, "w_std_40": 10.835257495786614, "w_noise_scale_40": 0.0, "w_std_res_20": 8.894548453266191, "w_std_20": 10.847292602159996, "w_noise_scale_20": 0.0, "w_std_res_18": 8.925369390114898, "w_std_18": 10.85969050261102, "w_noise_scale_18": 0.0, "w_std_res_38": 8.878473352018352, "w_std_38": 10.84083771051043, "w_noise_scale_38": 0.0, "w_std_res_39": 8.938457116583375, "w_std_39": 10.864963795671388, "w_noise_scale_39": 0.0, "w_std_res_27": 8.88776195113258, "w_std_27": 10.844566554270392, "w_noise_scale_27": 0.0, "w_std_res_6": 8.893224246582339, "w_std_6": 10.84676057631955, "w_noise_scale_6": 0.0, "w_std_res_46": 8.875771093262827, "w_std_46": 10.839753398947781, "w_noise_scale_46": 0.0, "w_std_res_21": 8.871763934669362, "w_std_21": 10.83814588977861, "w_noise_scale_21": 0.0, "w_std_res_45": 8.947084022182871, "w_std_45": 10.868442563219443, "w_noise_scale_45": 0.0, "w_std_res_24": 8.895618215587941, "w_std_24": 10.84772243880599, "w_noise_scale_24": 0.0, "w_std_res_3": 8.951845567395585, "w_std_3": 10.870363598593425, "w_noise_scale_3": 0.0, "w_std_res_28": 8.904921392129186, "w_std_28": 10.85146196947674, "w_noise_scale_28": 0.0, "w_std_res_23": 8.915658188686912, "w_std_23": 10.855781016784329, "w_noise_scale_23": 0.0, "w_std_res_14": 8.895569912181006, "w_std_14": 10.847703029472415, "w_noise_scale_14": 0.0, "w_std_res_13": 8.874505267900854, "w_std_13": 10.83924554858409, "w_noise_scale_13": 0.0, "w_std_res_17": 8.92282580310184, "w_std_17": 10.858666243057892, "w_noise_scale_17": 0.0, "w_std_res_11": 8.93826264228681, "w_std_11": 10.864885400482832, "w_noise_scale_11": 0.0, "w_std_res_49": 8.859230708701517, "w_std_49": 10.833121217474675, "w_noise_scale_49": 0.0, "w_std_res_5": 8.907188108488558, "w_std_5": 10.85237350191192, "w_noise_scale_5": 0.0, "w_std_res_7": 8.928007196457672, "w_std_7": 10.860752908983796, "w_noise_scale_7": 0.0, "w_std_res_36": 8.858395117768229, "w_std_36": 10.832786392042676, "w_noise_scale_36": 0.0, "w_std_res_12": 8.931028688650597, "w_std_12": 10.861970107184746, "w_noise_scale_12": 0.0, "w_std_res_43": 8.872301526379726, "w_std_43": 10.838361521408576, "w_noise_scale_43": 0.0, "w_std_res_34": 8.904979295315627, "w_std_34": 10.851485252604824, "w_noise_scale_34": 0.0, "w_std_res_4": 8.910200001262599, "w_std_4": 10.853584938425875, "w_noise_scale_4": 0.0, "w_std_res_41": 8.918002771781358, "w_std_41": 10.856724626210935, "w_noise_scale_41": 0.0, "l2_loss": 14.978835105895996, "lpips_loss": 15.759657859802246, "noise_reg": 1.0468416498238264e-12, "total_delta_reg": 0.0, "total_loss": 15.759657859802246, "step": 199, "t": 0.995, "lr_ramp": 0.0009866357858642205, "lr": 9.866357858642205e-06, "_timestamp": 1677813647.5477087, "_runtime": 1940.2607207298279, "_step": 199, "_wandb": {"runtime": 1939}}