{"frame0.png": {"intrinsics": [[2985.29, 0.0, 512.0], [0.0, 2985.29, 512.0], [0.0, 0.0, 1.0]], "pose": [[0.998214840888977, -0.027102060616016388, 0.05322299152612686, -0.1434243619441986], [-0.024257803335785866, -0.9982796907424927, -0.053378019481897354, 0.1472565084695816], [0.054578084498643875, 0.05199165269732475, -0.9971550107002258, 2.8278446197509766], [0.0, 0.0, 0.0, 1.0]]}, "frame1.png": {"intrinsics": [[2985.29, 0.0, 512.0], [0.0, 2985.29, 512.0], [0.0, 0.0, 1.0]], "pose": [[0.9975399374961853, -0.02318722940981388, 0.06615414470434189, -0.17779922485351562], [-0.018499169498682022, -0.9973317980766296, -0.07061845809221268, 0.2005377560853958], [0.0676150768995285, 0.06922094523906708, -0.9953073263168335, 2.841317653656006], [0.0, 0.0, 0.0, 1.0]]}, "frame10.png": {"intrinsics": [[2985.29, 0.0, 512.0], [0.0, 2985.29, 512.0], [0.0, 0.0, 1.0]], "pose": [[0.9957959055900574, 0.013120255433022976, -0.09065496176481247, 0.23585271835327148], [0.0060340226627886295, -0.9969347715377808, -0.07800328731536865, 0.21052034199237823], [-0.09140051156282425, 0.0771283507347107, -0.9928227663040161, 2.7602388858795166], [0.0, 0.0, 0.0, 1.0]]}, "frame11.png": {"intrinsics": [[2985.29, 0.0, 512.0], [0.0, 2985.29, 512.0], [0.0, 0.0, 1.0]], "pose": [[0.9964391589164734, 0.008392182178795338, -0.08389639109373093, 0.2256339192390442], [0.0003751348704099655, -0.9954656362533569, -0.09512124955654144, 0.2586221396923065], [-0.0843142494559288, 0.09475106745958328, -0.9919240474700928, 2.8373594284057617], [0.0, 0.0, 0.0, 1.0]]}, "frame12.png": {"intrinsics": [[2985.29, 0.0, 512.0], [0.0, 2985.29, 512.0], [0.0, 0.0, 1.0]], "pose": [[0.9960036277770996, 0.007092264015227556, -0.0890313908457756, 0.2365414798259735], [-0.0008856859058141708, -0.9960088133811951, -0.0892505869269371, 0.24556612968444824], [-0.08930903673171997, 0.08897275477647781, -0.9920220375061035, 2.816494941711426], [0.0, 0.0, 0.0, 1.0]]}, "frame13.png": {"intrinsics": [[2985.29, 0.0, 512.0], [0.0, 2985.29, 512.0], [0.0, 0.0, 1.0]], "pose": [[0.9967966079711914, -0.00452180253341794, -0.07985003292560577, 0.2111835926771164], [-0.011930951848626137, -0.9956359267234802, -0.09255680441856384, 0.2518194913864136], [-0.07908303290605545, 0.09321299940347672, -0.9925004243850708, 2.802737236022949], [0.0, 0.0, 0.0, 1.0]]}, "frame14.png": {"intrinsics": [[2985.29, 0.0, 512.0], [0.0, 2985.29, 512.0], [0.0, 0.0, 1.0]], "pose": [[0.9971354603767395, 0.0013411601539701223, -0.07562429457902908, 0.2006557434797287], [-0.005547564476728439, -0.9958529472351074, -0.09080774337053299, 0.24975137412548065], [-0.07543246448040009, 0.09096715599298477, -0.9929928779602051, 2.808361291885376], [0.0, 0.0, 0.0, 1.0]]}, "frame15.png": {"intrinsics": [[2985.29, 0.0, 512.0], [0.0, 2985.29, 512.0], [0.0, 0.0, 1.0]], "pose": [[0.9944223165512085, -0.001661213580518961, -0.10545872896909714, 0.2782503664493561], [-0.006041394080966711, -0.999131441116333, -0.041228700429201126, 0.1038288027048111], [-0.10529864579439163, 0.04163585603237152, -0.9935685992240906, 2.786167621612549], [0.0, 0.0, 0.0, 1.0]]}, "frame16.png": {"intrinsics": [[2985.29, 0.0, 512.0], [0.0, 2985.29, 512.0], [0.0, 0.0, 1.0]], "pose": [[0.9952170252799988, -0.003121522720903158, -0.09763903170824051, 0.26568835973739624], [-0.008547130040824413, -0.9984387755393982, -0.05519923195242882, 0.14736129343509674], [-0.09731429070234299, 0.055769748985767365, -0.9936898946762085, 2.845886707305908], [0.0, 0.0, 0.0, 1.0]]}, "frame17.png": {"intrinsics": [[2985.29, 0.0, 512.0], [0.0, 2985.29, 512.0], [0.0, 0.0, 1.0]], "pose": [[0.9974939823150635, -0.01241376157850027, -0.0696539506316185, 0.18891389667987823], [-0.01898517645895481, -0.9953447580337524, -0.09449037164449692, 0.2681528925895691], [-0.06815671175718307, 0.0955759659409523, -0.993086040019989, 2.873568058013916], [0.0, 0.0, 0.0, 1.0]]}, "frame18.png": {"intrinsics": [[2985.29, 0.0, 512.0], [0.0, 2985.29, 512.0], [0.0, 0.0, 1.0]], "pose": [[0.9972073435783386, -0.004919189028441906, -0.07452114671468735, 0.20239980518817902], [-0.012202825397253036, -0.9951506853103638, -0.0976019948720932, 0.2792523503303528], [-0.07367964833974838, 0.09823878854513168, -0.9924315810203552, 2.8603615760803223], [0.0, 0.0, 0.0, 1.0]]}, "frame19.png": {"intrinsics": [[2985.29, 0.0, 512.0], [0.0, 2985.29, 512.0], [0.0, 0.0, 1.0]], "pose": [[0.9959650635719299, -0.004021058324724436, -0.08965145796537399, 0.23715171217918396], [-0.011778639629483223, -0.9962108135223389, -0.08617028594017029, 0.2355276197195053], [-0.08896525204181671, 0.08687856793403625, -0.992238461971283, 2.8003530502319336], [0.0, 0.0, 0.0, 1.0]]}, "frame2.png": {"intrinsics": [[2985.29, 0.0, 512.0], [0.0, 2985.29, 512.0], [0.0, 0.0, 1.0]], "pose": [[0.9976824522018433, -0.02133403904736042, 0.06461099535226822, -0.1737617701292038], [-0.01602812483906746, -0.9965401291847229, -0.0815533697605133, 0.2325575053691864], [0.06612730771303177, 0.08032876998186111, -0.9945724606513977, 2.8327462673187256], [0.0, 0.0, 0.0, 1.0]]}, "frame20.png": {"intrinsics": [[2985.29, 0.0, 512.0], [0.0, 2985.29, 512.0], [0.0, 0.0, 1.0]], "pose": [[0.9888362288475037, 0.011815549805760384, -0.14853686094284058, 0.3988856375217438], [-0.006718524731695652, -0.9923018217086792, -0.12366030365228653, 0.3424845337867737], [-0.14885452389717102, 0.12327774614095688, -0.9811447262763977, 2.7965445518493652], [0.0, 0.0, 0.0, 1.0]]}, "frame21.png": {"intrinsics": [[2985.29, 0.0, 512.0], [0.0, 2985.29, 512.0], [0.0, 0.0, 1.0]], "pose": [[0.953790009021759, 0.03662806376814842, -0.2982329726219177, 0.8126164078712463], [-0.009202457964420319, -0.9885157346725464, -0.15083721280097961, 0.42365166544914246], [-0.30033284425735474, 0.14661149680614471, -0.9424993991851807, 2.7309253215789795], [0.0, 0.0, 0.0, 1.0]]}, "frame22.png": {"intrinsics": [[2985.29, 0.0, 512.0], [0.0, 2985.29, 512.0], [0.0, 0.0, 1.0]], "pose": [[0.9408507943153381, 0.035620447248220444, -0.3369435966014862, 0.9222363829612732], [-0.020097270607948303, -0.986840546131134, -0.16044297814369202, 0.4517025351524353], [-0.3382246494293213, 0.1577245444059372, -0.9277538061141968, 2.7056920528411865], [0.0, 0.0, 0.0, 1.0]]}, "frame23.png": {"intrinsics": [[2985.29, 0.0, 512.0], [0.0, 2985.29, 512.0], [0.0, 0.0, 1.0]], "pose": [[0.9256333112716675, 0.019117029383778572, -0.37793847918510437, 1.0037633180618286], [-0.04095081984996796, -0.9877979159355164, -0.15026044845581055, 0.4104923903942108], [-0.3761993944644928, 0.15456297993659973, -0.9135558605194092, 2.5955259799957275], [0.0, 0.0, 0.0, 1.0]]}, "frame24.png": {"intrinsics": [[2985.29, 0.0, 512.0], [0.0, 2985.29, 512.0], [0.0, 0.0, 1.0]], "pose": [[0.9237674474716187, 0.026416771113872528, -0.38204172253608704, 1.0260721445083618], [-0.03411715477705002, -0.9879739880561829, -0.15080919861793518, 0.4150252044200897], [-0.3814311623573303, 0.15234680473804474, -0.9117569923400879, 2.622838258743286], [0.0, 0.0, 0.0, 1.0]]}, "frame25.png": {"intrinsics": [[2985.29, 0.0, 512.0], [0.0, 2985.29, 512.0], [0.0, 0.0, 1.0]], "pose": [[0.9264320135116577, 0.04432481899857521, -0.37384358048439026, 1.0049335956573486], [-0.017461974173784256, -0.9869160056114197, -0.16028685867786407, 0.4446446895599365], [-0.37605687975883484, 0.15502290427684784, -0.9135366082191467, 2.622933864593506], [0.0, 0.0, 0.0, 1.0]]}, "frame26.png": {"intrinsics": [[2985.29, 0.0, 512.0], [0.0, 2985.29, 512.0], [0.0, 0.0, 1.0]], "pose": [[0.9285163879394531, 0.07802678644657135, -0.3630000352859497, 0.9783710241317749], [0.015062041580677032, -0.9847800731658936, -0.1731511652469635, 0.47898802161216736], [-0.37098562717437744, 0.15530617535114288, -0.915559709072113, 2.6263320446014404], [0.0, 0.0, 0.0, 1.0]]}, "frame27.png": {"intrinsics": [[2985.29, 0.0, 512.0], [0.0, 2985.29, 512.0], [0.0, 0.0, 1.0]],