{"w_std_temp": 8.882476604247264, "w_std_res_8": 8.92370745192266, "w_std_8": 10.859021246036633, "w_noise_scale_8": 0.0, "w_std_res_29": 8.9476917414493, "w_std_29": 10.868687708274628, "w_noise_scale_29": 0.0, "w_std_res_25": 8.928554964270534, "w_std_25": 10.860973555004174, "w_noise_scale_25": 0.0, "w_std_res_30": 8.932504285613302, "w_std_30": 10.862564646671844, "w_noise_scale_30": 0.0, "w_std_res_47": 8.945429175003287, "w_std_47": 10.867775078471674, "w_noise_scale_47": 0.0, "w_std_res_9": 8.89291765254801, "w_std_9": 10.846637403764818, "w_noise_scale_9": 0.0, "w_std_res_16": 8.947309738826526, "w_std_16": 10.868533612710824, "w_noise_scale_16": 0.0, "w_std_res_35": 8.920715007778243, "w_std_35": 10.85781640973451, "w_noise_scale_35": 0.0, "w_std_res_0": 8.910947007052616, "w_std_0": 10.853885439814858, "w_noise_scale_0": 0.0, "w_std_res_15": 8.911342842131033, "w_std_15": 10.854044681016381, "w_noise_scale_15": 0.0, "w_std_res_48": 8.901725605184648, "w_std_48": 10.850177086688493, "w_noise_scale_48": 0.0, "w_std_res_42": 8.911229748188518, "w_std_42": 10.853999183768625, "w_noise_scale_42": 0.0, "w_std_res_44": 8.903973831947171, "w_std_44": 10.85108096573793, "w_noise_scale_44": 0.0, "w_std_res_2": 8.889474112679558, "w_std_2": 10.845254175214153, "w_noise_scale_2": 0.0, "w_std_res_22": 8.923421166374474, "w_std_22": 10.858905968288195, "w_noise_scale_22": 0.0, "w_std_res_37": 8.930104895100616, "w_std_37": 10.861597930754709, "w_noise_scale_37": 0.0, "w_std_res_1": 8.869930770586658, "w_std_1": 10.837410661396476, "w_noise_scale_1": 0.0, "w_std_res_33": 8.905625855323139, "w_std_33": 10.851745244141608, "w_noise_scale_33": 0.0, "w_std_res_31": 8.873529807804784, "w_std_31": 10.838854226231664, "w_noise_scale_31": 0.0, "w_std_res_32": 8.907320549693942, "w_std_32": 10.852426766338946, "w_noise_scale_32": 0.0, "w_std_res_10": 8.901627747917793, "w_std_10": 10.850137747541503, "w_noise_scale_10": 0.0, "w_std_res_26": 8.948587964729407, "w_std_26": 10.869049251918264, "w_noise_scale_26": 0.0, "w_std_res_19": 8.893511504181012, "w_std_19": 10.846875983146022, "w_noise_scale_19": 0.0, "w_std_res_40": 8.920358999922593, "w_std_40": 10.857673089657608, "w_noise_scale_40": 0.0, "w_std_res_20": 8.935846000799254, "w_std_20": 10.863911315106545, "w_noise_scale_20": 0.0, "w_std_res_18": 8.85654066213214, "w_std_18": 10.832043378328947, "w_noise_scale_18": 0.0, "w_std_res_38": 8.932504285613302, "w_std_38": 10.862564646671844, "w_noise_scale_38": 0.0, "w_std_res_39": 8.914650862484745, "w_std_39": 10.855375655637165, "w_noise_scale_39": 0.0, "w_std_res_27": 8.858039251154851, "w_std_27": 10.832643800972596, "w_noise_scale_27": 0.0, "w_std_res_6": 8.956456295600397, "w_std_6": 10.872224437471386, "w_noise_scale_6": 0.0, "w_std_res_46": 8.875860433642476, "w_std_46": 10.839789244232334, "w_noise_scale_46": 0.0, "w_std_res_21": 8.91511839167041, "w_std_21": 10.855563791640442, "w_noise_scale_21": 0.0, "w_std_res_45": 8.931028688650597, "w_std_45": 10.861970107184746, "w_noise_scale_45": 0.0, "w_std_res_24": 8.927145225378604, "w_std_24": 10.860405717271801, "w_noise_scale_24": 0.0, "w_std_res_3": 8.901858127660764, "w_std_3": 10.850230361897852, "w_noise_scale_3": 0.0, "w_std_res_28": 8.90168786663518, "w_std_28": 10.850161915554532, "w_noise_scale_28": 0.0, "w_std_res_23": 8.918047887570463, "w_std_23": 10.856742785303979, "w_noise_scale_23": 0.0, "w_std_res_14": 8.935949166149054, "w_std_14": 10.863952894780057, "w_noise_scale_14": 0.0, "w_std_res_13": 8.926561925652003, "w_std_13": 10.8601707837918, "w_noise_scale_13": 0.0, "w_std_res_17": 8.889320752312855, "w_std_17": 10.845192580557294, "w_noise_scale_17": 0.0, "w_std_res_11": 8.891489083668718, "w_std_11": 10.846063521215887, "w_noise_scale_11": 0.0, "w_std_res_49": 8.933802994106149, "w_std_49": 10.863087969558885, "w_noise_scale_49": 0.0, "w_std_res_5": 8.863469181844094, "w_std_5": 10.834819921640369, "w_noise_scale_5": 0.0, "w_std_res_7": 8.89342014497235, "w_std_7": 10.8468392789674, "w_noise_scale_7": 0.0, "w_std_res_36": 8.888353070873142, "w_std_36": 10.84480394373845, "w_noise_scale_36": 0.0, "w_std_res_12": 8.877752214102397, "w_std_12": 10.840548324173922, "w_noise_scale_12": 0.0, "w_std_res_43": 8.875860433642476, "w_std_43": 10.839789244232334, "w_noise_scale_43": 0.0, "w_std_res_34": 8.90446429466703, "w_std_34": 10.851278172121015, "w_noise_scale_34": 0.0, "w_std_res_4": 8.914638593347462, "w_std_4": 10.855370718565995, "w_noise_scale_4": 0.0, "w_std_res_41": 8.879118322643302, "w_std_41": 10.841096544947609, "w_noise_scale_41": 0.0, "l2_loss": 25.10130500793457, "lpips_loss": 14.83427619934082, "noise_reg": 1.0677565602523753e-12, "total_delta_reg": 0.0, "total_loss": 14.83427619934082, "step": 199, "t": 0.995, "lr_ramp": 0.0009866357858642205, "lr": 9.866357858642205e-06, "_timestamp": 1677805433.1449819, "_runtime": 1820.2586328983307, "_step": 199, "_wandb": {"runtime": 1819}}