{"frame0.png": {"intrinsics": [[2985.29, 0.0, 512.0], [0.0, 2985.29, 512.0], [0.0, 0.0, 1.0]], "pose": [[0.872677743434906, -0.021140506491065025, -0.48783865571022034, 1.5236315727233887], [0.10251334309577942, -0.9688653349876404, 0.22536839544773102, -0.7131123542785645], [-0.4774143695831299, -0.24668395519256592, -0.8433400988578796, 2.7920472621917725], [0.0, 0.0, 0.0, 1.0]]}, "frame1.png": {"intrinsics": [[2985.29, 0.0, 512.0], [0.0, 2985.29, 512.0], [0.0, 0.0, 1.0]], "pose": [[0.8690052032470703, -0.04559583216905594, -0.49269765615463257, 1.408573865890503], [0.10186535865068436, -0.957929790019989, 0.26831692457199097, -0.7534340023994446], [-0.48420390486717224, -0.2833576202392578, -0.8278013467788696, 2.5289547443389893], [0.0, 0.0, 0.0, 1.0]]}, "frame10.png": {"intrinsics": [[2985.29, 0.0, 512.0], [0.0, 2985.29, 512.0], [0.0, 0.0, 1.0]], "pose": [[0.6040014624595642, -0.10005117952823639, -0.7906782031059265, 2.2929563522338867], [0.09624254703521729, -0.97567218542099, 0.19697998464107513, -0.5651010870933533], [-0.7911508083343506, -0.19507308304309845, -0.5796782374382019, 1.8638769388198853], [0.0, 0.0, 0.0, 1.0]]}, "frame11.png": {"intrinsics": [[2985.29, 0.0, 512.0], [0.0, 2985.29, 512.0], [0.0, 0.0, 1.0]], "pose": [[0.5902762413024902, -0.08425887674093246, -0.8027916550636292, 2.3179450035095215], [0.099710613489151, -0.9793091416358948, 0.17610083520412445, -0.5026540756225586], [-0.8010193109512329, -0.18399496376514435, -0.5696613788604736, 1.8312811851501465], [0.0, 0.0, 0.0, 1.0]]}, "frame12.png": {"intrinsics": [[2985.29, 0.0, 512.0], [0.0, 2985.29, 512.0], [0.0, 0.0, 1.0]], "pose": [[0.5894166231155396, -0.08954599499702454, -0.8028509020805359, 2.3534998893737793], [0.09640930593013763, -0.9789370894432068, 0.17996510863304138, -0.5207864046096802], [-0.8020557165145874, -0.18347671627998352, -0.5683687329292297, 1.8434356451034546], [0.0, 0.0, 0.0, 1.0]]}, "frame13.png": {"intrinsics": [[2985.29, 0.0, 512.0], [0.0, 2985.29, 512.0], [0.0, 0.0, 1.0]], "pose": [[0.5898512601852417, -0.08528205752372742, -0.8029959201812744, 2.3406481742858887], [0.0921325534582138, -0.9808065295219421, 0.17184358835220337, -0.4955940544605255], [-0.8022388219833374, -0.17534419894218445, -0.5706726908683777, 1.842400312423706], [0.0, 0.0, 0.0, 1.0]]}, "frame14.png": {"intrinsics": [[2985.29, 0.0, 512.0], [0.0, 2985.29, 512.0], [0.0, 0.0, 1.0]], "pose": [[0.5853738188743591, -0.08616165816783905, -0.8061721920967102, 2.344409465789795], [0.09307822585105896, -0.9806209206581116, 0.17239181697368622, -0.49395573139190674], [-0.805402934551239, -0.1759507656097412, -0.566010057926178, 1.8258057832717896], [0.0, 0.0, 0.0, 1.0]]}, "frame15.png": {"intrinsics": [[2985.29, 0.0, 512.0], [0.0, 2985.29, 512.0], [0.0, 0.0, 1.0]], "pose": [[0.5851789116859436, -0.08424943685531616, -0.8065157532691956, 2.3354432582855225], [0.097500279545784, -0.9800626039505005, 0.17312103509902954, -0.4955776035785675], [-0.8050212860107422, -0.1799422800540924, -0.5652976632118225, 1.813460350036621], [0.0, 0.0, 0.0, 1.0]]}, "frame16.png": {"intrinsics": [[2985.29, 0.0, 512.0], [0.0, 2985.29, 512.0], [0.0, 0.0, 1.0]], "pose": [[0.5794591307640076, -0.0894012451171875, -0.8100830316543579, 2.332900285720825], [0.1001010537147522, -0.9786325097084045, 0.17960558831691742, -0.5100871324539185], [-0.8088305592536926, -0.18516427278518677, -0.5581284165382385, 1.7861136198043823], [0.0, 0.0, 0.0, 1.0]]}, "frame17.png": {"intrinsics": [[2985.29, 0.0, 512.0], [0.0, 2985.29, 512.0], [0.0, 0.0, 1.0]], "pose": [[0.5787644386291504, -0.08457829058170319, -0.8110969066619873, 2.343400716781616], [0.10069125890731812, -0.979584813117981, 0.17399662733078003, -0.49557366967201233], [-0.80925452709198, -0.18237343430519104, -0.5584325790405273, 1.7902785539627075], [0.0, 0.0, 0.0, 1.0]]}, "frame18.png": {"intrinsics": [[2985.29, 0.0, 512.0], [0.0, 2985.29, 512.0], [0.0, 0.0, 1.0]], "pose": [[0.5699867606163025, -0.0949648842215538, -0.81614750623703, 2.374180793762207], [0.102134570479393, -0.977405846118927, 0.18505795300006866, -0.5313690304756165], [-0.815281331539154, -0.1888374537229538, -0.547409176826477, 1.7707725763320923], [0.0, 0.0, 0.0, 1.0]]}, "frame19.png": {"intrinsics": [[2985.29, 0.0, 512.0], [0.0, 2985.29, 512.0], [0.0, 0.0, 1.0]], "pose": [[0.5587248206138611, -0.09857766330242157, -0.8234737515449524, 2.414440393447876], [0.10088399052619934, -0.9774593710899353, 0.18546073138713837, -0.5441117286682129], [-0.8231943845748901, -0.18669681251049042, -0.5361859202384949, 1.7525153160095215], [0.0, 0.0, 0.0, 1.0]]}, "frame2.png": {"intrinsics": [[2985.29, 0.0, 512.0], [0.0, 2985.29, 512.0], [0.0, 0.0, 1.0]], "pose": [[0.8648321032524109, -0.04658665135502815, -0.4998950660228729, 1.4336457252502441], [0.1015331968665123, -0.9588834047317505, 0.2650162875652313, -0.7523673176765442], [-0.4916872978210449, -0.2799505293369293, -0.8245430588722229, 2.527479887008667], [0.0, 0.0, 0.0, 1.0]]}, "frame20.png": {"intrinsics": [[2985.29, 0.0, 512.0], [0.0, 2985.29, 512.0], [0.0, 0.0, 1.0]], "pose": [[0.5596039891242981, -0.09399054944515228, -0.8234131336212158, 2.392369270324707], [0.09955380856990814, -0.9787300825119019, 0.17937786877155304, -0.5147229433059692], [-0.8227590322494507, -0.18235448002815247, -0.538344144821167, 1.7460298538208008], [0.0, 0.0, 0.0, 1.0]]}, "frame21.png": {"intrinsics": [[2985.29, 0.0, 512.0], [0.0, 2985.29, 512.0], [0.0, 0.0, 1.0]], "pose": [[0.5566564202308655, -0.10052046179771423, -0.8246389031410217, 2.4225878715515137], [0.10829012095928192, -0.9754026532173157, 0.19199714064598083, -0.5599474310874939], [-0.8236546516418457, -0.196176677942276, -0.532078742980957, 1.745516300201416], [0.0, 0.0, 0.0, 1.0]]}, "frame22.png": {"intrinsics": [[2985.29, 0.0, 512.0], [0.0, 2985.29, 512.0], [0.0, 0.0, 1.0]], "pose": [[0.5580510497093201, -0.0928020030260086, -0.8246009945869446, 2.3782217502593994], [0.11834892630577087, -0.974666953086853, 0.18978364765644073, -0.5386327505111694], [-0.8213236331939697, -0.20349960029125214, -0.5329309105873108, 1.7201886177062988], [0.0, 0.0, 0.0, 1.0]]}, "frame23.png": {"intrinsics": [[2985.29, 0.0, 512.0], [0.0, 2985.29, 512.0], [0.0, 0.0, 1.0]], "pose": [[0.5970830917358398, -0.08043923228979111, -0.7981361746788025, 2.3172032833099365], [0.12188644707202911, -0.9743099808692932, 0.189377561211586, -0.5487954020500183], [-0.7928653955459595, -0.21035611629486084, -0.5719395279884338, 1.838462471961975], [0.0, 0.0, 0.0, 1.0]]}, "frame24.png": {"intrinsics": [[2985.29, 0.0, 512.0], [0.0, 2985.29, 512.0], [0.0, 0.0, 1.0]], "pose": [[0.6662649512290955, -0.07441884279251099, -0.7419925332069397, 2.1464345455169678], [0.10992632061243057, -0.9743366241455078, 0.1964292675256729, -0.565692126750946], [-0.7375684976577759, -0.2124384194612503, -0.6409857273101807, 2.035311460494995], [0.0, 0.0, 0.0, 1.0]]}, "frame25.png": {"intrinsics": [[2985.29, 0.0, 512.0], [0.0, 2985.29, 512.0], [0.0, 0.0, 1.0]], "pose": [[0.6857742071151733, -0.07899346202611923, -0.7235148549079895, 2.074964761734009], [0.10763464868068695, -0.9721543788909912, 0.20816007256507874, -0.59165358543396], [-0.7198114395141602, -0.2206260710954666, -0.6581760048866272, 2.0729551315307617], [0.0, 0.0, 0.0, 1.0]]}, "frame26.png": {"intrinsics": [[2985.29, 0.0, 512.0], [0.0, 2985.29, 512.0], [0.0, 0.0, 1.0]], "pose": [[0.6802579164505005, -0.08115285634994507, -0.7284664511680603, 2.1255087852478027], [0.1006520688533783, -0.9740943908691406, 0.20250749588012695, -0.5860950350761414], [-0.7260291576385498, -0.21107898652553558, -0.6544672250747681, 2.0924034118652344], [0.0, 0.0, 0.0, 1.0]]}, "frame27.png": {"intrinsics": [[2985.29, 0.0, 512.0], [0.0, 2985.29, 512.0], [0.0, 0.0, 1.0]],