{"frame0.png": {"intrinsics": [[2985.29, 0.0, 512.0], [0.0, 2985.29, 512.0], [0.0, 0.0, 1.0]], "pose": [[0.9858005046844482, -0.12075688689947128, -0.11668345332145691, 0.308056116104126], [-0.1274503916501999, -0.9904971122741699, -0.05168959125876427, 0.13167421519756317], [-0.10933274775743484, 0.06582698225975037, -0.9918230772018433, 2.806603193283081], [0.0, 0.0, 0.0, 1.0]]}, "frame1.png": {"intrinsics": [[2985.29, 0.0, 512.0], [0.0, 2985.29, 512.0], [0.0, 0.0, 1.0]], "pose": [[0.9858688116073608, -0.12044817954301834, -0.11642548441886902, 0.31127750873565674], [-0.12601420283317566, -0.9911531209945679, -0.04166518524289131, 0.10550490021705627], [-0.1103769838809967, 0.05574767291545868, -0.9923250675201416, 2.8126380443573], [0.0, 0.0, 0.0, 1.0]]}, "frame10.png": {"intrinsics": [[2985.29, 0.0, 512.0], [0.0, 2985.29, 512.0], [0.0, 0.0, 1.0]], "pose": [[0.9840216040611267, -0.10404341667890549, -0.1444869041442871, 0.3837295472621918], [-0.11425445973873138, -0.991371750831604, -0.06424907594919205, 0.17311051487922668], [-0.1365555375814438, 0.07973074913024902, -0.9874186515808105, 2.8127217292785645], [0.0, 0.0, 0.0, 1.0]]}, "frame11.png": {"intrinsics": [[2985.29, 0.0, 512.0], [0.0, 2985.29, 512.0], [0.0, 0.0, 1.0]], "pose": [[0.9843202829360962, -0.10643307864665985, -0.1406612992286682, 0.37726056575775146], [-0.11726206541061401, -0.9905553460121155, -0.07106129080057144, 0.191078782081604], [-0.13176952302455902, 0.08644130080938339, -0.987504243850708, 2.8206048011779785], [0.0, 0.0, 0.0, 1.0]]}, "frame12.png": {"intrinsics": [[2985.29, 0.0, 512.0], [0.0, 2985.29, 512.0], [0.0, 0.0, 1.0]], "pose": [[0.9838466048240662, -0.10552909225225449, -0.14460094273090363, 0.3821091949939728], [-0.11845535784959793, -0.9894094467163086, -0.08388898521661758, 0.2231200486421585], [-0.1342168003320694, 0.0996626541018486, -0.9859275817871094, 2.7852580547332764], [0.0, 0.0, 0.0, 1.0]]}, "frame13.png": {"intrinsics": [[2985.29, 0.0, 512.0], [0.0, 2985.29, 512.0], [0.0, 0.0, 1.0]], "pose": [[0.9837185144424438, -0.10834542661905289, -0.14338448643684387, 0.386365681886673], [-0.12167131900787354, -0.9886912703514099, -0.08766742795705795, 0.23732231557369232], [-0.1322646290063858, 0.10368584841489792, -0.9857764840126038, 2.819171190261841], [0.0, 0.0, 0.0, 1.0]]}, "frame14.png": {"intrinsics": [[2985.29, 0.0, 512.0], [0.0, 2985.29, 512.0], [0.0, 0.0, 1.0]], "pose": [[0.9837716221809387, -0.10270887613296509, -0.1471199244260788, 0.39262855052948], [-0.11626467853784561, -0.9894271492958069, -0.08669757843017578, 0.2342798411846161], [-0.13665983080863953, 0.10239547491073608, -0.98531174659729, 2.814595937728882], [0.0, 0.0, 0.0, 1.0]]}, "frame15.png": {"intrinsics": [[2985.29, 0.0, 512.0], [0.0, 2985.29, 512.0], [0.0, 0.0, 1.0]], "pose": [[0.9869280457496643, 0.13593104481697083, 0.08657779544591904, -0.22896987199783325], [0.14992043375968933, -0.9714770913124084, -0.18372829258441925, 0.4906434416770935], [0.05913396179676056, 0.1943063884973526, -0.9791569113731384, 2.6968445777893066], [0.0, 0.0, 0.0, 1.0]]}, "frame16.png": {"intrinsics": [[2985.29, 0.0, 512.0], [0.0, 2985.29, 512.0], [0.0, 0.0, 1.0]], "pose": [[0.9864966869354248, 0.13757655024528503, 0.08886513859033585, -0.23714284598827362], [0.15155556797981262, -0.972498893737793, -0.17685255408287048, 0.47296053171157837], [0.06209048628807068, 0.18793247640132904, -0.980217456817627, 2.727912425994873], [0.0, 0.0, 0.0, 1.0]]}, "frame17.png": {"intrinsics": [[2985.29, 0.0, 512.0], [0.0, 2985.29, 512.0], [0.0, 0.0, 1.0]], "pose": [[0.9881823062896729, 0.12152013927698135, 0.09342661499977112, -0.24926236271858215], [0.1377110630273819, -0.9714952111244202, -0.19295775890350342, 0.5138052701950073], [0.0673152506351471, 0.20354332029819489, -0.976749062538147, 2.7023637294769287], [0.0, 0.0, 0.0, 1.0]]}, "frame18.png": {"intrinsics": [[2985.29, 0.0, 512.0], [0.0, 2985.29, 512.0], [0.0, 0.0, 1.0]], "pose": [[0.9856497645378113, -0.08544210344552994, -0.1455821692943573, 0.3854663372039795], [-0.0954289361834526, -0.9934377670288086, -0.06304407119750977, 0.16787447035312653], [-0.13924022018909454, 0.0760321244597435, -0.9873353838920593, 2.7962396144866943], [0.0, 0.0, 0.0, 1.0]]}, "frame19.png": {"intrinsics": [[2985.29, 0.0, 512.0], [0.0, 2985.29, 512.0], [0.0, 0.0, 1.0]], "pose": [[0.9864625930786133, -0.08651483058929443, -0.13930818438529968, 0.3678039610385895], [-0.09701719880104065, -0.9927868247032166, -0.0704413428902626, 0.18261955678462982], [-0.13220910727977753, 0.08300302922725677, -0.9877404570579529, 2.7981555461883545], [0.0, 0.0, 0.0, 1.0]]}, "frame2.png": {"intrinsics": [[2985.29, 0.0, 512.0], [0.0, 2985.29, 512.0], [0.0, 0.0, 1.0]], "pose": [[0.988037645816803, 0.1124911829829216, 0.1054859384894371, -0.27846038341522217], [0.13064952194690704, -0.9740070700645447, -0.18504296243190765, 0.5080803632736206], [0.08192834258079529, 0.19661110639572144, -0.9770525693893433, 2.710820198059082], [0.0, 0.0, 0.0, 1.0]]}, "frame20.png": {"intrinsics": [[2985.29, 0.0, 512.0], [0.0, 2985.29, 512.0], [0.0, 0.0, 1.0]], "pose": [[0.9873446226119995, -0.08789685368537903, -0.1320023089647293, 0.34500738978385925], [-0.09661872684955597, -0.9934394359588623, -0.06117912009358406, 0.15760673582553864], [-0.1257588416337967, 0.07315877825021744, -0.9893596172332764, 2.769315242767334], [0.0, 0.0, 0.0, 1.0]]}, "frame21.png": {"intrinsics": [[2985.29, 0.0, 512.0], [0.0, 2985.29, 512.0], [0.0, 0.0, 1.0]], "pose": [[0.9883915185928345, -0.09173277765512466, -0.12110815942287445, 0.3227549195289612], [-0.09831622987985611, -0.9939213395118713, -0.049540601670742035, 0.12968255579471588], [-0.11582748591899872, 0.06087241321802139, -0.9914023280143738, 2.7907562255859375], [0.0, 0.0, 0.0, 1.0]]}, "frame22.png": {"intrinsics": [[2985.29, 0.0, 512.0], [0.0, 2985.29, 512.0], [0.0, 0.0, 1.0]], "pose": [[0.9871330857276917, 0.1335853487253189, 0.08788123726844788, -0.24292238056659698], [0.14733749628067017, -0.9734264016151428, -0.1753072589635849, 0.48948583006858826], [0.062127429991960526, 0.185999795794487, -0.9805836081504822, 2.833017110824585], [0.0, 0.0, 0.0, 1.0]]}, "frame23.png": {"intrinsics": [[2985.29, 0.0, 512.0], [0.0, 2985.29, 512.0], [0.0, 0.0, 1.0]], "pose": [[0.9871267080307007, 0.13358886539936066, 0.08794798702001572, -0.2431105375289917], [0.14734888076782227, -0.9734377264976501, -0.17523524165153503, 0.4893120229244232], [0.06220240890979767, 0.18593843281269073, -0.9805905222892761, 2.833115339279175], [0.0, 0.0, 0.0, 1.0]]}, "frame24.png": {"intrinsics": [[2985.29, 0.0, 512.0], [0.0, 2985.29, 512.0], [0.0, 0.0, 1.0]], "pose": [[0.9870187640190125, 0.13373611867427826, 0.088930144906044, -0.23815254867076874], [0.14770470559597015, -0.9733085036277771, -0.17565278708934784, 0.47987207770347595], [0.06306534260511398, 0.18650799989700317, -0.9804272055625916, 2.7766873836517334], [0.0, 0.0, 0.0, 1.0]]}, "frame25.png": {"intrinsics": [[2985.29, 0.0, 512.0], [0.0, 2985.29, 512.0], [0.0, 0.0, 1.0]], "pose": [[0.986743688583374, 0.13428814709186554, 0.09112397581338882, -0.2461230307817459], [0.1488068699836731, -0.972740888595581, -0.17785295844078064, 0.4865580201148987], [0.06475647538900375, 0.1890551596879959, -0.9798288941383362, 2.779045581817627], [0.0, 0.0, 0.0, 1.0]]}, "frame26.png": {"intrinsics": [[2985.29, 0.0, 512.0], [0.0, 2985.29, 512.0], [0.0, 0.0, 1.0]], "pose": [[0.9867309331893921, 0.13467198610305786, 0.09069454669952393, -0.24495115876197815], [0.14906750619411469, -0.9728013277053833, -0.17730313539505005, 0.485085666179657], [0.06435000896453857, 0.18847009539604187, -0.9799684286117554, 2.779134750366211], [0.0, 0.0, 0.0, 1.0]]}, "frame27.png": {"intrinsics": [[2985.29, 0.0, 512.0], [0.0, 2985.29, 512.0], [0.0, 0.0, 1.0]],