{"frame0.png": {"intrinsics": [[2985.29, 0.0, 512.0], [0.0, 2985.29, 512.0], [0.0, 0.0, 1.0]], "pose": [[0.9834632873535156, -0.1433643102645874, -0.110664501786232, 0.29123592376708984], [-0.17024753987789154, -0.9402367472648621, -0.29490771889686584, 0.787711501121521], [-0.061771590262651443, 0.3088712990283966, -0.9490957260131836, 2.6786930561065674], [0.0, 0.0, 0.0, 1.0]]}, "frame1.png": {"intrinsics": [[2985.29, 0.0, 512.0], [0.0, 2985.29, 512.0], [0.0, 0.0, 1.0]], "pose": [[0.9834572076797485, -0.1433686912059784, -0.11071304976940155, 0.29135823249816895], [-0.17027314007282257, -0.9402017593383789, -0.29500454664230347, 0.7879271507263184], [-0.06179819256067276, 0.30897578597068787, -0.9490600228309631, 2.6785318851470947], [0.0, 0.0, 0.0, 1.0]]}, "frame10.png": {"intrinsics": [[2985.29, 0.0, 512.0], [0.0, 2985.29, 512.0], [0.0, 0.0, 1.0]], "pose": [[0.9852567315101624, -0.1527172327041626, -0.07711506634950638, 0.21985062956809998], [-0.1700204759836197, -0.9241811037063599, -0.3420267105102539, 0.9735670685768127], [-0.019034914672374725, 0.3500952422618866, -0.9365206956863403, 2.7877981662750244], [0.0, 0.0, 0.0, 1.0]]}, "frame11.png": {"intrinsics": [[2985.29, 0.0, 512.0], [0.0, 2985.29, 512.0], [0.0, 0.0, 1.0]], "pose": [[0.985459566116333, -0.15198375284671783, -0.0759623572230339, 0.21577921509742737], [-0.16902807354927063, -0.92240309715271, -0.3472779393196106, 0.9885203242301941], [-0.017287302762269974, 0.3550681471824646, -0.9346805214881897, 2.7852208614349365], [0.0, 0.0, 0.0, 1.0]]}, "frame12.png": {"intrinsics": [[2985.29, 0.0, 512.0], [0.0, 2985.29, 512.0], [0.0, 0.0, 1.0]], "pose": [[0.9850367903709412, -0.15801489353179932, -0.06880277395248413, 0.17842257022857666], [-0.17194029688835144, -0.9283362030982971, -0.3295882046222687, 0.8756735324859619], [-0.011792264878749847, 0.33648645877838135, -0.9416144490242004, 2.65136981010437], [0.0, 0.0, 0.0, 1.0]]}, "frame13.png": {"intrinsics": [[2985.29, 0.0, 512.0], [0.0, 2985.29, 512.0], [0.0, 0.0, 1.0]], "pose": [[0.9851236939430237, -0.15704265236854553, -0.06977749615907669, 0.18311859667301178], [-0.1714099794626236, -0.9269004464149475, -0.33387741446495056, 0.8925557136535645], [-0.01224379613995552, 0.34087109565734863, -0.9400302767753601, 2.6636645793914795], [0.0, 0.0, 0.0, 1.0]]}, "frame14.png": {"intrinsics": [[2985.29, 0.0, 512.0], [0.0, 2985.29, 512.0], [0.0, 0.0, 1.0]], "pose": [[0.9853832721710205, -0.1524239033460617, -0.07607050240039825, 0.20136122405529022], [-0.16929659247398376, -0.9258465766906738, -0.3378562033176422, 0.9022396206855774], [-0.01893225684762001, 0.3457963466644287, -0.938118577003479, 2.6646475791931152], [0.0, 0.0, 0.0, 1.0]]}, "frame15.png": {"intrinsics": [[2985.29, 0.0, 512.0], [0.0, 2985.29, 512.0], [0.0, 0.0, 1.0]], "pose": [[0.9853070974349976, -0.14904144406318665, -0.08340605348348618, 0.23361825942993164], [-0.16822654008865356, -0.9312371611595154, -0.3232603073120117, 0.9019595384597778], [-0.02949162945151329, 0.3325417637825012, -0.9426272511482239, 2.7540345191955566], [0.0, 0.0, 0.0, 1.0]]}, "frame16.png": {"intrinsics": [[2985.29, 0.0, 512.0], [0.0, 2985.29, 512.0], [0.0, 0.0, 1.0]], "pose": [[0.9850943088531494, -0.1499347686767578, -0.08431311696767807, 0.22339528799057007], [-0.16924446821212769, -0.9324319958686829, -0.3192598819732666, 0.8526623845100403], [-0.030748087912797928, 0.32877063751220703, -0.9439090490341187, 2.6784770488739014], [0.0, 0.0, 0.0, 1.0]]}, "frame17.png": {"intrinsics": [[2985.29, 0.0, 512.0], [0.0, 2985.29, 512.0], [0.0, 0.0, 1.0]], "pose": [[0.9856259226799011, -0.14888130128383636, -0.07984992861747742, 0.2078620195388794], [-0.1664249300956726, -0.9369367957115173, -0.3073308765888214, 0.8202950954437256], [-0.029058516025543213, 0.3162022829055786, -0.9482467174530029, 2.676910638809204], [0.0, 0.0, 0.0, 1.0]]}, "frame18.png": {"intrinsics": [[2985.29, 0.0, 512.0], [0.0, 2985.29, 512.0], [0.0, 0.0, 1.0]], "pose": [[0.9867232441902161, -0.1385708749294281, -0.0847078338265419, 0.22337044775485992], [-0.15745536983013153, -0.9440524578094482, -0.28978079557418823, 0.7674648761749268], [-0.039813462644815445, 0.2992711663246155, -0.9533371329307556, 2.684013605117798], [0.0, 0.0, 0.0, 1.0]]}, "frame19.png": {"intrinsics": [[2985.29, 0.0, 512.0], [0.0, 2985.29, 512.0], [0.0, 0.0, 1.0]], "pose": [[0.9873034954071045, -0.13101395964622498, -0.08981691300868988, 0.2318953424692154], [-0.15150479972362518, -0.9465887546539307, -0.28463318943977356, 0.7437629103660583], [-0.047728754580020905, 0.2946270704269409, -0.9544196128845215, 2.6520023345947266], [0.0, 0.0, 0.0, 1.0]]}, "frame2.png": {"intrinsics": [[2985.29, 0.0, 512.0], [0.0, 2985.29, 512.0], [0.0, 0.0, 1.0]], "pose": [[0.9829943180084229, -0.149239182472229, -0.10700348764657974, 0.27954888343811035], [-0.17590652406215668, -0.9325197339057922, -0.31537893414497375, 0.8301231861114502], [-0.0527159683406353, 0.3288383185863495, -0.9429137706756592, 2.647404432296753], [0.0, 0.0, 0.0, 1.0]]}, "frame20.png": {"intrinsics": [[2985.29, 0.0, 512.0], [0.0, 2985.29, 512.0], [0.0, 0.0, 1.0]], "pose": [[0.9872140288352966, -0.13044373691082, -0.09161285310983658, 0.23980291187763214], [-0.15118734538555145, -0.9483562707901001, -0.2788597047328949, 0.736761212348938], [-0.05050612986087799, 0.289144903421402, -0.9559521079063416, 2.677511692047119], [0.0, 0.0, 0.0, 1.0]]}, "frame21.png": {"intrinsics": [[2985.29, 0.0, 512.0], [0.0, 2985.29, 512.0], [0.0, 0.0, 1.0]], "pose": [[0.9871276021003723, -0.12980522215366364, -0.09343267232179642, 0.24328066408634186], [-0.15113070607185364, -0.9482164978981018, -0.2793654501438141, 0.734131395816803], [-0.05233130231499672, 0.2898898720741272, -0.9556282162666321, 2.6651434898376465], [0.0, 0.0, 0.0, 1.0]]}, "frame22.png": {"intrinsics": [[2985.29, 0.0, 512.0], [0.0, 2985.29, 512.0], [0.0, 0.0, 1.0]], "pose": [[0.986631453037262, -0.13085873425006866, -0.09713055193424225, 0.25069257616996765], [-0.15328289568424225, -0.9475597739219666, -0.28041914105415344, 0.7283926010131836], [-0.055341701954603195, 0.2915588319301605, -0.9549506306648254, 2.635713815689087], [0.0, 0.0, 0.0, 1.0]]}, "frame23.png": {"intrinsics": [[2985.29, 0.0, 512.0], [0.0, 2985.29, 512.0], [0.0, 0.0, 1.0]], "pose": [[0.9860864281654358, -0.1314150094985962, -0.10180208086967468, 0.2617625296115875], [-0.15566092729568481, -0.9448806047439575, -0.2880455553531647, 0.7449533343315125], [-0.05833730846643448, 0.2998844087123871, -0.9521901607513428, 2.612896203994751], [0.0, 0.0, 0.0, 1.0]]}, "frame24.png": {"intrinsics": [[2985.29, 0.0, 512.0], [0.0, 2985.29, 512.0], [0.0, 0.0, 1.0]], "pose": [[0.985534131526947, -0.13490398228168488, -0.10258372873067856, 0.2712303400039673], [-0.1599331647157669, -0.9405663013458252, -0.2995937466621399, 0.7937524914741516], [-0.05607040971517563, 0.3116663694381714, -0.9485358595848083, 2.669731855392456], [0.0, 0.0, 0.0, 1.0]]}, "frame25.png": {"intrinsics": [[2985.29, 0.0, 512.0], [0.0, 2985.29, 512.0], [0.0, 0.0, 1.0]], "pose": [[0.9846438765525818, -0.13699139654636383, -0.1082117110490799, 0.2896766662597656], [-0.16475088894367218, -0.934187650680542, -0.3164655864238739, 0.8503936529159546], [-0.05773698911070824, 0.3294338583946228, -0.9424116611480713, 2.6807870864868164], [0.0, 0.0, 0.0, 1.0]]}, "frame26.png": {"intrinsics": [[2985.29, 0.0, 512.0], [0.0, 2985.29, 512.0], [0.0, 0.0, 1.0]], "pose": [[0.9837784767150879, -0.14013028144836426, -0.11199720203876495, 0.3018900454044342], [-0.16966167092323303, -0.92960524559021, -0.3271835744380951, 0.8811847567558289], [-0.05826486274600029, 0.34087780117988586, -0.938300371170044, 2.677809476852417], [0.0, 0.0, 0.0, 1.0]]}, "frame27.png": {"intrinsics": [[2985.29, 0.0, 512.0], [0.0, 2985.29, 512.0], [0.0, 0.0, 1.0]],