{"frame0.png": {"intrinsics": [[2985.29, 0.0, 512.0], [0.0, 2985.29, 512.0], [0.0, 0.0, 1.0]], "pose": [[0.9955083131790161, -0.09437423199415207, 0.0075277597643435, -0.026486998423933983], [-0.0944969654083252, -0.9953609704971313, 0.01807728409767151, -0.0475834459066391], [0.005786808207631111, -0.018707437440752983, -0.9998082518577576, 2.8683407306671143], [0.0, 0.0, 0.0, 1.0]]}, "frame1.png": {"intrinsics": [[2985.29, 0.0, 512.0], [0.0, 2985.29, 512.0], [0.0, 0.0, 1.0]], "pose": [[0.9958332777023315, -0.08021741360425949, 0.04337231442332268, -0.11693038791418076], [-0.0809071809053421, -0.9966177940368652, 0.014386327937245369, -0.0332382507622242], [0.04207158088684082, -0.01783551648259163, -0.9989553689956665, 2.729625940322876], [0.0, 0.0, 0.0, 1.0]]}, "frame10.png": {"intrinsics": [[2985.29, 0.0, 512.0], [0.0, 2985.29, 512.0], [0.0, 0.0, 1.0]], "pose": [[0.9882820844650269, -0.0010643478017300367, 0.15263484418392181, -0.3882090151309967], [0.003965661861002445, -0.9994590878486633, -0.032646313309669495, 0.08922075480222702], [0.15258702635765076, 0.032869063317775726, -0.9877433180809021, 2.675222396850586], [0.0, 0.0, 0.0, 1.0]]}, "frame11.png": {"intrinsics": [[2985.29, 0.0, 512.0], [0.0, 2985.29, 512.0], [0.0, 0.0, 1.0]], "pose": [[0.9999520778656006, 0.006470290943980217, 0.0073496438562870026, -0.021440371870994568], [0.006913372315466404, -0.9980551600456238, -0.06195322051644325, 0.16689042747020721], [0.006934494245797396, 0.0620010606944561, -0.9980520009994507, 2.7352120876312256], [0.0, 0.0, 0.0, 1.0]]}, "frame12.png": {"intrinsics": [[2985.29, 0.0, 512.0], [0.0, 2985.29, 512.0], [0.0, 0.0, 1.0]], "pose": [[0.9913356900215149, 0.014309387654066086, 0.1305708885192871, -0.3421216607093811], [0.01834864541888237, -0.9993878602981567, -0.029784884303808212, 0.07518917322158813], [0.13006475567817688, 0.03192261606454849, -0.990991473197937, 2.7557859420776367], [0.0, 0.0, 0.0, 1.0]]}, "frame13.png": {"intrinsics": [[2985.29, 0.0, 512.0], [0.0, 2985.29, 512.0], [0.0, 0.0, 1.0]], "pose": [[0.9566410779953003, -0.07156597822904587, 0.2823404371738434, -0.7094001173973083], [-0.07107255607843399, -0.9973989129066467, -0.012002880685031414, 0.039483219385147095], [0.2824650704860687, -0.00858420878648758, -0.9592391848564148, 2.584841012954712], [0.0, 0.0, 0.0, 1.0]]}, "frame14.png": {"intrinsics": [[2985.29, 0.0, 512.0], [0.0, 2985.29, 512.0], [0.0, 0.0, 1.0]], "pose": [[0.9976611137390137, -0.019564073532819748, 0.0654941275715828, -0.16160228848457336], [-0.023670656606554985, -0.9977626204490662, 0.06252457201480865, -0.16166149079799652], [0.06412436068058014, -0.06392862647771835, -0.9958921074867249, 2.678309440612793], [0.0, 0.0, 0.0, 1.0]]}, "frame2.png": {"intrinsics": [[2985.29, 0.0, 512.0], [0.0, 2985.29, 512.0], [0.0, 0.0, 1.0]], "pose": [[0.9871278405189514, -0.08076373487710953, 0.13804297149181366, -0.36194515228271484], [-0.09017093479633331, -0.9939125776290894, 0.06330017000436783, -0.17213760316371918], [0.13209030032157898, -0.07493282109498978, -0.9884012937545776, 2.7788305282592773], [0.0, 0.0, 0.0, 1.0]]}, "frame3.png": {"intrinsics": [[2985.29, 0.0, 512.0], [0.0, 2985.29, 512.0], [0.0, 0.0, 1.0]], "pose": [[0.9911301732063293, -0.1327757090330124, 0.005616744514554739, -0.01318777073174715], [-0.13247618079185486, -0.990478515625, -0.03744843602180481, 0.10108213126659393], [0.010535508394241333, 0.036372192203998566, -0.999282717704773, 2.763033390045166], [0.0, 0.0, 0.0, 1.0]]}, "frame4.png": {"intrinsics": [[2985.29, 0.0, 512.0], [0.0, 2985.29, 512.0], [0.0, 0.0, 1.0]], "pose": [[0.9960421919822693, -0.06486158818006516, 0.06076980009675026, -0.16210463643074036], [-0.06610623747110367, -0.9976373910903931, 0.018697533756494522, -0.048696938902139664], [0.05941347777843475, -0.02264079637825489, -0.9979766011238098, 2.809536933898926], [0.0, 0.0, 0.0, 1.0]]}, "frame5.png": {"intrinsics": [[2985.29, 0.0, 512.0], [0.0, 2985.29, 512.0], [0.0, 0.0, 1.0]], "pose": [[0.9836709499359131, -0.15176908671855927, 0.09673481434583664, -0.2507931590080261], [-0.15142391622066498, -0.9884083867073059, -0.010942693799734116, 0.0321044921875], [0.09727425873279572, -0.003883953206241131, -0.9952500462532043, 2.7672722339630127], [0.0, 0.0, 0.0, 1.0]]}, "frame6.png": {"intrinsics": [[2985.29, 0.0, 512.0], [0.0, 2985.29, 512.0], [0.0, 0.0, 1.0]], "pose": [[0.989287257194519, 0.02739757113158703, 0.14338789880275726, -0.36199086904525757], [0.01114804670214653, -0.9935410618782043, 0.11292438954114914, -0.28436553478240967], [0.14555561542510986, -0.11011616885662079, -0.9832029342651367, 2.68172025680542], [0.0, 0.0, 0.0, 1.0]]}, "frame7.png": {"intrinsics": [[2985.29, 0.0, 512.0], [0.0, 2985.29, 512.0], [0.0, 0.0, 1.0]], "pose": [[0.9865630865097046, 0.06261935830116272, 0.15090428292751312, -0.39168781042099], [0.04742199555039406, -0.9936240911483765, 0.10228542983531952, -0.2707262933254242], [0.15634718537330627, -0.093754842877388, -0.983242392539978, 2.7425472736358643], [0.0, 0.0, 0.0, 1.0]]}, "frame8.png": {"intrinsics": [[2985.29, 0.0, 512.0], [0.0, 2985.29, 512.0], [0.0, 0.0, 1.0]], "pose": [[0.9993754625320435, 0.012675722129642963, -0.03298630937933922, 0.08750585466623306], [0.013798323459923267, -0.9993255734443665, 0.0340302549302578, -0.08708498626947403], [-0.0325327031314373, -0.03446415811777115, -0.9988762736320496, 2.7287676334381104], [0.0, 0.0, 0.0, 1.0]]}, "frame9.png": {"intrinsics": [[2985.29, 0.0, 512.0], [0.0, 2985.29, 512.0], [0.0, 0.0, 1.0]], "pose": [[0.9969884753227234, -0.004022395238280296, 0.07744539529085159, -0.20298469066619873], [-0.0020775827579200268, -0.9996808767318726, -0.025176258757710457, 0.06846638023853302], [0.07752195000648499, 0.02493954263627529, -0.9966786503791809, 2.8159942626953125], [0.0, 0.0, 0.0, 1.0]]}}