{"w_std_temp": 8.8825012313537, "w_std_res_8": 8.884957442216592, "w_std_8": 10.843460601325575, "w_noise_scale_8": 0.0, "w_std_res_29": 8.88628068288415, "w_std_29": 10.84399190652363, "w_noise_scale_29": 0.0, "w_std_res_25": 8.920122967201742, "w_std_25": 10.857598217953177, "w_noise_scale_25": 0.0, "w_std_res_30": 8.94350846983442, "w_std_30": 10.867020592715374, "w_noise_scale_30": 0.0, "w_std_res_47": 8.883867489021885, "w_std_47": 10.843023005169037, "w_noise_scale_47": 0.0, "w_std_res_9": 8.894054369352595, "w_std_9": 10.847114254779932, "w_noise_scale_9": 0.0, "w_std_res_16": 8.858047188856018, "w_std_16": 10.832667175031272, "w_noise_scale_16": 0.0, "w_std_res_35": 8.920997439328183, "w_std_35": 10.857950259055572, "w_noise_scale_35": 0.0, "w_std_res_0": 8.921860004365682, "w_std_0": 10.858297529280316, "w_noise_scale_0": 0.0, "w_std_res_15": 8.922544742813006, "w_std_15": 10.858573222199821, "w_noise_scale_15": 0.0, "w_std_res_48": 8.918043507406766, "w_std_48": 10.856761171039915, "w_noise_scale_48": 0.0, "w_std_res_42": 8.902127554691631, "w_std_42": 10.850358836232099, "w_noise_scale_42": 0.0, "w_std_res_44": 8.912969395072553, "w_std_44": 10.854719232176159, "w_noise_scale_44": 0.0, "w_std_res_2": 8.91617122844778, "w_std_2": 10.856007632585285, "w_noise_scale_2": 0.0, "w_std_res_22": 8.898943933130493, "w_std_22": 10.849079115586262, "w_noise_scale_22": 0.0, "w_std_res_37": 8.921283364796794, "w_std_37": 10.858065370670321, "w_noise_scale_37": 0.0, "w_std_res_1": 8.923974030665933, "w_std_1": 10.859148735052853, "w_noise_scale_1": 0.0, "w_std_res_33": 8.906449559167783, "w_std_33": 10.852096643621453, "w_noise_scale_33": 0.0, "w_std_res_31": 8.909334992018204, "w_std_31": 10.853257143595188, "w_noise_scale_31": 0.0, "w_std_res_32": 8.916981692254392, "w_std_32": 10.856333807966665, "w_noise_scale_32": 0.0, "w_std_res_10": 8.897946128882777, "w_std_10": 10.848678091275683, "w_noise_scale_10": 0.0, "w_std_res_26": 8.879040893446769, "w_std_26": 10.841085648904125, "w_noise_scale_26": 0.0, "w_std_res_19": 8.913378725965817, "w_std_19": 10.854883927436765, "w_noise_scale_19": 0.0, "w_std_res_40": 8.944759726370519, "w_std_40": 10.867525207728988, "w_noise_scale_40": 0.0, "w_std_res_20": 8.90690348479762, "w_std_20": 10.852279192495693, "w_noise_scale_20": 0.0, "w_std_res_18": 8.88896216875176, "w_std_18": 10.845068734654243, "w_noise_scale_18": 0.0, "w_std_res_38": 8.901150733191749, "w_std_38": 10.849966150580839, "w_noise_scale_38": 0.0, "w_std_res_39": 8.89836054071198, "w_std_39": 10.848844642547196, "w_noise_scale_39": 0.0, "w_std_res_27": 8.880546242349059, "w_std_27": 10.841689807895492, "w_noise_scale_27": 0.0, "w_std_res_6": 8.929754510903422, "w_std_6": 10.861476915284127, "w_noise_scale_6": 0.0, "w_std_res_46": 8.865577304242516, "w_std_46": 10.8356852106535, "w_noise_scale_46": 0.0, "w_std_res_21": 8.881649797475692, "w_std_21": 10.84213275404106, "w_noise_scale_21": 0.0, "w_std_res_45": 8.892940054475797, "w_std_45": 10.846666571031166, "w_noise_scale_45": 0.0, "w_std_res_24": 8.936823838059022, "w_std_24": 10.864325569409496, "w_noise_scale_24": 0.0, "w_std_res_3": 8.93681291065221, "w_std_3": 10.86432116494169, "w_noise_scale_3": 0.0, "w_std_res_28": 8.885481047050858, "w_std_28": 10.84367083184357, "w_noise_scale_28": 0.0, "w_std_res_23": 8.926915060646651, "w_std_23": 10.860333155571242, "w_noise_scale_23": 0.0, "w_std_res_14": 8.896815617118296, "w_std_14": 10.848223767338595, "w_noise_scale_14": 0.0, "w_std_res_13": 8.902127554691631, "w_std_13": 10.850358836232099, "w_noise_scale_13": 0.0, "w_std_res_17": 8.874282541422716, "w_std_17": 10.839176376978557, "w_noise_scale_17": 0.0, "w_std_res_11": 8.929572970612872, "w_std_11": 10.861403781711413, "w_noise_scale_11": 0.0, "w_std_res_49": 8.93734134474565, "w_std_49": 10.864534162960002, "w_noise_scale_49": 0.0, "w_std_res_5": 8.918043507406766, "w_std_5": 10.856761171039915, "w_noise_scale_5": 0.0, "w_std_res_7": 8.93748339159296, "w_std_7": 10.864591419779668, "w_noise_scale_7": 0.0, "w_std_res_36": 8.896802006198632, "w_std_36": 10.84821829769179, "w_noise_scale_36": 0.0, "w_std_res_12": 8.922032945186876, "w_std_12": 10.858367158267859, "w_noise_scale_12": 0.0, "w_std_res_43": 8.949251016146547, "w_std_43": 10.869336873172163, "w_noise_scale_43": 0.0, "w_std_res_34": 8.928537464221113, "w_std_34": 10.860986646594313, "w_noise_scale_34": 0.0, "w_std_res_4": 8.889740839163986, "w_std_4": 10.845381473091438, "w_noise_scale_4": 0.0, "w_std_res_41": 8.942430895036315, "w_std_41": 10.86658605902171, "w_noise_scale_41": 0.0, "l2_loss": 3.046856641769409, "lpips_loss": 11.530386924743652, "noise_reg": 434.7937316894531, "total_delta_reg": 3750.720947265625, "total_loss": 18.327966690063477, "step": 199, "t": 0.995, "lr_ramp": 0.0009866357858642205, "lr": 9.866357858642205e-06, "_timestamp": 1677745660.4132917, "_runtime": 1672.221266746521, "_step": 199, "_wandb": {"runtime": 1671}}