{"step": 99, "c_loss": 0.6611328125, "i_loss": 0.22662848234176636, "l2_loss": 0.246262326836586, "total_loss": 0.66259765625, "_timestamp": 1678066136.7735374, "_runtime": 1195.3525083065033, "_step": 4999, "_wandb": {"runtime": 1194}}