{"w_std_temp": 8.882476604247264, "w_std_res_8": 8.915927198698967, "w_std_8": 10.855889275095109, "w_noise_scale_8": 0.0, "w_std_res_29": 8.886123750685673, "w_std_29": 10.843908720019964, "w_noise_scale_29": 0.0, "w_std_res_25": 8.88596505732495, "w_std_25": 10.843844999583865, "w_noise_scale_25": 0.0, "w_std_res_30": 8.910501616772201, "w_std_30": 10.853706268626631, "w_noise_scale_30": 0.0, "w_std_res_47": 8.948587964729407, "w_std_47": 10.869049251918264, "w_noise_scale_47": 0.0, "w_std_res_9": 8.892882072899651, "w_std_9": 10.846623110011015, "w_noise_scale_9": 0.0, "w_std_res_16": 8.890070830707707, "w_std_16": 10.845493843931221, "w_noise_scale_16": 0.0, "w_std_res_35": 8.921998795113122, "w_std_35": 10.85833326298286, "w_noise_scale_35": 0.0, "w_std_res_0": 8.909448548451245, "w_std_0": 10.853282665137538, "w_noise_scale_0": 0.0, "w_std_res_15": 8.928994641755589, "w_std_15": 10.861150667775721, "w_noise_scale_15": 0.0, "w_std_res_48": 8.957264422662758, "w_std_48": 10.872550654486508, "w_noise_scale_48": 0.0, "w_std_res_42": 8.921624887037114, "w_std_42": 10.858182722318224, "w_noise_scale_42": 0.0, "w_std_res_44": 8.903973831947171, "w_std_44": 10.85108096573793, "w_noise_scale_44": 0.0, "w_std_res_2": 8.889474112679558, "w_std_2": 10.845254175214153, "w_noise_scale_2": 0.0, "w_std_res_22": 8.91712712985522, "w_std_22": 10.856372192749289, "w_noise_scale_22": 0.0, "w_std_res_37": 8.907455181616127, "w_std_37": 10.852480912359395, "w_noise_scale_37": 0.0, "w_std_res_1": 8.907649451454631, "w_std_1": 10.852559044414363, "w_noise_scale_1": 0.0, "w_std_res_33": 8.90743237765519, "w_std_33": 10.85247174106549, "w_noise_scale_33": 0.0, "w_std_res_31": 8.89208654506916, "w_std_31": 10.846303524991821, "w_noise_scale_31": 0.0, "w_std_res_32": 8.884089975202864, "w_std_32": 10.84309215223568, "w_noise_scale_32": 0.0, "w_std_res_10": 8.899584786662802, "w_std_10": 10.849316532332809, "w_noise_scale_10": 0.0, "w_std_res_26": 8.889218364119536, "w_std_26": 10.845151458428324, "w_noise_scale_26": 0.0, "w_std_res_19": 8.912324682707649, "w_std_19": 10.854439687865053, "w_noise_scale_19": 0.0, "w_std_res_40": 8.929134196550077, "w_std_40": 10.861206885056559, "w_noise_scale_40": 0.0, "w_std_res_20": 8.885897798618888, "w_std_20": 10.843817993302682, "w_noise_scale_20": 0.0, "w_std_res_18": 8.892672545416254, "w_std_18": 10.846538935300975, "w_noise_scale_18": 0.0, "w_std_res_38": 8.915145995719868, "w_std_38": 10.855574899849847, "w_noise_scale_38": 0.0, "w_std_res_39": 8.903981728698684, "w_std_39": 10.851084140824364, "w_noise_scale_39": 0.0, "w_std_res_27": 8.904653365656634, "w_std_27": 10.851354196164873, "w_noise_scale_27": 0.0, "w_std_res_6": 8.924605646049578, "w_std_6": 10.859382935248899, "w_noise_scale_6": 0.0, "w_std_res_46": 8.909721253355796, "w_std_46": 10.853392359217693, "w_noise_scale_46": 0.0, "w_std_res_21": 8.900548613709157, "w_std_21": 10.849703949014, "w_noise_scale_21": 0.0, "w_std_res_45": 8.888241002864403, "w_std_45": 10.844758937212482, "w_noise_scale_45": 0.0, "w_std_res_24": 8.908699224634312, "w_std_24": 10.852981265244587, "w_noise_scale_24": 0.0, "w_std_res_3": 8.933964335612718, "w_std_3": 10.86315298670234, "w_noise_scale_3": 0.0, "w_std_res_28": 8.88844492163843, "w_std_28": 10.844840831300845, "w_noise_scale_28": 0.0, "w_std_res_23": 8.914918150213158, "w_std_23": 10.855483212701772, "w_noise_scale_23": 0.0, "w_std_res_14": 8.900919896280383, "w_std_14": 10.849853196011455, "w_noise_scale_14": 0.0, "w_std_res_13": 8.87493309833939, "w_std_13": 10.839417189129682, "w_noise_scale_13": 0.0, "w_std_res_17": 8.887111454235285, "w_std_17": 10.844305331601467, "w_noise_scale_17": 0.0, "w_std_res_11": 8.884217924218204, "w_std_11": 10.843143520504098, "w_noise_scale_11": 0.0, "w_std_res_49": 8.872301526379726, "w_std_49": 10.838361521408576, "w_noise_scale_49": 0.0, "w_std_res_5": 8.897802572826619, "w_std_5": 10.848600233728313, "w_noise_scale_5": 0.0, "w_std_res_7": 8.910947007052616, "w_std_7": 10.853885439814858, "w_noise_scale_7": 0.0, "w_std_res_36": 8.91962854817957, "w_std_36": 10.857379039592152, "w_noise_scale_36": 0.0, "w_std_res_12": 8.894035483822853, "w_std_12": 10.847086500386867, "w_noise_scale_12": 0.0, "w_std_res_43": 8.877399763585055, "w_std_43": 10.84040689460617, "w_noise_scale_43": 0.0, "w_std_res_34": 8.90434804252956, "w_std_34": 10.851231428534966, "w_noise_scale_34": 0.0, "w_std_res_4": 8.905410486749052, "w_std_4": 10.851658639782906, "w_noise_scale_4": 0.0, "w_std_res_41": 8.915927198698967, "w_std_41": 10.855889275095109, "w_noise_scale_41": 0.0, "l2_loss": 18.87813949584961, "lpips_loss": 8.355875968933105, "noise_reg": 2.704578911088412e-13, "total_delta_reg": 36563.484375, "total_loss": 8.355875968933105, "step": 199, "t": 0.995, "lr_ramp": 0.0009866357858642205, "lr": 9.866357858642205e-06, "_timestamp": 1677761377.0736654, "_runtime": 2021.7910284996033, "_step": 199, "_wandb": {"runtime": 2020}}