{"frame0.png": {"intrinsics": [[2985.29, 0.0, 512.0], [0.0, 2985.29, 512.0], [0.0, 0.0, 1.0]], "pose": [[0.9757261872291565, 0.06092609092593193, -0.21034841239452362, 0.5669691562652588], [-0.019893422722816467, -0.9318903088569641, -0.3621941804885864, 0.9676553010940552], [-0.21808871626853943, 0.35758689045906067, -0.9080577492713928, 2.6098134517669678], [0.0, 0.0, 0.0, 1.0]]}, "frame1.png": {"intrinsics": [[2985.29, 0.0, 512.0], [0.0, 2985.29, 512.0], [0.0, 0.0, 1.0]], "pose": [[0.9838088750839233, 0.07003578543663025, -0.1649697721004486, 0.46799981594085693], [0.00780603289604187, -0.936355710029602, -0.3509659469127655, 1.0117794275283813], [-0.17905054986476898, 0.3439956605434418, -0.921741783618927, 2.7943923473358154], [0.0, 0.0, 0.0, 1.0]]}, "frame2.png": {"intrinsics": [[2985.29, 0.0, 512.0], [0.0, 2985.29, 512.0], [0.0, 0.0, 1.0]], "pose": [[0.9607687592506409, -0.21332797408103943, -0.1772415190935135, 0.48401686549186707], [-0.2616102695465088, -0.9092720746994019, -0.32370397448539734, 0.9267881512641907], [-0.09210564941167831, 0.35737287998199463, -0.9294090270996094, 2.775865316390991], [0.0, 0.0, 0.0, 1.0]]}}