{"frame0.png": {"intrinsics": [[2985.29, 0.0, 512.0], [0.0, 2985.29, 512.0], [0.0, 0.0, 1.0]], "pose": [[0.9734786748886108, -0.22566039860248566, -0.03763860464096069, 0.10311172157526016], [-0.22818298637866974, -0.9695730209350586, -0.08865997940301895, 0.25146445631980896], [-0.016486329957842827, 0.0948970839381218, -0.9953505396842957, 2.911635160446167], [0.0, 0.0, 0.0, 1.0]]}, "frame1.png": {"intrinsics": [[2985.29, 0.0, 512.0], [0.0, 2985.29, 512.0], [0.0, 0.0, 1.0]], "pose": [[0.973304808139801, -0.22598837316036224, -0.04008810222148895, 0.11304950714111328], [-0.2287653535604477, -0.9693260788917542, -0.08985169976949692, 0.25679314136505127], [-0.018553001806139946, 0.09662386029958725, -0.9951480627059937, 2.9430017471313477], [0.0, 0.0, 0.0, 1.0]]}, "frame10.png": {"intrinsics": [[2985.29, 0.0, 512.0], [0.0, 2985.29, 512.0], [0.0, 0.0, 1.0]], "pose": [[0.9581852555274963, -0.08224386721849442, -0.27407464385032654, 0.7643799781799316], [-0.12119975686073303, -0.9842941164970398, -0.12835796177387238, 0.3643447756767273], [-0.259213387966156, 0.15620848536491394, -0.9531040787696838, 2.832338571548462], [0.0, 0.0, 0.0, 1.0]]}, "frame11.png": {"intrinsics": [[2985.29, 0.0, 512.0], [0.0, 2985.29, 512.0], [0.0, 0.0, 1.0]], "pose": [[0.9733771681785583, -0.05531517043709755, -0.22243453562259674, 0.6167613863945007], [-0.07192803174257278, -0.9951375722885132, -0.06728673726320267, 0.19218699634075165], [-0.217630997300148, 0.08149465918540955, -0.9726229310035706, 2.878612756729126], [0.0, 0.0, 0.0, 1.0]]}, "frame12.png": {"intrinsics": [[2985.29, 0.0, 512.0], [0.0, 2985.29, 512.0], [0.0, 0.0, 1.0]], "pose": [[0.9833496809005737, -0.00479521881788969, -0.1816602647304535, 0.5102844834327698], [-0.009248623624444008, -0.9996769428253174, -0.02367584779858589, 0.07698138803243637], [-0.181488037109375, 0.024961745366454124, -0.9830763339996338, 2.9397757053375244], [0.0, 0.0, 0.0, 1.0]]}, "frame13.png": {"intrinsics": [[2985.29, 0.0, 512.0], [0.0, 2985.29, 512.0], [0.0, 0.0, 1.0]], "pose": [[0.9886573553085327, 0.03951987996697426, -0.14489562809467316, 0.399038165807724], [0.039411578327417374, -0.9992164969444275, -0.00361894560046494, 0.019246259704232216], [-0.14492513239383698, -0.0021326683927327394, -0.9894403219223022, 2.916654348373413], [0.0, 0.0, 0.0, 1.0]]}, "frame14.png": {"intrinsics": [[2985.29, 0.0, 512.0], [0.0, 2985.29, 512.0], [0.0, 0.0, 1.0]], "pose": [[0.9898078441619873, 0.05219458043575287, -0.13249987363815308, 0.36414340138435364], [0.05385234206914902, -0.9985087513923645, 0.00895642675459385, -0.018362052738666534], [-0.13183480501174927, -0.016000568866729736, -0.9911425709724426, 2.9089927673339844], [0.0, 0.0, 0.0, 1.0]]}, "frame15.png": {"intrinsics": [[2985.29, 0.0, 512.0], [0.0, 2985.29, 512.0], [0.0, 0.0, 1.0]], "pose": [[0.9898719191551208, 0.06504139304161072, -0.12618756294250488, 0.3409472703933716], [0.06476704776287079, -0.9978806972503662, -0.006280090194195509, 0.023959994316101074], [-0.12632860243320465, -0.001956311520189047, -0.9919865727424622, 2.86039400100708], [0.0, 0.0, 0.0, 1.0]]}, "frame16.png": {"intrinsics": [[2985.29, 0.0, 512.0], [0.0, 2985.29, 512.0], [0.0, 0.0, 1.0]], "pose": [[0.9915347099304199, 0.07442735880613327, -0.10639328509569168, 0.2850184738636017], [0.07413650304079056, -0.9972256422042847, -0.0066916448995471, 0.024287868291139603], [-0.10659614950418472, -0.0012526283971965313, -0.9943016171455383, 2.847226142883301], [0.0, 0.0, 0.0, 1.0]]}, "frame17.png": {"intrinsics": [[2985.29, 0.0, 512.0], [0.0, 2985.29, 512.0], [0.0, 0.0, 1.0]], "pose": [[0.9926068782806396, 0.0879262387752533, -0.08366909623146057, 0.22465281188488007], [0.08785311877727509, -0.9961230158805847, -0.004562472924590111, 0.016513532027602196], [-0.08374588191509247, -0.002821848727762699, -0.9964831471443176, 2.872880220413208], [0.0, 0.0, 0.0, 1.0]]}, "frame18.png": {"intrinsics": [[2985.29, 0.0, 512.0], [0.0, 2985.29, 512.0], [0.0, 0.0, 1.0]], "pose": [[0.9928485155105591, 0.08701542764902115, -0.08173231035470963, 0.22112183272838593], [0.08725353330373764, -0.9961858987808228, -0.0006606538081541657, 0.009082556702196598], [-0.0814780667424202, -0.00647550355643034, -0.9966540932655334, 2.89263653755188], [0.0, 0.0, 0.0, 1.0]]}, "frame19.png": {"intrinsics": [[2985.29, 0.0, 512.0], [0.0, 2985.29, 512.0], [0.0, 0.0, 1.0]], "pose": [[0.9927432537078857, 0.08635106682777405, -0.08369129151105881, 0.22369274497032166], [0.08617071807384491, -0.9962636828422546, -0.0057715135626494884, 0.02398148737847805], [-0.08387697488069534, -0.0014821076765656471, -0.9964750409126282, 2.8671014308929443], [0.0, 0.0, 0.0, 1.0]]}, "frame2.png": {"intrinsics": [[2985.29, 0.0, 512.0], [0.0, 2985.29, 512.0], [0.0, 0.0, 1.0]], "pose": [[0.9747399687767029, -0.21646778285503387, -0.054988794028759, 0.1544550061225891], [-0.2207656055688858, -0.9711282849311829, -0.09040139615535736, 0.255474328994751], [-0.033832184970378876, 0.10025748610496521, -0.9943861365318298, 2.9218454360961914], [0.0, 0.0, 0.0, 1.0]]}, "frame20.png": {"intrinsics": [[2985.29, 0.0, 512.0], [0.0, 2985.29, 512.0], [0.0, 0.0, 1.0]], "pose": [[0.9932901263237, 0.0818091407418251, -0.08174308389425278, 0.21847222745418549], [0.08130161464214325, -0.9966440796852112, -0.009523708373308182, 0.03257817029953003], [-0.08224788308143616, 0.0028139613568782806, -0.9966079592704773, 2.8631343841552734], [0.0, 0.0, 0.0, 1.0]]}, "frame21.png": {"intrinsics": [[2985.29, 0.0, 512.0], [0.0, 2985.29, 512.0], [0.0, 0.0, 1.0]], "pose": [[0.9933115243911743, 0.08161547780036926, -0.08167705684900284, 0.2181507647037506], [0.08107172697782516, -0.9966585636138916, -0.009957308880984783, 0.0344238355755806], [-0.08221680670976639, 0.003269009757786989, -0.9966091513633728, 2.862962484359741], [0.0, 0.0, 0.0, 1.0]]}, "frame22.png": {"intrinsics": [[2985.29, 0.0, 512.0], [0.0, 2985.29, 512.0], [0.0, 0.0, 1.0]], "pose": [[0.9936181902885437, 0.0846310704946518, -0.07456858456134796, 0.2045109122991562], [0.08508166670799255, -0.9963697791099548, 0.0028812589589506388, -0.0022890567779541016], [-0.0740540400147438, -0.009207291528582573, -0.9972116947174072, 2.9427263736724854], [0.0, 0.0, 0.0, 1.0]]}, "frame23.png": {"intrinsics": [[2985.29, 0.0, 512.0], [0.0, 2985.29, 512.0], [0.0, 0.0, 1.0]], "pose": [[0.9936851859092712, 0.0841006487607956, -0.07427462935447693, 0.20179890096187592], [0.08418156206607819, -0.9964483380317688, -0.002046199981123209, 0.00934020895510912], [-0.0741829127073288, -0.004219275899231434, -0.9972357153892517, 2.9270589351654053], [0.0, 0.0, 0.0, 1.0]]}, "frame24.png": {"intrinsics": [[2985.29, 0.0, 512.0], [0.0, 2985.29, 512.0], [0.0, 0.0, 1.0]], "pose": [[0.9940959215164185, 0.0830678716301918, -0.0698075070977211, 0.1905738115310669], [0.08329564332962036, -0.9965248107910156, 0.0003532807750161737, 0.005790271796286106], [-0.06953556835651398, -0.006165856029838324, -0.997560441493988, 2.9420361518859863], [0.0, 0.0, 0.0, 1.0]]}, "frame25.png": {"intrinsics": [[2985.29, 0.0, 512.0], [0.0, 2985.29, 512.0], [0.0, 0.0, 1.0]], "pose": [[0.9949429631233215, 0.0866706594824791, -0.05076080188155174, 0.1358948051929474], [0.0845688059926033, -0.9955240488052368, -0.0421898253262043, 0.12109404802322388], [-0.054190218448638916, 0.03768369182944298, -0.9978192448616028, 2.851850986480713], [0.0, 0.0, 0.0, 1.0]]}, "frame26.png": {"intrinsics": [[2985.29, 0.0, 512.0], [0.0, 2985.29, 512.0], [0.0, 0.0, 1.0]], "pose": [[0.994209885597229, 0.10438229143619537, 0.025515278801321983, -0.07396547496318817], [0.10501378774642944, -0.9941613674163818, -0.024804474785923958, 0.06354282051324844], [0.02277715690433979, 0.02734030969440937, -0.9993667006492615, 2.9101760387420654], [0.0, 0.0, 0.0, 1.0]]}, "frame27.png": {"intrinsics": [[2985.29, 0.0, 512.0], [0.0, 2985.29, 512.0], [0.0, 0.0, 1.0]],