{"frame0.png": {"intrinsics": [[2985.29, 0.0, 512.0], [0.0, 2985.29, 512.0], [0.0, 0.0, 1.0]], "pose": [[0.8891422152519226, -0.20992513000965118, 0.4066418409347534, -1.0938191413879395], [-0.1539304256439209, -0.9739966988563538, -0.16624051332473755, 0.4550289511680603], [0.4309658706188202, 0.08521690964698792, -0.8983354568481445, 2.581829071044922], [0.0, 0.0, 0.0, 1.0]]}, "frame1.png": {"intrinsics": [[2985.29, 0.0, 512.0], [0.0, 2985.29, 512.0], [0.0, 0.0, 1.0]], "pose": [[0.8862681984901428, -0.2076570987701416, 0.41401350498199463, -1.1113882064819336], [-0.1531303972005844, -0.9749674201011658, -0.16121284663677216, 0.4435586929321289], [0.43712666630744934, 0.07947977632284164, -0.8958812355995178, 2.5719380378723145], [0.0, 0.0, 0.0, 1.0]]}, "frame10.png": {"intrinsics": [[2985.29, 0.0, 512.0], [0.0, 2985.29, 512.0], [0.0, 0.0, 1.0]], "pose": [[0.9000990390777588, -0.17179183661937714, 0.40038636326789856, -1.0751889944076538], [-0.12601692974567413, -0.9823547601699829, -0.13819856941699982, 0.3771466016769409], [0.4170628488063812, 0.07393694669008255, -0.9058653116226196, 2.600858211517334], [0.0, 0.0, 0.0, 1.0]]}, "frame11.png": {"intrinsics": [[2985.29, 0.0, 512.0], [0.0, 2985.29, 512.0], [0.0, 0.0, 1.0]], "pose": [[0.9005168080329895, -0.17072352766990662, 0.3999037742614746, -1.0684279203414917], [-0.1264989674091339, -0.982778012752533, -0.13470464944839478, 0.36859411001205444], [0.4160138964653015, 0.07071638852357864, -0.9066044688224792, 2.592034101486206], [0.0, 0.0, 0.0, 1.0]]}, "frame12.png": {"intrinsics": [[2985.29, 0.0, 512.0], [0.0, 2985.29, 512.0], [0.0, 0.0, 1.0]], "pose": [[0.8993533849716187, -0.16975568234920502, 0.4029223918914795, -1.0788239240646362], [-0.12607774138450623, -0.9830949306488037, -0.13277369737625122, 0.36841195821762085], [0.4186500608921051, 0.06861093640327454, -0.9055521488189697, 2.591824769973755], [0.0, 0.0, 0.0, 1.0]]}, "frame13.png": {"intrinsics": [[2985.29, 0.0, 512.0], [0.0, 2985.29, 512.0], [0.0, 0.0, 1.0]], "pose": [[0.9002887010574341, -0.1691150665283203, 0.4010990560054779, -1.0704196691513062], [-0.1260785609483719, -0.9832554459571838, -0.1315789818763733, 0.36410290002822876], [0.41663479804992676, 0.06788907200098038, -0.9065354466438293, 2.5880374908447266], [0.0, 0.0, 0.0, 1.0]]}, "frame14.png": {"intrinsics": [[2985.29, 0.0, 512.0], [0.0, 2985.29, 512.0], [0.0, 0.0, 1.0]], "pose": [[0.9011210799217224, -0.1680738776922226, 0.39966490864753723, -1.064553141593933], [-0.12614688277244568, -0.9835617542266846, -0.12920181453227997, 0.357284277677536], [0.41481056809425354, 0.0660099908709526, -0.9075102210044861, 2.5872063636779785], [0.0, 0.0, 0.0, 1.0]]}, "frame15.png": {"intrinsics": [[2985.29, 0.0, 512.0], [0.0, 2985.29, 512.0], [0.0, 0.0, 1.0]], "pose": [[0.9007188081741333, -0.17118847370147705, 0.39924952387809753, -1.0664564371109009], [-0.1348622888326645, -0.9838606715202332, -0.1176021546125412, 0.32586318254470825], [0.41293802857398987, 0.05208275467157364, -0.9092687368392944, 2.5968403816223145], [0.0, 0.0, 0.0, 1.0]]}, "frame16.png": {"intrinsics": [[2985.29, 0.0, 512.0], [0.0, 2985.29, 512.0], [0.0, 0.0, 1.0]], "pose": [[0.8921704888343811, -0.17702673375606537, 0.41556403040885925, -1.1169078350067139], [-0.1405850499868393, -0.9831328988075256, -0.1169854998588562, 0.31940943002700806], [0.42926421761512756, 0.04594890773296356, -0.9020094275474548, 2.60023832321167], [0.0, 0.0, 0.0, 1.0]]}, "frame17.png": {"intrinsics": [[2985.29, 0.0, 512.0], [0.0, 2985.29, 512.0], [0.0, 0.0, 1.0]], "pose": [[0.8798858523368835, -0.1944340318441391, 0.4335855543613434, -1.155374526977539], [-0.16056926548480988, -0.980440616607666, -0.11381465941667557, 0.30543041229248047], [0.4472343325614929, 0.030523382127285004, -0.8938959240913391, 2.564971923828125], [0.0, 0.0, 0.0, 1.0]]}, "frame18.png": {"intrinsics": [[2985.29, 0.0, 512.0], [0.0, 2985.29, 512.0], [0.0, 0.0, 1.0]], "pose": [[0.8541560173034668, -0.2303900122642517, 0.4661951959133148, -1.2251917123794556], [-0.19642455875873566, -0.9730272889137268, -0.12097623944282532, 0.3223954737186432], [0.48149237036705017, 0.011760391294956207, -0.8763713240623474, 2.4846980571746826], [0.0, 0.0, 0.0, 1.0]]}, "frame19.png": {"intrinsics": [[2985.29, 0.0, 512.0], [0.0, 2985.29, 512.0], [0.0, 0.0, 1.0]], "pose": [[0.8368676900863647, -0.269574373960495, 0.476426362991333, -1.27020263671875], [-0.22016194462776184, -0.962593138217926, -0.15793423354625702, 0.4149201214313507], [0.5011798143386841, 0.02727910876274109, -0.8649131059646606, 2.4817123413085938], [0.0, 0.0, 0.0, 1.0]]}, "frame2.png": {"intrinsics": [[2985.29, 0.0, 512.0], [0.0, 2985.29, 512.0], [0.0, 0.0, 1.0]], "pose": [[0.8846661448478699, -0.2062412053346634, 0.4181272089481354, -1.1231814622879028], [-0.15424539148807526, -0.9758042097091675, -0.15496569871902466, 0.4254119098186493], [0.43997061252593994, 0.07259871065616608, -0.8950727581977844, 2.5739142894744873], [0.0, 0.0, 0.0, 1.0]]}, "frame20.png": {"intrinsics": [[2985.29, 0.0, 512.0], [0.0, 2985.29, 512.0], [0.0, 0.0, 1.0]], "pose": [[0.8325728178024292, -0.3060077428817749, 0.4617161154747009, -1.2031313180923462], [-0.23297245800495148, -0.9496892094612122, -0.20931845903396606, 0.5436504483222961], [0.502539873123169, 0.06670571863651276, -0.8619768023490906, 2.414370536804199], [0.0, 0.0, 0.0, 1.0]]}, "frame21.png": {"intrinsics": [[2985.29, 0.0, 512.0], [0.0, 2985.29, 512.0], [0.0, 0.0, 1.0]], "pose": [[0.828740119934082, -0.3215668797492981, 0.4580225348472595, -1.204291820526123], [-0.2345343381166458, -0.9426602721214294, -0.23745618760585785, 0.6162790060043335], [0.50811767578125, 0.08936746418476105, -0.8566387295722961, 2.4113359451293945], [0.0, 0.0, 0.0, 1.0]]}, "frame22.png": {"intrinsics": [[2985.29, 0.0, 512.0], [0.0, 2985.29, 512.0], [0.0, 0.0, 1.0]], "pose": [[0.8340207934379578, -0.32076457142829895, 0.44890907406806946, -1.1640803813934326], [-0.23351235687732697, -0.9423873424530029, -0.23953700065612793, 0.6238663196563721], [0.49988120794296265, 0.0949530303478241, -0.8608732223510742, 2.3959739208221436], [0.0, 0.0, 0.0, 1.0]]}, "frame23.png": {"intrinsics": [[2985.29, 0.0, 512.0], [0.0, 2985.29, 512.0], [0.0, 0.0, 1.0]], "pose": [[0.8379210829734802, -0.3195739686489105, 0.4424484968185425, -1.1487520933151245], [-0.23573680222034454, -0.9430490136146545, -0.23470547795295715, 0.6147596836090088], [0.49225640296936035, 0.09236329793930054, -0.8655360341072083, 2.410710334777832], [0.0, 0.0, 0.0, 1.0]]}, "frame24.png": {"intrinsics": [[2985.29, 0.0, 512.0], [0.0, 2985.29, 512.0], [0.0, 0.0, 1.0]], "pose": [[0.8405687808990479, -0.31806695461273193, 0.43849465250968933, -1.1309597492218018], [-0.23967181146144867, -0.944297730922699, -0.22551992535591125, 0.5887923836708069], [0.4857999384403229, 0.08447021245956421, -0.8699788451194763, 2.4094302654266357], [0.0, 0.0, 0.0, 1.0]]}, "frame25.png": {"intrinsics": [[2985.29, 0.0, 512.0], [0.0, 2985.29, 512.0], [0.0, 0.0, 1.0]], "pose": [[0.8458619713783264, -0.3202110826969147, 0.42659392952919006, -1.1071983575820923], [-0.2440367341041565, -0.9434685111045837, -0.22430627048015594, 0.5861544609069824], [0.474303275346756, 0.08562755584716797, -0.8761873841285706, 2.4378652572631836], [0.0, 0.0, 0.0, 1.0]]}, "frame26.png": {"intrinsics": [[2985.29, 0.0, 512.0], [0.0, 2985.29, 512.0], [0.0, 0.0, 1.0]], "pose": [[0.8523509502410889, -0.32130178809165955, 0.41262945532798767, -1.0814099311828613], [-0.2464158535003662, -0.9426788091659546, -0.22502416372299194, 0.5931324362754822], [0.46127772331237793, 0.09012110531330109, -0.8826670050621033, 2.477020025253296], [0.0, 0.0, 0.0, 1.0]]}, "frame27.png": {"intrinsics": [[2985.29, 0.0, 512.0], [0.0, 2985.29, 512.0], [0.0, 0.0, 1.0]],