{"step": 11, "c_loss": 0.73974609375, "i_loss": 0.07062077522277832, "l2_loss": 2.5511422157287598, "total_loss": 2.7890625, "_timestamp": 1678027073.532726, "_runtime": 180.7623770236969, "_step": 711, "_wandb": {"runtime": 180}}