{"frame0.png": {"intrinsics": [[2985.29, 0.0, 512.0], [0.0, 2985.29, 512.0], [0.0, 0.0, 1.0]], "pose": [[0.9643888473510742, -0.07726597785949707, -0.2529509961605072, 0.6626911163330078], [-0.09670603275299072, -0.9931668639183044, -0.06532573699951172, 0.19233572483062744], [-0.24617508053779602, 0.08746130019426346, -0.9652711153030396, 2.73583984375], [0.0, 0.0, 0.0, 1.0]]}, "frame1.png": {"intrinsics": [[2985.29, 0.0, 512.0], [0.0, 2985.29, 512.0], [0.0, 0.0, 1.0]], "pose": [[0.9504299759864807, -0.04767369478940964, -0.3072623312473297, 0.8182047605514526], [-0.07658806443214417, -0.9936241507530212, -0.08273667097091675, 0.2379600703716278], [-0.3013588786125183, 0.10216803848743439, -0.9480213522911072, 2.719782829284668], [0.0, 0.0, 0.0, 1.0]]}, "frame2.png": {"intrinsics": [[2985.29, 0.0, 512.0], [0.0, 2985.29, 512.0], [0.0, 0.0, 1.0]], "pose": [[0.9259207844734192, -0.03524074703454971, -0.3760702908039093, 1.0040206909179688], [-0.08242137730121613, -0.9904959201812744, -0.11011199653148651, 0.30873170495033264], [-0.36861565709114075, 0.13295121490955353, -0.9200252890586853, 2.6429007053375244], [0.0, 0.0, 0.0, 1.0]]}, "frame3.png": {"intrinsics": [[2985.29, 0.0, 512.0], [0.0, 2985.29, 512.0], [0.0, 0.0, 1.0]], "pose": [[0.9473770260810852, 0.011651207692921162, -0.31990793347358704, 0.8496410846710205], [-0.02950308844447136, -0.9919063448905945, -0.12349633127450943, 0.336824893951416], [-0.3187575936317444, 0.12643584609031677, -0.939365565776825, 2.691591262817383], [0.0, 0.0, 0.0, 1.0]]}}