{"w_std_temp": 8.8825012313537, "w_std_res_8": 8.930126328893675, "w_std_8": 10.861626705401912, "w_noise_scale_8": 0.0, "w_std_res_29": 8.897037779508413, "w_std_29": 10.848313045699777, "w_noise_scale_29": 0.0, "w_std_res_25": 8.885198805457309, "w_std_25": 10.843557509098432, "w_noise_scale_25": 0.0, "w_std_res_30": 8.910722122813617, "w_std_30": 10.853815127064768, "w_noise_scale_30": 0.0, "w_std_res_47": 8.89808221964149, "w_std_47": 10.84873278530147, "w_noise_scale_47": 0.0, "w_std_res_9": 8.885208477435969, "w_std_9": 10.843561392451974, "w_noise_scale_9": 0.0, "w_std_res_16": 8.940957373234703, "w_std_16": 10.86599191572035, "w_noise_scale_16": 0.0, "w_std_res_35": 8.871721225331644, "w_std_35": 10.838148942508587, "w_noise_scale_35": 0.0, "w_std_res_0": 8.916351727304168, "w_std_0": 10.856080273572502, "w_noise_scale_0": 0.0, "w_std_res_15": 8.883374569948067, "w_std_15": 10.842825119059146, "w_noise_scale_15": 0.0, "w_std_res_48": 8.859325947835986, "w_std_48": 10.83317957422935, "w_noise_scale_48": 0.0, "w_std_res_42": 8.863494743186799, "w_std_42": 10.834850357324969, "w_noise_scale_42": 0.0, "w_std_res_44": 8.949251016146547, "w_std_44": 10.869336873172163, "w_noise_scale_44": 0.0, "w_std_res_2": 8.902127554691631, "w_std_2": 10.850358836232099, "w_noise_scale_2": 0.0, "w_std_res_22": 8.918086870932576, "w_std_22": 10.856778624867276, "w_noise_scale_22": 0.0, "w_std_res_37": 8.919127532303818, "w_std_37": 10.857197508306413, "w_noise_scale_37": 0.0, "w_std_res_1": 8.873057886095413, "w_std_1": 10.838685099563508, "w_noise_scale_1": 0.0, "w_std_res_33": 8.896490705609713, "w_std_33": 10.848093200823358, "w_noise_scale_33": 0.0, "w_std_res_31": 8.915682724138405, "w_std_31": 10.85581104106805, "w_noise_scale_31": 0.0, "w_std_res_32": 8.914074194777605, "w_std_32": 10.855163762583224, "w_noise_scale_32": 0.0, "w_std_res_10": 8.91071773904886, "w_std_10": 10.85381336357181, "w_noise_scale_10": 0.0, "w_std_res_26": 8.898700747862016, "w_std_26": 10.848981374995533, "w_noise_scale_26": 0.0, "w_std_res_19": 8.853075030744966, "w_std_19": 10.830675302122208, "w_noise_scale_19": 0.0, "w_std_res_40": 8.928494151451297, "w_std_40": 10.86096919952934, "w_noise_scale_40": 0.0, "w_std_res_20": 8.903265289347498, "w_std_20": 10.850816245938598, "w_noise_scale_20": 0.0, "w_std_res_18": 8.899479444046152, "w_std_18": 10.849294353493686, "w_noise_scale_18": 0.0, "w_std_res_38": 8.923793248249313, "w_std_38": 10.85907593832804, "w_noise_scale_38": 0.0, "w_std_res_39": 8.909477485380386, "w_std_39": 10.853314459906937, "w_noise_scale_39": 0.0, "w_std_res_27": 8.929572970612872, "w_std_27": 10.861403781711413, "w_noise_scale_27": 0.0, "w_std_res_6": 8.905931573254984, "w_std_6": 10.851888340140391, "w_noise_scale_6": 0.0, "w_std_res_46": 8.925583839447143, "w_std_46": 10.859797009785678, "w_noise_scale_46": 0.0, "w_std_res_21": 8.903525460456661, "w_std_21": 10.850920849460197, "w_noise_scale_21": 0.0, "w_std_res_45": 8.881304538889543, "w_std_45": 10.841994169806815, "w_noise_scale_45": 0.0, "w_std_res_24": 8.881468593369004, "w_std_24": 10.842060019606514, "w_noise_scale_24": 0.0, "w_std_res_3": 8.899610683198452, "w_std_3": 10.84934710377196, "w_noise_scale_3": 0.0, "w_std_res_28": 8.90806034232481, "w_std_28": 10.852744457768505, "w_noise_scale_28": 0.0, "w_std_res_23": 8.8825012313537, "w_std_23": 10.842474528734202, "w_noise_scale_23": 0.0, "w_std_res_14": 8.881304538889543, "w_std_14": 10.841994169806815, "w_noise_scale_14": 0.0, "w_std_res_13": 8.913445339065024, "w_std_13": 10.854910729855174, "w_noise_scale_13": 0.0, "w_std_res_17": 8.921292121940633, "w_std_17": 10.858068896274789, "w_noise_scale_17": 0.0, "w_std_res_11": 8.889439837526321, "w_std_11": 10.845260579223073, "w_noise_scale_11": 0.0, "w_std_res_49": 8.917912977541326, "w_std_49": 10.856708633087193, "w_noise_scale_49": 0.0, "w_std_res_5": 8.85862838564752, "w_std_5": 10.8329000546368, "w_noise_scale_5": 0.0, "w_std_res_7": 8.896917917880327, "w_std_7": 10.848264877821475, "w_noise_scale_7": 0.0, "w_std_res_36": 8.890762850425153, "w_std_36": 10.845791972724951, "w_noise_scale_36": 0.0, "w_std_res_12": 8.904940693233167, "w_std_12": 10.851489889065924, "w_noise_scale_12": 0.0, "w_std_res_43": 8.91534141241938, "w_std_43": 10.855673689366311, "w_noise_scale_43": 0.0, "w_std_res_34": 8.93681291065221, "w_std_34": 10.86432116494169, "w_noise_scale_34": 0.0, "w_std_res_4": 8.913788914513288, "w_std_4": 10.855048972857054, "w_noise_scale_4": 0.0, "w_std_res_41": 8.878497110294061, "w_std_41": 10.840867423060526, "w_noise_scale_41": 0.0, "l2_loss": 11.908712387084961, "lpips_loss": 16.05309295654297, "noise_reg": 377.6481628417969, "total_delta_reg": 4256.4306640625, "total_loss": 32.218231201171875, "step": 192, "t": 0.96, "lr_ramp": 0.06184665997806832, "lr": 0.0006184665997806832, "_timestamp": 1677753501.6415293, "_runtime": 1614.7817323207855, "_step": 192}