{"w_std_temp": 8.8825012313537, "w_std_res_8": 8.903301704985628, "w_std_8": 10.85083088696437, "w_noise_scale_8": 0.1742161181295946, "w_std_res_29": 8.908667215835374, "w_std_29": 10.852988546507593, "w_noise_scale_29": 0.1742507605522608, "w_std_res_25": 8.930126328893675, "w_std_25": 10.861626705401912, "w_noise_scale_25": 0.17438945099228623, "w_std_res_30": 8.877424844795927, "w_std_30": 10.840437138037839, "w_noise_scale_30": 0.17404924071627417, "w_std_res_47": 8.926915060646651, "w_std_47": 10.860333155571242, "w_noise_scale_47": 0.17436868233111605, "w_std_res_9": 8.88908477431732, "w_std_9": 10.845117975672279, "w_noise_scale_9": 0.17412439416496048, "w_std_res_16": 8.897010997379963, "w_std_16": 10.84830228293234, "w_noise_scale_16": 0.17417551998708034, "w_std_res_35": 8.892390532078537, "w_std_35": 10.846445810437167, "w_noise_scale_35": 0.17414571328979675, "w_std_res_0": 8.919471326822011, "w_std_0": 10.857335898483568, "w_noise_scale_0": 0.1743205597034306, "w_std_res_15": 8.934109496754559, "w_std_15": 10.863231620931222, "w_noise_scale_15": 0.17441521880272903, "w_std_res_48": 8.912764284300353, "w_std_48": 10.85463670727284, "w_noise_scale_48": 0.17427722268899168, "w_std_res_42": 8.873057886095413, "w_std_42": 10.838685099563508, "w_noise_scale_42": 0.17402111076521407, "w_std_res_44": 8.891671401513891, "w_std_44": 10.846156926677992, "w_noise_scale_44": 0.17414107510055218, "w_std_res_2": 8.921637146566766, "w_std_2": 10.858207804179749, "w_noise_scale_2": 0.17433455863377484, "w_std_res_22": 8.91826689301234, "w_std_22": 10.856851084395972, "w_noise_scale_22": 0.1743127757439131, "w_std_res_37": 8.876593166863062, "w_std_37": 10.840103421439299, "w_noise_scale_37": 0.17404388271088653, "w_std_res_1": 8.902650149674534, "w_std_1": 10.85056893309632, "w_noise_scale_1": 0.1742119123147131, "w_std_res_33": 8.910796646484533, "w_std_33": 10.853845106401232, "w_noise_scale_33": 0.17426451309721977, "w_std_res_31": 8.899032162965813, "w_std_31": 10.849114577207441, "w_noise_scale_31": 0.17418856182294168, "w_std_res_32": 8.908959675517675, "w_std_32": 10.853106179799402, "w_noise_scale_32": 0.17425264922011263, "w_std_res_10": 8.947311048577667, "w_std_10": 10.868554267932787, "w_noise_scale_10": 0.17450067685736526, "w_std_res_26": 8.916351727304168, "w_std_26": 10.856080273572502, "w_noise_scale_26": 0.17430039994791402, "w_std_res_19": 8.9057320024802, "w_std_19": 10.85180808667385, "w_noise_scale_19": 0.17423180761381904, "w_std_res_40": 8.872782733590403, "w_std_40": 10.8385747268437, "w_noise_scale_40": 0.17401933866987937, "w_std_res_20": 8.888439647935964, "w_std_20": 10.844858884224818, "w_noise_scale_20": 0.1741202343078318, "w_std_res_18": 8.916855089520071, "w_std_18": 10.856282854728638, "w_noise_scale_18": 0.1743036525009209, "w_std_res_38": 8.864963074514186, "w_std_38": 10.835438965640709, "w_noise_scale_38": 0.1739689922816758, "w_std_res_39": 8.899531676582763, "w_std_39": 10.84931534778232, "w_noise_scale_39": 0.17419178530606055, "w_std_res_27": 8.899452230334179, "w_std_27": 10.849283415276789, "w_noise_scale_27": 0.17419127261194398, "w_std_res_6": 8.907488948912595, "w_std_6": 10.852514649552425, "w_noise_scale_6": 0.17424315187336947, "w_std_res_46": 8.935844689367649, "w_std_46": 10.863930922006315, "w_noise_scale_46": 0.17442644646999025, "w_std_res_21": 8.871314375559013, "w_std_21": 10.837985759009834, "w_noise_scale_21": 0.17400988246410232, "w_std_res_45": 8.905145984204863, "w_std_45": 10.851572437900415, "w_noise_scale_45": 0.17422802414184554, "w_std_res_24": 8.90824977548901, "w_std_24": 10.852820647906467, "w_noise_scale_24": 0.1742480648469427, "w_std_res_3": 8.87179783781168, "w_std_3": 10.838179671593842, "w_noise_scale_3": 0.17401299583836777, "w_std_res_28": 8.878936626927798, "w_std_28": 10.841043804968688, "w_noise_scale_28": 0.17405898109088613, "w_std_res_23": 8.92837689966659, "w_std_23": 10.860921968950196, "w_noise_scale_23": 0.1743781360570337, "w_std_res_14": 8.928505964045721, "w_std_14": 10.860973957822567, "w_noise_scale_14": 0.17437897076726233, "w_std_res_13": 8.89856554451334, "w_std_13": 10.848927035080473, "w_noise_scale_13": 0.17418555072990313, "w_std_res_17": 8.90695260386514, "w_std_17": 10.852298946392649, "w_noise_scale_17": 0.17423968863930417, "w_std_res_11": 8.893433761067769, "w_std_11": 10.846864916445902, "w_noise_scale_11": 0.17415244226960364, "w_std_res_49": 8.903952335199241, "w_std_49": 10.851092481721599, "w_noise_scale_49": 0.17422031817875233, "w_std_res_5": 8.914124588959927, "w_std_5": 10.855184040212077, "w_noise_scale_5": 0.174286010423405, "w_std_res_7": 8.903265289347498, "w_std_7": 10.850816245938598, "w_noise_scale_7": 0.1742158830597919, "w_std_res_36": 8.91539399017228, "w_std_36": 10.855694847636423, "w_noise_scale_36": 0.17429421172038478, "w_std_res_12": 8.874544002369925, "w_std_12": 10.839281269415421, "w_noise_scale_12": 0.17403068260339202, "w_std_res_43": 8.901787917323126, "w_std_43": 10.850222297549944, "w_noise_scale_43": 0.17420634688844078, "w_std_res_34": 8.933334693718802, "w_std_34": 10.862919396391561, "w_noise_scale_34": 0.1744102058642867, "w_std_res_4": 8.932406328224214, "w_std_4": 10.862545314203526, "w_noise_scale_4": 0.1744041997669344, "w_std_res_41": 8.919377605808602, "w_std_41": 10.857298171909529, "w_noise_scale_41": 0.1743199539823252, "l2_loss": 5.712254047393799, "lpips_loss": 15.281034469604492, "noise_reg": 253.00289916992188, "total_delta_reg": 5841.5380859375, "total_loss": 26.834821701049805, "step": 65, "t": 0.325, "lr_ramp": 1.0, "lr": 0.01, "_timestamp": 1677746222.631046, "_runtime": 541.4776310920715, "_step": 65}