{"w_std_temp": 8.8825012313537, "w_std_res_8": 8.874941901218284, "w_std_8": 10.839440901748576, "w_noise_scale_8": 0.0, "w_std_res_29": 8.90824977548901, "w_std_29": 10.852820647906467, "w_noise_scale_29": 0.0, "w_std_res_25": 8.927026643149443, "w_std_25": 10.860378097556042, "w_noise_scale_25": 0.0, "w_std_res_30": 8.910302586753158, "w_std_30": 10.853646359490206, "w_noise_scale_30": 0.0, "w_std_res_47": 8.88658135195982, "w_std_47": 10.844112638028527, "w_noise_scale_47": 0.0, "w_std_res_9": 8.937975948865605, "w_std_9": 10.864789966475422, "w_noise_scale_9": 0.0, "w_std_res_16": 8.917853844255355, "w_std_16": 10.856684832253121, "w_noise_scale_16": 0.0, "w_std_res_35": 8.944862788914092, "w_std_35": 10.867566773575629, "w_noise_scale_35": 0.0, "w_std_res_0": 8.85913679133018, "w_std_0": 10.833103776013363, "w_noise_scale_0": 0.0, "w_std_res_15": 8.865577304242516, "w_std_15": 10.8356852106535, "w_noise_scale_15": 0.0, "w_std_res_48": 8.909477485380386, "w_std_48": 10.853314459906937, "w_noise_scale_48": 0.0, "w_std_res_42": 8.894799656962489, "w_std_42": 10.847413700250165, "w_noise_scale_42": 0.0, "w_std_res_44": 8.902369768775054, "w_std_44": 10.850456211606957, "w_noise_scale_44": 0.0, "w_std_res_2": 8.885070430925126, "w_std_2": 10.843505966274238, "w_noise_scale_2": 0.0, "w_std_res_22": 8.920037573491493, "w_std_22": 10.857563841770629, "w_noise_scale_22": 0.0, "w_std_res_37": 8.907828807431136, "w_std_37": 10.852651335762381, "w_noise_scale_37": 0.0, "w_std_res_1": 8.874935299059931, "w_std_1": 10.839438253001166, "w_noise_scale_1": 0.0, "w_std_res_33": 8.891382766476765, "w_std_33": 10.846040982773392, "w_noise_scale_33": 0.0, "w_std_res_31": 8.912784006695102, "w_std_31": 10.854644642386962, "w_noise_scale_31": 0.0, "w_std_res_32": 8.899219593593587, "w_std_32": 10.849189910714532, "w_noise_scale_32": 0.0, "w_std_res_10": 8.901630380862823, "w_std_10": 10.850158967009424, "w_noise_scale_10": 0.0, "w_std_res_26": 8.877791374407263, "w_std_26": 10.84058421727699, "w_noise_scale_26": 0.0, "w_std_res_19": 8.880241849887874, "w_std_19": 10.841567637022102, "w_noise_scale_19": 0.0, "w_std_res_40": 8.918294925320646, "w_std_40": 10.856862367588068, "w_noise_scale_40": 0.0, "w_std_res_20": 8.899150679278332, "w_std_20": 10.84916221203854, "w_noise_scale_20": 0.0, "w_std_res_18": 8.87322077235769, "w_std_18": 10.838750439683995, "w_noise_scale_18": 0.0, "w_std_res_38": 8.943475712076374, "w_std_38": 10.867007382583532, "w_noise_scale_38": 0.0, "w_std_res_39": 8.919954806499863, "w_std_39": 10.857530523212908, "w_noise_scale_39": 0.0, "w_std_res_27": 8.918778468770261, "w_std_27": 10.857057000805973, "w_noise_scale_27": 0.0, "w_std_res_6": 8.926634566705417, "w_std_6": 10.86022018293713, "w_noise_scale_6": 0.0, "w_std_res_46": 8.880299913995023, "w_std_46": 10.841590941399007, "w_noise_scale_46": 0.0, "w_std_res_21": 8.939523372361638, "w_std_21": 10.865413770595667, "w_noise_scale_21": 0.0, "w_std_res_45": 8.913956315099373, "w_std_45": 10.8551163304165, "w_noise_scale_45": 0.0, "w_std_res_24": 8.904739784238505, "w_std_24": 10.851409103487436, "w_noise_scale_24": 0.0, "w_std_res_3": 8.904261620145716, "w_std_3": 10.851216838447197, "w_noise_scale_3": 0.0, "w_std_res_28": 8.90246323005605, "w_std_28": 10.850493785566858, "w_noise_scale_28": 0.0, "w_std_res_23": 8.887762830150228, "w_std_23": 10.844587078642045, "w_noise_scale_23": 0.0, "w_std_res_14": 8.873057886095413, "w_std_14": 10.838685099563508, "w_noise_scale_14": 0.0, "w_std_res_13": 8.881895648593266, "w_std_13": 10.842231439059258, "w_noise_scale_13": 0.0, "w_std_res_17": 8.89829644861869, "w_std_17": 10.848818883725315, "w_noise_scale_17": 0.0, "w_std_res_11": 8.924244978568215, "w_std_11": 10.859257841094621, "w_noise_scale_11": 0.0, "w_std_res_49": 8.910375360359405, "w_std_49": 10.85367563388666, "w_noise_scale_49": 0.0, "w_std_res_5": 8.882276506476254, "w_std_5": 10.842384319621537, "w_noise_scale_5": 0.0, "w_std_res_7": 8.876763909218269, "w_std_7": 10.840171931293341, "w_noise_scale_7": 0.0, "w_std_res_36": 8.877115944945183, "w_std_36": 10.840313187357642, "w_noise_scale_36": 0.0, "w_std_res_12": 8.926114688793776, "w_std_12": 10.86001080153123, "w_noise_scale_12": 0.0, "w_std_res_43": 8.926904996273905, "w_std_43": 10.860329101971312, "w_noise_scale_43": 0.0, "w_std_res_34": 8.915280947620216, "w_std_34": 10.855649357304703, "w_noise_scale_34": 0.0, "w_std_res_4": 8.910807605795336, "w_std_4": 10.8538495151202, "w_noise_scale_4": 0.0, "w_std_res_41": 8.892683087797518, "w_std_41": 10.84656333821916, "w_noise_scale_41": 0.0, "l2_loss": 38.54158020019531, "lpips_loss": 13.475398063659668, "noise_reg": 2.922294567789252e-13, "total_delta_reg": 28870.306640625, "total_loss": 13.475398063659668, "step": 199, "t": 0.995, "lr_ramp": 0.0009866357858642205, "lr": 9.866357858642205e-06, "_timestamp": 1677771032.5117943, "_runtime": 1643.603755235672, "_step": 199, "_wandb": {"runtime": 1642}}