{"frame0.png": {"intrinsics": [[2985.29, 0.0, 512.0], [0.0, 2985.29, 512.0], [0.0, 0.0, 1.0]], "pose": [[0.9616342782974243, 0.12993693351745605, 0.24161095917224884, -0.635570228099823], [0.1450360268354416, -0.9883695244789124, -0.045717738568782806, 0.12393341958522797], [0.2328604757785797, 0.07900603860616684, -0.9692956209182739, 2.736315965652466], [0.0, 0.0, 0.0, 1.0]]}, "frame1.png": {"intrinsics": [[2985.29, 0.0, 512.0], [0.0, 2985.29, 512.0], [0.0, 0.0, 1.0]], "pose": [[0.9491034150123596, 0.14810976386070251, 0.2779681980609894, -0.7443040013313293], [0.17305605113506317, -0.9826082587242126, -0.06732502579689026, 0.17473264038562775], [0.2631623446941376, 0.11200247704982758, -0.9582281112670898, 2.7523837089538574], [0.0, 0.0, 0.0, 1.0]]}, "frame2.png": {"intrinsics": [[2985.29, 0.0, 512.0], [0.0, 2985.29, 512.0], [0.0, 0.0, 1.0]], "pose": [[0.9410060048103333, 0.15522333979606628, 0.30068838596343994, -0.7729703187942505], [0.1757485717535019, -0.9835265874862671, -0.042283572256565094, 0.11400270462036133], [0.28917163610458374, 0.0926346480846405, -0.9527846574783325, 2.6440012454986572], [0.0, 0.0, 0.0, 1.0]]}}