{"step": 49, "c_loss": 0.791015625, "i_loss": 0.09281289577484131, "l2_loss": 0.09830707311630249, "total_loss": 0.87890625, "_timestamp": 1678027104.0213048, "_runtime": 303.6629738807678, "_step": 1249, "_wandb": {"runtime": 302}}