{"w_std_temp": 8.882476604247264, "w_std_res_8": 8.928359399268155, "w_std_8": 10.860894778544953, "w_noise_scale_8": 0.0, "w_std_res_29": 8.905910958458994, "w_std_29": 10.851859892433186, "w_noise_scale_29": 0.0, "w_std_res_25": 8.917601099791357, "w_std_25": 10.856562956053358, "w_noise_scale_25": 0.0, "w_std_res_30": 8.911895140765514, "w_std_30": 10.854266874137561, "w_noise_scale_30": 0.0, "w_std_res_47": 8.940930285770044, "w_std_47": 10.86596086265499, "w_noise_scale_47": 0.0, "w_std_res_9": 8.882673619186962, "w_std_9": 10.84252355456284, "w_noise_scale_9": 0.0, "w_std_res_16": 8.902357482712093, "w_std_16": 10.850431111826847, "w_noise_scale_16": 0.0, "w_std_res_35": 8.889422699900146, "w_std_35": 10.845233526041522, "w_noise_scale_35": 0.0, "w_std_res_0": 8.895608554927538, "w_std_0": 10.847718556942054, "w_noise_scale_0": 0.0, "w_std_res_15": 8.877399763585055, "w_std_15": 10.84040689460617, "w_noise_scale_15": 0.0, "w_std_res_48": 8.922660757868137, "w_std_48": 10.858599788877017, "w_noise_scale_48": 0.0, "w_std_res_42": 8.892003957207846, "w_std_42": 10.84627034831559, "w_noise_scale_42": 0.0, "w_std_res_44": 8.932069154176988, "w_std_44": 10.862389319056375, "w_noise_scale_44": 0.0, "w_std_res_2": 8.943496677055345, "w_std_2": 10.866995707329831, "w_noise_scale_2": 0.0, "w_std_res_22": 8.903936980347513, "w_std_22": 10.851066148655624, "w_noise_scale_22": 0.0, "w_std_res_37": 8.896863913761972, "w_std_37": 10.848223011166391, "w_noise_scale_37": 0.0, "w_std_res_1": 8.92171551959039, "w_std_1": 10.858219211874708, "w_noise_scale_1": 0.0, "w_std_res_33": 8.884815874569377, "w_std_33": 10.843383588910337, "w_noise_scale_33": 0.0, "w_std_res_31": 8.900427921594556, "w_std_31": 10.84965543447694, "w_noise_scale_31": 0.0, "w_std_res_32": 8.913139440595552, "w_std_32": 10.854767497366076, "w_noise_scale_32": 0.0, "w_std_res_10": 8.900919896280383, "w_std_10": 10.849853196011455, "w_noise_scale_10": 0.0, "w_std_res_26": 8.88731276174075, "w_std_26": 10.844386170099716, "w_noise_scale_26": 0.0, "w_std_res_19": 8.92864727646355, "w_std_19": 10.861010740114153, "w_noise_scale_19": 0.0, "w_std_res_40": 8.888616754731864, "w_std_40": 10.844909840709834, "w_noise_scale_40": 0.0, "w_std_res_20": 8.826610600196432, "w_std_20": 10.820065961992793, "w_noise_scale_20": 0.0, "w_std_res_18": 8.886796297738572, "w_std_18": 10.844178777545812, "w_noise_scale_18": 0.0, "w_std_res_38": 8.90434804252956, "w_std_38": 10.851231428534966, "w_noise_scale_38": 0.0, "w_std_res_39": 8.913194222611779, "w_std_39": 10.854789539069838, "w_noise_scale_39": 0.0, "w_std_res_27": 8.886894318320659, "w_std_27": 10.844218138309925, "w_noise_scale_27": 0.0, "w_std_res_6": 8.920484677134981, "w_std_6": 10.857723683799932, "w_noise_scale_6": 0.0, "w_std_res_46": 8.90552102279816, "w_std_46": 10.85170308854214, "w_noise_scale_46": 0.0, "w_std_res_21": 8.888788145045421, "w_std_21": 10.84497867318673, "w_noise_scale_21": 0.0, "w_std_res_45": 8.920075672324758, "w_std_45": 10.857559031614795, "w_noise_scale_45": 0.0, "w_std_res_24": 8.901531206062247, "w_std_24": 10.850098937480938, "w_noise_scale_24": 0.0, "w_std_res_3": 8.883243970391671, "w_std_3": 10.842752515361354, "w_noise_scale_3": 0.0, "w_std_res_28": 8.889474112679558, "w_std_28": 10.845254175214153, "w_noise_scale_28": 0.0, "w_std_res_23": 8.873144612396441, "w_std_23": 10.83869970652038, "w_noise_scale_23": 0.0, "w_std_res_14": 8.894853234455304, "w_std_14": 10.847415061461648, "w_noise_scale_14": 0.0, "w_std_res_13": 8.914621942348425, "w_std_13": 10.85536401825153, "w_noise_scale_13": 0.0, "w_std_res_17": 8.942417790368554, "w_std_17": 10.866560644213743, "w_noise_scale_17": 0.0, "w_std_res_11": 8.892672545416254, "w_std_11": 10.846538935300975, "w_noise_scale_11": 0.0, "w_std_res_49": 8.929761509973265, "w_std_49": 10.861459594881804, "w_noise_scale_49": 0.0, "w_std_res_5": 8.912957561887076, "w_std_5": 10.854694318588617, "w_noise_scale_5": 0.0, "w_std_res_7": 8.892333425485123, "w_std_7": 10.84640270147204, "w_noise_scale_7": 0.0, "w_std_res_36": 8.896863913761972, "w_std_36": 10.848223011166391, "w_noise_scale_36": 0.0, "w_std_res_12": 8.883353023352162, "w_std_12": 10.842796294516235, "w_noise_scale_12": 0.0, "w_std_res_43": 8.941613126975469, "w_std_43": 10.866236184996396, "w_noise_scale_43": 0.0, "w_std_res_34": 8.890442990228328, "w_std_34": 10.845643325346128, "w_noise_scale_34": 0.0, "w_std_res_4": 8.927145225378604, "w_std_4": 10.860405717271801, "w_noise_scale_4": 0.0, "w_std_res_41": 8.889316797425998, "w_std_41": 10.845190992151775, "w_noise_scale_41": 0.0, "l2_loss": 27.041810989379883, "lpips_loss": 14.281219482421875, "noise_reg": 6.1548899657482e-13, "total_delta_reg": 0.0, "total_loss": 14.281219482421875, "step": 199, "t": 0.995, "lr_ramp": 0.0009866357858642205, "lr": 9.866357858642205e-06, "_timestamp": 1677809255.7355318, "_runtime": 1799.2771909236908, "_step": 199, "_wandb": {"runtime": 1798}}