{"frame0.png": {"intrinsics": [[2985.29, 0.0, 512.0], [0.0, 2985.29, 512.0], [0.0, 0.0, 1.0]], "pose": [[0.8379251956939697, -0.3195931315422058, 0.4424269199371338, -1.148724913597107], [-0.23575499653816223, -0.9430418610572815, -0.23471592366695404, 0.6147993206977844], [0.49224069714546204, 0.09237001836299896, -0.8655442595481873, 2.4107744693756104], [0.0, 0.0, 0.0, 1.0]]}, "frame1.png": {"intrinsics": [[2985.29, 0.0, 512.0], [0.0, 2985.29, 512.0], [0.0, 0.0, 1.0]], "pose": [[0.809994637966156, -0.3696076571941376, 0.45530083775520325, -1.18796706199646], [-0.3109869956970215, -0.9289484024047852, -0.20085322856903076, 0.5302606821060181], [0.49718788266181946, 0.02109740674495697, -0.8673863410949707, 2.4274673461914062], [0.0, 0.0, 0.0, 1.0]]}, "frame2.png": {"intrinsics": [[2985.29, 0.0, 512.0], [0.0, 2985.29, 512.0], [0.0, 0.0, 1.0]], "pose": [[0.895807147026062, -0.27767783403396606, 0.3470224142074585, -0.9140615463256836], [-0.23926395177841187, -0.9593027830123901, -0.14996948838233948, 0.403155654668808], [0.374542772769928, 0.05131378769874573, -0.9257886409759521, 2.607203245162964], [0.0, 0.0, 0.0, 1.0]]}}