{"frame0.png": {"intrinsics": [[2985.29, 0.0, 512.0], [0.0, 2985.29, 512.0], [0.0, 0.0, 1.0]], "pose": [[0.8722310662269592, 0.15983834862709045, -0.46223875880241394, 1.0230250358581543], [0.17908374965190887, -0.9838312268257141, -0.0022748757619410753, -0.01350035984069109], [-0.45512855052948, -0.08079523593187332, -0.8867526054382324, 2.0744850635528564], [0.0, 0.0, 0.0, 1.0]]}, "frame1.png": {"intrinsics": [[2985.29, 0.0, 512.0], [0.0, 2985.29, 512.0], [0.0, 0.0, 1.0]], "pose": [[0.8460490703582764, 0.12086000293493271, -0.5192242860794067, 1.3921531438827515], [0.0895984023809433, -0.9923449158668518, -0.08499247580766678, 0.2468203604221344], [-0.5255217552185059, 0.025386124849319458, -0.8504013419151306, 2.4480245113372803], [0.0, 0.0, 0.0, 1.0]]}, "frame2.png": {"intrinsics": [[2985.29, 0.0, 512.0], [0.0, 2985.29, 512.0], [0.0, 0.0, 1.0]], "pose": [[0.7691748738288879, -0.10574378073215485, -0.6302287578582764, 1.6624339818954468], [-0.10679930448532104, -0.9936152696609497, 0.036369793117046356, -0.08833546191453934], [-0.630050778388977, 0.03933325782418251, -0.7755572199821472, 2.2170655727386475], [0.0, 0.0, 0.0, 1.0]]}, "frame3.png": {"intrinsics": [[2985.29, 0.0, 512.0], [0.0, 2985.29, 512.0], [0.0, 0.0, 1.0]], "pose": [[0.7705503106117249, -0.15640011429786682, -0.6178926229476929, 1.6178947687149048], [-0.15337085723876953, -0.986440122127533, 0.058423399925231934, -0.1419374942779541], [-0.6186515092849731, 0.049748554825782776, -0.7840889096260071, 2.2159907817840576], [0.0, 0.0, 0.0, 1.0]]}, "frame4.png": {"intrinsics": [[2985.29, 0.0, 512.0], [0.0, 2985.29, 512.0], [0.0, 0.0, 1.0]], "pose": [[0.8155061602592468, -0.05491147190332413, -0.5761374831199646, 1.582696557044983], [-0.0685727447271347, -0.9976441860198975, -0.0019776232074946165, 0.01855628937482834], [-0.5746716260910034, 0.04112009331583977, -0.8173503875732422, 2.412731885910034], [0.0, 0.0, 0.0, 1.0]]}, "frame5.png": {"intrinsics": [[2985.29, 0.0, 512.0], [0.0, 2985.29, 512.0], [0.0, 0.0, 1.0]], "pose": [[0.824420690536499, 0.07919375598430634, -0.5604095458984375, 1.425621509552002], [0.04706530645489693, -0.9963254928588867, -0.07155686616897583, 0.18643349409103394], [-0.5640171766281128, 0.03261711820960045, -0.8251186013221741, 2.264871835708618], [0.0, 0.0, 0.0, 1.0]]}, "frame6.png": {"intrinsics": [[2985.29, 0.0, 512.0], [0.0, 2985.29, 512.0], [0.0, 0.0, 1.0]], "pose": [[0.9273680448532104, 0.061806149780750275, -0.36901021003723145, 0.9917413592338562], [0.0322045274078846, -0.9957872629165649, -0.08585218340158463, 0.23646539449691772], [-0.3727618455886841, 0.06773276627063751, -0.9254516959190369, 2.6530628204345703], [0.0, 0.0, 0.0, 1.0]]}, "frame7.png": {"intrinsics": [[2985.29, 0.0, 512.0], [0.0, 2985.29, 512.0], [0.0, 0.0, 1.0]], "pose": [[0.7379233241081238, 0.10576029866933823, -0.6665462255477905, 1.7585588693618774], [0.025314301252365112, -0.991287350654602, -0.12926161289215088, 0.3424256443977356], [-0.6744095087051392, 0.07851202040910721, -0.7341713309288025, 2.092118501663208], [0.0, 0.0, 0.0, 1.0]]}}