{"frame0.png": {"intrinsics": [[2985.29, 0.0, 512.0], [0.0, 2985.29, 512.0], [0.0, 0.0, 1.0]], "pose": [[0.8914198279380798, -0.07765614986419678, -0.4464753270149231, 1.2158668041229248], [-0.18776780366897583, -0.959953248500824, -0.20792564749717712, 0.5833718180656433], [-0.4124487042427063, 0.2691827416419983, -0.870302677154541, 2.5438497066497803], [0.0, 0.0, 0.0, 1.0]]}, "frame1.png": {"intrinsics": [[2985.29, 0.0, 512.0], [0.0, 2985.29, 512.0], [0.0, 0.0, 1.0]], "pose": [[0.8884434700012207, -0.07880420982837677, -0.45217034220695496, 1.2543482780456543], [-0.1941521316766739, -0.957197368144989, -0.21465809643268585, 0.5988463163375854], [-0.4159002900123596, 0.27850142121315, -0.8657158017158508, 2.580214262008667], [0.0, 0.0, 0.0, 1.0]]}, "frame2.png": {"intrinsics": [[2985.29, 0.0, 512.0], [0.0, 2985.29, 512.0], [0.0, 0.0, 1.0]], "pose": [[0.9089192152023315, -0.08420994877815247, -0.40838050842285156, 1.0962408781051636], [-0.1705036461353302, -0.9688312411308289, -0.17970693111419678, 0.492777019739151], [-0.38051867485046387, 0.23296943306922913, -0.8949474096298218, 2.5880634784698486], [0.0, 0.0, 0.0, 1.0]]}}