{"w_std_temp": 8.882476604247264, "w_std_res_8": 8.905760074244084, "w_std_8": 10.851799217180531, "w_noise_scale_8": 0.0, "w_std_res_29": 8.901543054437248, "w_std_29": 10.850103700541299, "w_noise_scale_29": 0.0, "w_std_res_25": 8.878550786164373, "w_std_25": 10.84086878509398, "w_noise_scale_25": 0.0, "w_std_res_30": 8.884089975202864, "w_std_30": 10.84309215223568, "w_noise_scale_30": 0.0, "w_std_res_47": 8.888477442734498, "w_std_47": 10.844853891938794, "w_noise_scale_47": 0.0, "w_std_res_9": 8.9155771335904, "w_std_9": 10.855748398026273, "w_noise_scale_9": 0.0, "w_std_res_16": 8.874501306411533, "w_std_16": 10.839243959307078, "w_noise_scale_16": 0.0, "w_std_res_35": 8.925582088861209, "w_std_35": 10.859776161654992, "w_noise_scale_35": 0.0, "w_std_res_0": 8.924779846724512, "w_std_0": 10.85945308605019, "w_noise_scale_0": 0.0, "w_std_res_15": 8.894367951125027, "w_std_15": 10.847220078780554, "w_noise_scale_15": 0.0, "w_std_res_48": 8.897864912438264, "w_std_48": 10.848625287334796, "w_noise_scale_48": 0.0, "w_std_res_42": 8.88567096158191, "w_std_42": 10.84372691279963, "w_noise_scale_42": 0.0, "w_std_res_44": 8.910263569333962, "w_std_44": 10.853610509583897, "w_noise_scale_44": 0.0, "w_std_res_2": 8.903891793058808, "w_std_2": 10.851047980062802, "w_noise_scale_2": 0.0, "w_std_res_22": 8.924779846724512, "w_std_22": 10.85945308605019, "w_noise_scale_22": 0.0, "w_std_res_37": 8.907905109367746, "w_std_37": 10.85266186745791, "w_noise_scale_37": 0.0, "w_std_res_1": 8.91216645589051, "w_std_1": 10.85437602925083, "w_noise_scale_1": 0.0, "w_std_res_33": 8.85217090252442, "w_std_33": 10.83029298642816, "w_noise_scale_33": 0.0, "w_std_res_31": 8.912758586711524, "w_std_31": 10.854614262204347, "w_noise_scale_31": 0.0, "w_std_res_32": 8.890207920796904, "w_std_32": 10.845548906982533, "w_noise_scale_32": 0.0, "w_std_res_10": 8.913839748531494, "w_std_10": 10.855049275135743, "w_noise_scale_10": 0.0, "w_std_res_26": 8.896745366986739, "w_std_26": 10.848175372211218, "w_noise_scale_26": 0.0, "w_std_res_19": 8.915562236897907, "w_std_19": 10.855742403216833, "w_noise_scale_19": 0.0, "w_std_res_40": 8.896791029635349, "w_std_40": 10.84819372205576, "w_noise_scale_40": 0.0, "w_std_res_20": 8.870507665855433, "w_std_20": 10.837642026174327, "w_noise_scale_20": 0.0, "w_std_res_18": 8.861839714472385, "w_std_18": 10.834166795663155, "w_noise_scale_18": 0.0, "w_std_res_38": 8.903315744709944, "w_std_38": 10.850816371937182, "w_noise_scale_38": 0.0, "w_std_res_39": 8.909314385097206, "w_std_39": 10.853228699475792, "w_noise_scale_39": 0.0, "w_std_res_27": 8.895618215587941, "w_std_27": 10.84772243880599, "w_noise_scale_27": 0.0, "w_std_res_6": 8.899813024721363, "w_std_6": 10.849408271594816, "w_noise_scale_6": 0.0, "w_std_res_46": 8.904219944077077, "w_std_46": 10.851179922161691, "w_noise_scale_46": 0.0, "w_std_res_21": 8.909734844539427, "w_std_21": 10.853397826256993, "w_noise_scale_21": 0.0, "w_std_res_45": 8.90434804252956, "w_std_45": 10.851231428534966, "w_noise_scale_45": 0.0, "w_std_res_24": 8.93084411254054, "w_std_24": 10.861895743406167, "w_noise_scale_24": 0.0, "w_std_res_3": 8.88633607005722, "w_std_3": 10.84399397420065, "w_noise_scale_3": 0.0, "w_std_res_28": 8.90401550916776, "w_std_28": 10.851097723128062, "w_noise_scale_28": 0.0, "w_std_res_23": 8.890766365308448, "w_std_23": 10.845773215433974, "w_noise_scale_23": 0.0, "w_std_res_14": 8.934672629705018, "w_std_14": 10.863438423215737, "w_noise_scale_14": 0.0, "w_std_res_13": 8.927047646758698, "w_std_13": 10.860366415175642, "w_noise_scale_13": 0.0, "w_std_res_17": 8.911342842131033, "w_std_17": 10.854044681016381, "w_noise_scale_17": 0.0, "w_std_res_11": 8.877752214102397, "w_std_11": 10.840548324173922, "w_noise_scale_11": 0.0, "w_std_res_49": 8.911590942418755, "w_std_49": 10.854144492139858, "w_noise_scale_49": 0.0, "w_std_res_5": 8.906548240620493, "w_std_5": 10.852116171080413, "w_noise_scale_5": 0.0, "w_std_res_7": 8.859803450839076, "w_std_7": 10.83335073035462, "w_noise_scale_7": 0.0, "w_std_res_36": 8.886708385982967, "w_std_36": 10.844143476290554, "w_noise_scale_36": 0.0, "w_std_res_12": 8.893755270553603, "w_std_12": 10.846973919168654, "w_noise_scale_12": 0.0, "w_std_res_43": 8.897905301249278, "w_std_43": 10.84864151921797, "w_noise_scale_43": 0.0, "w_std_res_34": 8.890740443011481, "w_std_34": 10.845762803106565, "w_noise_scale_34": 0.0, "w_std_res_4": 8.889645925879163, "w_std_4": 10.845323181993011, "w_noise_scale_4": 0.0, "w_std_res_41": 8.858395117768229, "w_std_41": 10.832786392042676, "w_noise_scale_41": 0.0, "l2_loss": 213219.609375, "lpips_loss": 11.19282341003418, "noise_reg": 1.4100298185992788e-11, "total_delta_reg": 30193.390625, "total_loss": 18.30967140197754, "step": 179, "t": 0.895, "lr_ramp": 0.3756550564175725, "lr": 0.0037565505641757252, "_timestamp": 1678376799.7432427, "_runtime": 1725.450050830841, "_step": 179, "_wandb": {"runtime": 1727}}