{"step": 76, "c_loss": 0.60791015625, "i_loss": 0.404921293258667, "l2_loss": 4764.37353515625, "total_loss": 38.71875, "_timestamp": 1678023788.867623, "_runtime": 69.8122661113739, "_step": 276, "_wandb": {"runtime": 69}}