{"w_std_8": 8.907233279054726, "w_noise_scale_8": 0.0, "w_std_29": 8.921833296750169, "w_noise_scale_29": 0.0, "w_std_25": 8.871268141449676, "w_noise_scale_25": 0.0, "w_std_30": 8.905448209523202, "w_noise_scale_30": 0.0, "w_std_47": 8.884089975202864, "w_noise_scale_47": 0.0, "w_std_9": 8.947084022182871, "w_noise_scale_9": 0.0, "w_std_16": 8.909495022867457, "w_noise_scale_16": 0.0, "w_std_35": 8.90556927223072, "w_noise_scale_35": 0.0, "w_std_0": 8.902616802800175, "w_noise_scale_0": 0.0, "w_std_15": 8.93018931770206, "w_noise_scale_15": 0.0, "w_std_48": 8.92251672385656, "w_noise_scale_48": 0.0, "w_std_42": 8.88843129790066, "w_noise_scale_42": 0.0, "w_std_44": 8.882441422548196, "w_noise_scale_44": 0.0, "w_std_2": 8.879166275613944, "w_noise_scale_2": 0.0, "w_std_22": 8.885444998000944, "w_noise_scale_22": 0.0, "w_std_37": 8.951845567395585, "w_noise_scale_37": 0.0, "w_std_1": 8.928007196457672, "w_noise_scale_1": 0.0, "w_std_33": 8.858206382360935, "w_noise_scale_33": 0.0, "w_std_31": 8.892977390896707, "w_noise_scale_31": 0.0, "w_std_32": 8.883872765438506, "w_noise_scale_32": 0.0, "w_std_10": 8.888241002864403, "w_noise_scale_10": 0.0, "w_std_26": 8.896307608356402, "w_noise_scale_26": 0.0, "w_std_19": 8.895183914624813, "w_noise_scale_19": 0.0, "w_std_40": 8.85258525093094, "w_noise_scale_40": 0.0, "w_std_20": 8.919117021179844, "w_noise_scale_20": 0.0, "w_std_18": 8.86555923926968, "w_noise_scale_18": 0.0, "w_std_38": 8.88878946341964, "w_noise_scale_38": 0.0, "w_std_39": 8.917640523142879, "w_noise_scale_39": 0.0, "w_std_27": 8.85217090252442, "w_noise_scale_27": 0.0, "w_std_6": 8.912122186942906, "w_noise_scale_6": 0.0, "w_std_46": 8.895608554927538, "w_noise_scale_46": 0.0, "w_std_21": 8.924008173180928, "w_noise_scale_21": 0.0, "w_std_45": 8.928994641755589, "w_noise_scale_45": 0.0, "w_std_24": 8.918002771781358, "w_noise_scale_24": 0.0, "w_std_3": 8.859130177393263, "w_noise_scale_3": 0.0, "w_std_28": 8.892030754417126, "w_noise_scale_28": 0.0, "w_std_23": 8.881110572445317, "w_noise_scale_23": 0.0, "w_std_14": 8.889282961099843, "w_noise_scale_14": 0.0, "w_std_13": 8.911342842131033, "w_noise_scale_13": 0.0, "w_std_17": 8.931630940091512, "w_noise_scale_17": 0.0, "w_std_11": 8.881266273735969, "w_noise_scale_11": 0.0, "w_std_49": 8.906958743729534, "w_noise_scale_49": 0.0, "w_std_5": 8.876539039090629, "w_noise_scale_5": 0.0, "w_std_7": 8.909677849114411, "w_noise_scale_7": 0.0, "w_std_36": 8.917756601999182, "w_noise_scale_36": 0.0, "w_std_12": 8.890821724537052, "w_noise_scale_12": 0.0, "w_std_43": 8.890740443011481, "w_noise_scale_43": 0.0, "w_std_34": 8.895342004386341, "w_noise_scale_34": 0.0, "w_std_4": 8.951256894984079, "w_noise_scale_4": 0.0, "w_std_41": 8.935825892160164, "w_noise_scale_41": 0.0, "l2_loss": 17.04859733581543, "lpips_loss": 14.682191848754883, "noise_reg": 3.08296086142662e-13, "total_delta_reg": 4003.41796875, "total_loss": 14.682191848754883, "step": 199, "t": 0.995, "lr_ramp": 0.0009866357858642205, "lr": 9.866357858642205e-06, "_timestamp": 1677758854.8140175, "_runtime": 1785.8188164234161, "_step": 199, "_wandb": {"runtime": 1784}}