{"w_std_temp": 8.8825012313537, "w_std_res_8": 8.878023252672861, "w_std_8": 10.840677266377318, "w_noise_scale_8": 0.16595872375127405, "w_std_res_29": 8.936140193758153, "w_std_29": 10.864050022465149, "w_noise_scale_29": 0.16631653467724972, "w_std_res_25": 8.911362129326807, "w_std_25": 10.854072593962139, "w_noise_scale_25": 0.16616379133290032, "w_std_res_30": 8.899513241604847, "w_std_30": 10.849307938038029, "w_noise_scale_30": 0.16609084974476435, "w_std_res_47": 8.889346678749794, "w_std_47": 10.845223163621391, "w_noise_scale_47": 0.16602831638708385, "w_std_res_9": 8.912119118789875, "w_std_9": 10.854377137674689, "w_noise_scale_9": 0.16616845355875756, "w_std_res_16": 8.926114688793776, "w_std_16": 10.86001080153123, "w_noise_scale_16": 0.1662546986927747, "w_std_res_35": 8.926858612496336, "w_std_35": 10.860310420143385, "w_noise_scale_35": 0.16625928552081726, "w_std_res_0": 8.884682218571466, "w_std_0": 10.843350100695355, "w_noise_scale_0": 0.16599964187486727, "w_std_res_15": 8.922112628183978, "w_std_15": 10.858399240334645, "w_noise_scale_15": 0.16623002748147855, "w_std_res_48": 8.864453240330167, "w_std_48": 10.835234581563059, "w_noise_scale_48": 0.1658754022941953, "w_std_res_42": 8.907688041798501, "w_std_42": 10.852594721424918, "w_noise_scale_42": 0.16614116674643606, "w_std_res_44": 8.886165951213155, "w_std_44": 10.843945837568766, "w_noise_scale_44": 0.16600876194446934, "w_std_res_2": 8.9532732317572, "w_std_2": 10.870959842195399, "w_noise_scale_2": 0.16642231633974242, "w_std_res_22": 8.937975948865605, "w_std_22": 10.864789966475422, "w_noise_scale_22": 0.16632786239788702, "w_std_res_37": 8.915918436285743, "w_std_37": 10.855905899123528, "w_noise_scale_37": 0.16619185719791546, "w_std_res_1": 8.891345423359729, "w_std_1": 10.846025982329886, "w_noise_scale_1": 0.1660406066494901, "w_std_res_33": 8.908908813653893, "w_std_33": 10.853085721927197, "w_noise_scale_33": 0.16614868341856986, "w_std_res_31": 8.89582899102158, "w_std_31": 10.847827299020528, "w_noise_scale_31": 0.16606818280656088, "w_std_res_32": 8.928505964045721, "w_std_32": 10.860973957822567, "w_noise_scale_32": 0.16626944354542142, "w_std_res_10": 8.914646480651939, "w_std_10": 10.855394043688602, "w_noise_scale_10": 0.166184021259935, "w_std_res_26": 8.90499201641978, "w_std_26": 10.851510526333419, "w_noise_scale_26": 0.16612456892424643, "w_std_res_19": 8.882187670416561, "w_std_19": 10.842348659452202, "w_noise_scale_19": 0.1659843109221471, "w_std_res_40": 8.885938681422465, "w_std_40": 10.84385458162825, "w_noise_scale_40": 0.16600736491741552, "w_std_res_20": 8.886821352429676, "w_std_20": 10.84420901045807, "w_noise_scale_20": 0.16601279082899026, "w_std_res_18": 8.879071249291787, "w_std_18": 10.841097831285353, "w_noise_scale_18": 0.16596516213272172, "w_std_res_38": 8.921860004365682, "w_std_38": 10.858297529280316, "w_noise_scale_38": 0.16622847039824903, "w_std_res_39": 8.875775934390187, "w_std_39": 10.839775521632124, "w_noise_scale_39": 0.16594491904116374, "w_std_res_27": 8.902818198469516, "w_std_27": 10.850636494867478, "w_noise_scale_27": 0.16611118847364895, "w_std_res_6": 8.93299230731226, "w_std_6": 10.862781429754765, "w_noise_scale_6": 0.16629711393240124, "w_std_res_46": 8.912119118789875, "w_std_46": 10.854377137674689, "w_noise_scale_46": 0.16616845355875756, "w_std_res_21": 8.93681291065221, "w_std_21": 10.86432116494169, "w_noise_scale_21": 0.16632068556729618, "w_std_res_45": 8.911784683776869, "w_std_45": 10.854242589305805, "w_noise_scale_45": 0.16616639377272813, "w_std_res_24": 8.911380539792923, "w_std_24": 10.854080000453745, "w_noise_scale_24": 0.1661639047180574, "w_std_res_3": 8.892115538498137, "w_std_3": 10.846335340219754, "w_noise_scale_3": 0.16604534257505302, "w_std_res_28": 8.864577066194416, "w_std_28": 10.835284220574234, "w_noise_scale_28": 0.16587616221230195, "w_std_res_23": 8.911823256214184, "w_std_23": 10.85425810742033, "w_noise_scale_23": 0.1661666313378192, "w_std_res_14": 8.901677334918402, "w_std_14": 10.850177842724513, "w_noise_scale_14": 0.16610416701895364, "w_std_res_13": 8.951877858164734, "w_std_13": 10.870396752045208, "w_noise_scale_13": 0.16641369605519868, "w_std_res_17": 8.881717088350653, "w_std_17": 10.842159764519936, "w_noise_scale_17": 0.16598141915061737, "w_std_res_11": 8.91892562896451, "w_std_11": 10.857116236310173, "w_noise_scale_11": 0.1662103861154239, "w_std_res_49": 8.91736806042007, "w_std_49": 10.856489310833867, "w_noise_scale_49": 0.16620078858296553, "w_std_res_5": 8.936047958969334, "w_std_5": 10.864012847757959, "w_noise_scale_5": 0.16631596557378792, "w_std_res_7": 8.91892562896451, "w_std_7": 10.857116236310173, "w_noise_scale_7": 0.1662103861154239, "w_std_res_36": 8.917626505971194, "w_std_36": 10.856593330782912, "w_noise_scale_36": 0.16620238101280768, "w_std_res_12": 8.889439837526321, "w_std_12": 10.845260579223073, "w_noise_scale_12": 0.16602888917837272, "w_std_res_43": 8.890058088252292, "w_std_43": 10.845508895534824, "w_noise_scale_43": 0.1660326906251986, "w_std_res_34": 8.908103754447408, "w_std_34": 10.852761918055698, "w_noise_scale_34": 0.16614372634107927, "w_std_res_4": 8.896685214870761, "w_std_4": 10.848171364480052, "w_noise_scale_4": 0.16607345006645122, "w_std_res_41": 8.884736736392362, "w_std_41": 10.843371989088542, "w_noise_scale_41": 0.1659999769618465, "l2_loss": 12.261286735534668, "lpips_loss": 16.51888084411621, "noise_reg": 362.90576171875, "total_delta_reg": 7412.21435546875, "total_loss": 36.1923828125, "step": 67, "t": 0.335, "lr_ramp": 1.0, "lr": 0.01, "_timestamp": 1677746799.6545415, "_runtime": 564.6161065101624, "_step": 67}