{"w_std_temp": 8.882476604247264, "w_std_res_8": 8.925637669797045, "w_std_8": 10.859798545697108, "w_noise_scale_8": 0.38313369269219394, "w_std_res_29": 8.865667628554547, "w_std_29": 10.835701234807095, "w_noise_scale_29": 0.3822835395639943, "w_std_res_25": 8.911773287342985, "w_std_25": 10.854217850966968, "w_noise_scale_25": 0.38293680578211464, "w_std_res_30": 8.937294578058843, "w_std_30": 10.864495177814293, "w_noise_scale_30": 0.3832993898732882, "w_std_res_47": 8.89593481597072, "w_std_47": 10.84784965730536, "w_noise_scale_47": 0.38271213590973313, "w_std_res_9": 8.890055891275376, "w_std_9": 10.845487843453608, "w_noise_scale_9": 0.3826288111170432, "w_std_res_16": 8.947084022182871, "w_std_16": 10.868442563219443, "w_noise_scale_16": 0.3834386536303819, "w_std_res_35": 8.919453371003181, "w_std_35": 10.857308522805042, "w_noise_scale_35": 0.3830458446845618, "w_std_res_0": 8.921252714725663, "w_std_0": 10.858032884689566, "w_noise_scale_0": 0.3830714001718478, "w_std_res_15": 8.90134250759401, "w_std_15": 10.850023081052639, "w_noise_scale_15": 0.3827888142995371, "w_std_res_48": 8.896085427731682, "w_std_48": 10.84791017820368, "w_noise_scale_48": 0.3827142710870258, "w_std_res_42": 8.93521080822943, "w_std_42": 10.863655314712217, "w_noise_scale_42": 0.383269759503047, "w_std_res_44": 8.911916618354326, "w_std_44": 10.854275514889283, "w_noise_scale_44": 0.38293884016529384, "w_std_res_2": 8.926608748567398, "w_std_2": 10.860189642105704, "w_noise_scale_2": 0.3831474905734892, "w_std_res_22": 8.878473352018352, "w_std_22": 10.84083771051043, "w_noise_scale_22": 0.3824647544268079, "w_std_res_37": 8.894367951125027, "w_std_37": 10.847220078780554, "w_noise_scale_37": 0.38268992437937793, "w_std_res_1": 8.882578630386561, "w_std_1": 10.842485423381948, "w_noise_scale_1": 0.3825228857369151, "w_std_res_33": 8.902616802800175, "w_std_33": 10.850535366256128, "w_noise_scale_33": 0.38280688772151616, "w_std_res_31": 8.914918150213158, "w_std_31": 10.855483212701772, "w_noise_scale_31": 0.3829814477441185, "w_std_res_32": 8.884663313119974, "w_std_32": 10.843322336667622, "w_noise_scale_32": 0.3825524120376337, "w_std_res_10": 8.90007373564961, "w_std_10": 10.84951306511034, "w_noise_scale_10": 0.38277082093709275, "w_std_res_26": 8.917640523142879, "w_std_26": 10.856578823459994, "w_noise_scale_26": 0.38302010089166855, "w_std_res_19": 8.928870834265663, "w_std_19": 10.861100794521244, "w_noise_scale_19": 0.3831796360307094, "w_std_res_40": 8.895183914624813, "w_std_40": 10.847547930004735, "w_noise_scale_40": 0.382701490970567, "w_std_res_20": 8.916477022905402, "w_std_20": 10.856110548902862, "w_noise_scale_20": 0.3830035801652929, "w_std_res_18": 8.904653365656634, "w_std_18": 10.851354196164873, "w_noise_scale_18": 0.3828357760406967, "w_std_res_38": 8.895276133993818, "w_std_38": 10.847584984686684, "w_noise_scale_38": 0.3827027982597462, "w_std_res_39": 8.926951817389853, "w_std_39": 10.86032781791139, "w_noise_scale_39": 0.3831523654159138, "w_std_res_27": 8.864425037756256, "w_std_27": 10.835203087044562, "w_noise_scale_27": 0.3822659649109321, "w_std_res_6": 8.91388006496049, "w_std_6": 10.855065497412948, "w_noise_scale_6": 0.38296671074872873, "w_std_res_46": 8.922929994542152, "w_std_46": 10.858708195355238, "w_noise_scale_46": 0.38309522513213273, "w_std_res_21": 8.906774107385905, "w_std_21": 10.85220700479861, "w_noise_scale_21": 0.38286586312929494, "w_std_res_45": 8.901672507877382, "w_std_45": 10.850155741249754, "w_noise_scale_45": 0.38279349455129125, "w_std_res_24": 8.956456295600397, "w_std_24": 10.872224437471386, "w_noise_scale_24": 0.38357207815399047, "w_std_res_3": 8.91091281449325, "w_std_3": 10.853871684651288, "w_noise_scale_3": 0.3829245930344974, "w_std_res_28": 8.911444976124804, "w_std_28": 10.854085769452212, "w_noise_scale_28": 0.382932145946274, "w_std_res_23": 8.879166275613944, "w_std_23": 10.841115789553214, "w_noise_scale_23": 0.38247456505543737, "w_std_res_14": 8.920034070142332, "w_std_14": 10.857542284196962, "w_noise_scale_14": 0.38305409178646876, "w_std_res_13": 8.882627444202532, "w_std_13": 10.842505018588877, "w_noise_scale_13": 0.3825235770558155, "w_std_res_17": 8.895276133993818, "w_std_17": 10.847584984686684, "w_noise_scale_17": 0.3827027982597462, "w_std_res_11": 8.899507974461285, "w_std_11": 10.84928565836825, "w_noise_scale_11": 0.38276279802723184, "w_std_res_49": 8.8862705724899, "w_std_49": 10.843967674328201, "w_noise_scale_49": 0.38257517955029885, "w_std_res_5": 8.902616802800175, "w_std_5": 10.850535366256128, "w_noise_scale_5": 0.38280688772151616, "w_std_res_7": 8.90556927223072, "w_std_7": 10.85172249072123, "w_noise_scale_7": 0.3828487694726449, "w_std_res_36": 8.932994493729412, "w_std_36": 10.862762173188273, "w_noise_scale_36": 0.3832382494700822, "w_std_res_12": 8.888477442734498, "w_std_12": 10.844853891938794, "w_noise_scale_12": 0.38260644530760063, "w_std_res_43": 8.869056548613274, "w_std_43": 10.837060072530049, "w_noise_scale_43": 0.3823314793588601, "w_std_res_34": 8.878473352018352, "w_std_34": 10.84083771051043, "w_noise_scale_34": 0.3824647544268079, "w_std_res_4": 8.916477022905402, "w_std_4": 10.856110548902862, "w_noise_scale_4": 0.3830035801652929, "w_std_res_41": 8.936801983232034, "w_std_41": 10.86429662573123, "w_noise_scale_41": 0.38329238495579776, "l2_loss": 896966.4375, "lpips_loss": 14.857421875, "noise_reg": 1.146134854934644e-05, "total_delta_reg": 11438.501953125, "total_loss": 16.349645614624023, "step": 24, "t": 0.12, "lr_ramp": 1.0, "lr": 0.01, "_timestamp": 1678376844.2470436, "_runtime": 336.3363296985626, "_step": 24, "_wandb": {"runtime": 337}}