{"frame0.png": {"intrinsics": [[2985.29, 0.0, 512.0], [0.0, 2985.29, 512.0], [0.0, 0.0, 1.0]], "pose": [[0.9376365542411804, -0.0412503257393837, -0.3451610505580902, 0.936859130859375], [-0.052577488124370575, -0.9983399510383606, -0.023515770211815834, 0.0656939297914505], [-0.3436180353164673, 0.04019694775342941, -0.938248872756958, 2.7121686935424805], [0.0, 0.0, 0.0, 1.0]]}, "frame1.png": {"intrinsics": [[2985.29, 0.0, 512.0], [0.0, 2985.29, 512.0], [0.0, 0.0, 1.0]], "pose": [[0.9515803456306458, -0.09167318046092987, -0.293412446975708, 0.7820594310760498], [-0.09263981133699417, -0.995642900466919, 0.01063188910484314, -0.02466720901429653], [-0.29310867190361023, 0.017064576968550682, -0.9559268355369568, 2.715519666671753], [0.0, 0.0, 0.0, 1.0]]}, "frame10.png": {"intrinsics": [[2985.29, 0.0, 512.0], [0.0, 2985.29, 512.0], [0.0, 0.0, 1.0]], "pose": [[0.9721289277076721, -0.07973382622003555, -0.22047215700149536, 0.5786377787590027], [-0.05843249708414078, -0.993116557598114, 0.10151422768831253, -0.2746064364910126], [-0.22704866528511047, -0.08580216765403748, -0.9700963497161865, 2.7275710105895996], [0.0, 0.0, 0.0, 1.0]]}, "frame11.png": {"intrinsics": [[2985.29, 0.0, 512.0], [0.0, 2985.29, 512.0], [0.0, 0.0, 1.0]], "pose": [[0.9675737619400024, -0.08301237970590591, -0.23855815827846527, 0.6273985505104065], [-0.06380206346511841, -0.994148850440979, 0.0871630609035492, -0.2297334522008896], [-0.24439792335033417, -0.06911619007587433, -0.9672086834907532, 2.732976198196411], [0.0, 0.0, 0.0, 1.0]]}, "frame12.png": {"intrinsics": [[2985.29, 0.0, 512.0], [0.0, 2985.29, 512.0], [0.0, 0.0, 1.0]], "pose": [[0.9621028900146484, -0.08913145959377289, -0.25770822167396545, 0.6745677590370178], [-0.07762854546308517, -0.9954920411109924, 0.054491907358169556, -0.14081083238124847], [-0.2614034414291382, -0.03242131322622299, -0.9646849632263184, 2.712197780609131], [0.0, 0.0, 0.0, 1.0]]}, "frame13.png": {"intrinsics": [[2985.29, 0.0, 512.0], [0.0, 2985.29, 512.0], [0.0, 0.0, 1.0]], "pose": [[0.9558008909225464, -0.08519993722438812, -0.2813994288444519, 0.7531344890594482], [-0.07173094153404236, -0.9957453012466431, 0.05784285441040993, -0.1574980914592743], [-0.2851303815841675, -0.03510120511054993, -0.9578458070755005, 2.7525482177734375], [0.0, 0.0, 0.0, 1.0]]}, "frame14.png": {"intrinsics": [[2985.29, 0.0, 512.0], [0.0, 2985.29, 512.0], [0.0, 0.0, 1.0]], "pose": [[0.9535660147666931, -0.07070059329271317, -0.29276829957962036, 0.7737882733345032], [-0.0530436709523201, -0.9962860941886902, 0.06782624870538712, -0.18438570201396942], [-0.2964763343334198, -0.04914730042219162, -0.9537748098373413, 2.7113115787506104], [0.0, 0.0, 0.0, 1.0]]}, "frame15.png": {"intrinsics": [[2985.29, 0.0, 512.0], [0.0, 2985.29, 512.0], [0.0, 0.0, 1.0]], "pose": [[0.9534186124801636, -0.07087254524230957, -0.2932065725326538, 0.7842254638671875], [-0.051100436598062515, -0.9959061741828918, 0.07456276565790176, -0.20065705478191376], [-0.29729071259498596, -0.05610653758049011, -0.9531370997428894, 2.7333550453186035], [0.0, 0.0, 0.0, 1.0]]}, "frame16.png": {"intrinsics": [[2985.29, 0.0, 512.0], [0.0, 2985.29, 512.0], [0.0, 0.0, 1.0]], "pose": [[0.9505482316017151, -0.06731459498405457, -0.30319446325302124, 0.8145219683647156], [-0.048838935792446136, -0.9964809417724609, 0.06812109798192978, -0.18711163103580475], [-0.3067130744457245, -0.04994469881057739, -0.9504907131195068, 2.733767032623291], [0.0, 0.0, 0.0, 1.0]]}, "frame17.png": {"intrinsics": [[2985.29, 0.0, 512.0], [0.0, 2985.29, 512.0], [0.0, 0.0, 1.0]], "pose": [[0.9448487162590027, -0.0701255053281784, -0.3199114501476288, 0.8629896640777588], [-0.05111125856637955, -0.996411919593811, 0.0674608051776886, -0.18494448065757751], [-0.3234943151473999, -0.04738917574286461, -0.9450427293777466, 2.728797197341919], [0.0, 0.0, 0.0, 1.0]]}, "frame18.png": {"intrinsics": [[2985.29, 0.0, 512.0], [0.0, 2985.29, 512.0], [0.0, 0.0, 1.0]], "pose": [[0.9309899210929871, -0.06922073662281036, -0.3584219515323639, 0.9688266515731812], [-0.04120808094739914, -0.9955094456672668, 0.08522243052721024, -0.23318378627300262], [-0.3627116084098816, -0.0645713359117508, -0.9296616911888123, 2.693434238433838], [0.0, 0.0, 0.0, 1.0]]}, "frame19.png": {"intrinsics": [[2985.29, 0.0, 512.0], [0.0, 2985.29, 512.0], [0.0, 0.0, 1.0]], "pose": [[0.9216147661209106, -0.06376976519823074, -0.3828311562538147, 1.0440120697021484], [-0.02888418361544609, -0.9949431419372559, 0.0961969792842865, -0.26801273226737976], [-0.3870296776294708, -0.07759878784418106, -0.918796181678772, 2.6816489696502686], [0.0, 0.0, 0.0, 1.0]]}, "frame2.png": {"intrinsics": [[2985.29, 0.0, 512.0], [0.0, 2985.29, 512.0], [0.0, 0.0, 1.0]], "pose": [[0.9655713438987732, -0.1241825595498085, -0.22858425974845886, 0.6180533766746521], [-0.11905151605606079, -0.9922295808792114, 0.036156781017780304, -0.0970064029097557], [-0.23129810392856598, -0.007698645815253258, -0.9728524684906006, 2.7921133041381836], [0.0, 0.0, 0.0, 1.0]]}, "frame20.png": {"intrinsics": [[2985.29, 0.0, 512.0], [0.0, 2985.29, 512.0], [0.0, 0.0, 1.0]], "pose": [[0.9243150353431702, -0.0650559514760971, -0.37604448199272156, 1.00150465965271], [-0.010164078325033188, -0.9892101287841797, 0.14615078270435333, -0.3975304663181305], [-0.38149502873420715, -0.1312672346830368, -0.9150030016899109, 2.6190104484558105], [0.0, 0.0, 0.0, 1.0]]}, "frame21.png": {"intrinsics": [[2985.29, 0.0, 512.0], [0.0, 2985.29, 512.0], [0.0, 0.0, 1.0]], "pose": [[0.9290019273757935, -0.06366730481386185, -0.3645572066307068, 0.9637004733085632], [-0.006807904690504074, -0.9878635406494141, 0.15517470240592957, -0.4146095812320709], [-0.3700123429298401, -0.14167572557926178, -0.9181605577468872, 2.6114020347595215], [0.0, 0.0, 0.0, 1.0]]}, "frame22.png": {"intrinsics": [[2985.29, 0.0, 512.0], [0.0, 2985.29, 512.0], [0.0, 0.0, 1.0]], "pose": [[0.9328646659851074, -0.05724845081567764, -0.355648934841156, 0.932892918586731], [-0.014804955571889877, -0.9925498962402344, 0.12093644589185715, -0.3217921853065491], [-0.35992273688316345, -0.10755196213722229, -0.9267622232437134, 2.6211650371551514], [0.0, 0.0, 0.0, 1.0]]}, "frame23.png": {"intrinsics": [[2985.29, 0.0, 512.0], [0.0, 2985.29, 512.0], [0.0, 0.0, 1.0]], "pose": [[0.9372816681861877, -0.05584655702114105, -0.3440700173377991, 0.9038006663322449], [-0.024763818830251694, -0.9952563643455505, 0.09408249706029892, -0.2511807680130005], [-0.34769207239151, -0.07966132462024689, -0.9342185258865356, 2.6428353786468506], [0.0, 0.0, 0.0, 1.0]]}, "frame24.png": {"intrinsics": [[2985.29, 0.0, 512.0], [0.0, 2985.29, 512.0], [0.0, 0.0, 1.0]], "pose": [[0.9378224015235901, -0.05366161838173866, -0.342942476272583, 0.89805006980896], [-0.026051970198750496, -0.9960728883743286, 0.0846169963479042, -0.22695352137088776], [-0.3461363613605499, -0.07042139023542404, -0.9355374574661255, 2.641118049621582], [0.0, 0.0, 0.0, 1.0]]}, "frame25.png": {"intrinsics": [[2985.29, 0.0, 512.0], [0.0, 2985.29, 512.0], [0.0, 0.0, 1.0]], "pose": [[0.9313633441925049, -0.060820162296295166, -0.3589753210544586, 0.9601207971572876], [-0.04015018045902252, -0.9970925450325012, 0.06476469337940216, -0.17889313399791718], [-0.3618706166744232, -0.045906540006399155, -0.9310973286628723, 2.670869827270508], [0.0, 0.0, 0.0, 1.0]]}, "frame26.png": {"intrinsics": [[2985.29, 0.0, 512.0], [0.0, 2985.29, 512.0], [0.0, 0.0, 1.0]], "pose": [[0.9234058856964111, -0.07636605203151703, -0.37615129351615906, 1.0023226737976074], [-0.06809133291244507, -0.9970555901527405, 0.03526574745774269, -0.09362968057394028], [-0.3777368664741516, -0.006951956078410149, -0.925886869430542, 2.6479077339172363], [0.0, 0.0, 0.0, 1.0]]}, "frame27.png": {"intrinsics": [[2985.29, 0.0, 512.0], [0.0, 2985.29, 512.0], [0.0, 0.0, 1.0]],