{"step": 99, "c_loss": 0.7724609375, "i_loss": 0.08673596382141113, "l2_loss": 0.27053362131118774, "total_loss": 0.7822265625, "_timestamp": 1678029114.1275966, "_runtime": 1200.5793817043304, "_step": 4999, "_wandb": {"runtime": 1199}}