{"frame0.png": {"intrinsics": [[2985.29, 0.0, 512.0], [0.0, 2985.29, 512.0], [0.0, 0.0, 1.0]], "pose": [[0.8885471224784851, 0.12797844409942627, 0.4405740797519684, -1.2225794792175293], [0.09172111749649048, -0.9904714226722717, 0.1027306541800499, -0.28763529658317566], [0.44952332973480225, -0.05087107792496681, -0.8918188810348511, 2.6391336917877197], [0.0, 0.0, 0.0, 1.0]]}, "frame1.png": {"intrinsics": [[2985.29, 0.0, 512.0], [0.0, 2985.29, 512.0], [0.0, 0.0, 1.0]], "pose": [[0.892699122428894, 0.14213833212852478, 0.4276505708694458, -1.1212197542190552], [0.1278100609779358, -0.9898464679718018, 0.06219841167330742, -0.15937373042106628], [0.43214917182922363, -0.0008664131164550781, -0.9018017053604126, 2.5524158477783203], [0.0, 0.0, 0.0, 1.0]]}, "frame2.png": {"intrinsics": [[2985.29, 0.0, 512.0], [0.0, 2985.29, 512.0], [0.0, 0.0, 1.0]], "pose": [[0.8655471801757812, 0.15850383043289185, 0.4750838279724121, -1.2610831260681152], [0.12391078472137451, -0.9868803024291992, 0.10350527614355087, -0.2734377980232239], [0.4852568507194519, -0.03072068840265274, -0.8738318085670471, 2.498117685317993], [0.0, 0.0, 0.0, 1.0]]}}