{"frame0.png": {"intrinsics": [[2985.29, 0.0, 512.0], [0.0, 2985.29, 512.0], [0.0, 0.0, 1.0]], "pose": [[0.9871283769607544, 0.13358387351036072, 0.08793696016073227, -0.24308735132217407], [0.1473398208618164, -0.973444938659668, -0.17520229518413544, 0.48923003673553467], [0.06219758838415146, 0.18590377271175385, -0.9805973768234253, 2.833162546157837], [0.0, 0.0, 0.0, 1.0]]}, "frame1.png": {"intrinsics": [[2985.29, 0.0, 512.0], [0.0, 2985.29, 512.0], [0.0, 0.0, 1.0]], "pose": [[0.9857362508773804, -0.09407474845647812, -0.1395491659641266, 0.3736739158630371], [-0.11217743903398514, -0.9853965044021606, -0.12810136377811432, 0.34169435501098633], [-0.1254601627588272, 0.14192841947078705, -0.9818941354751587, 2.826531171798706], [0.0, 0.0, 0.0, 1.0]]}, "frame2.png": {"intrinsics": [[2985.29, 0.0, 512.0], [0.0, 2985.29, 512.0], [0.0, 0.0, 1.0]], "pose": [[0.9846426248550415, -0.09373616427183151, -0.1472828984260559, 0.38672924041748047], [-0.10552613437175751, -0.9916314482688904, -0.07437256723642349, 0.19948990643024445], [-0.13907895982265472, 0.08877260237932205, -0.9862942695617676, 2.781301975250244], [0.0, 0.0, 0.0, 1.0]]}, "frame3.png": {"intrinsics": [[2985.29, 0.0, 512.0], [0.0, 2985.29, 512.0], [0.0, 0.0, 1.0]], "pose": [[0.9852937459945679, -0.10063517093658447, -0.1380898505449295, 0.3674698770046234], [-0.11046844720840454, -0.9917203783988953, -0.06547851115465164, 0.17794375121593475], [-0.13035708665847778, 0.07977014780044556, -0.9882528781890869, 2.809290885925293], [0.0, 0.0, 0.0, 1.0]]}}