{"w_std_temp": 8.882476604247264, "w_std_res_8": 8.9476917414493, "w_std_8": 10.868687708274628, "w_noise_scale_8": 0.0, "w_std_res_29": 8.895608554927538, "w_std_29": 10.847718556942054, "w_noise_scale_29": 0.0, "w_std_res_25": 8.907377121661572, "w_std_25": 10.852449518282727, "w_noise_scale_25": 0.0, "w_std_res_30": 8.911342842131033, "w_std_30": 10.854044681016381, "w_noise_scale_30": 0.0, "w_std_res_47": 8.928513401597156, "w_std_47": 10.86095681285148, "w_noise_scale_47": 0.0, "w_std_res_9": 8.904063328054221, "w_std_9": 10.851116949996438, "w_noise_scale_9": 0.0, "w_std_res_16": 8.894853234455304, "w_std_16": 10.847415061461648, "w_noise_scale_16": 0.0, "w_std_res_35": 8.926945691276496, "w_std_35": 10.860325350501705, "w_noise_scale_35": 0.0, "w_std_res_0": 8.876223067132777, "w_std_0": 10.839934743086555, "w_noise_scale_0": 0.0, "w_std_res_15": 8.929457920277132, "w_std_15": 10.861337293929326, "w_noise_scale_15": 0.0, "w_std_res_48": 8.9226143520271, "w_std_48": 10.858581104073865, "w_noise_scale_48": 0.0, "w_std_res_42": 8.898371515339198, "w_std_42": 10.848828889850278, "w_noise_scale_42": 0.0, "w_std_res_44": 8.908478230034577, "w_std_44": 10.852892378013799, "w_noise_scale_44": 0.0, "w_std_res_2": 8.905193358372406, "w_std_2": 10.851571329190072, "w_noise_scale_2": 0.0, "w_std_res_22": 8.873229576935334, "w_std_22": 10.8387337893432, "w_noise_scale_22": 0.0, "w_std_res_37": 8.904219944077077, "w_std_37": 10.851179922161691, "w_noise_scale_37": 0.0, "w_std_res_1": 8.905193358372406, "w_std_1": 10.851571329190072, "w_noise_scale_1": 0.0, "w_std_res_33": 8.900099191862976, "w_std_33": 10.84952329741957, "w_noise_scale_33": 0.0, "w_std_res_31": 8.926561925652003, "w_std_31": 10.8601707837918, "w_noise_scale_31": 0.0, "w_std_res_32": 8.93826264228681, "w_std_32": 10.864885400482832, "w_noise_scale_32": 0.0, "w_std_res_10": 8.871266820471584, "w_std_10": 10.837946501759456, "w_noise_scale_10": 0.0, "w_std_res_26": 8.922497460772965, "w_std_26": 10.85853403938004, "w_noise_scale_26": 0.0, "w_std_res_19": 8.924008173180928, "w_std_19": 10.859142339234255, "w_noise_scale_19": 0.0, "w_std_res_40": 8.905548656596066, "w_std_40": 10.8517142007035, "w_noise_scale_40": 0.0, "w_std_res_20": 8.880574833590448, "w_std_20": 10.841681106671142, "w_noise_scale_20": 0.0, "w_std_res_18": 8.924852064600287, "w_std_18": 10.859482168535939, "w_noise_scale_18": 0.0, "w_std_res_38": 8.92285951223037, "w_std_38": 10.85867981587771, "w_noise_scale_38": 0.0, "w_std_res_39": 8.907156971362973, "w_std_39": 10.852360979442446, "w_noise_scale_39": 0.0, "w_std_res_27": 8.93801571938649, "w_std_27": 10.864785864203675, "w_noise_scale_27": 0.0, "w_std_res_6": 8.864182227509765, "w_std_6": 10.83510575124327, "w_noise_scale_6": 0.0, "w_std_res_46": 8.905760074244084, "w_std_46": 10.851799217180531, "w_noise_scale_46": 0.0, "w_std_res_21": 8.913839748531494, "w_std_21": 10.855049275135743, "w_noise_scale_21": 0.0, "w_std_res_45": 8.924008173180928, "w_std_45": 10.859142339234255, "w_noise_scale_45": 0.0, "w_std_res_24": 8.913605296118961, "w_std_24": 10.854954938586802, "w_noise_scale_24": 0.0, "w_std_res_3": 8.909082444337352, "w_std_3": 10.853135405264233, "w_noise_scale_3": 0.0, "w_std_res_28": 8.906437717319983, "w_std_28": 10.852071724013115, "w_noise_scale_28": 0.0, "w_std_res_23": 8.881454519108905, "w_std_23": 10.84203419422527, "w_noise_scale_23": 0.0, "w_std_res_14": 8.918417127635374, "w_std_14": 10.856891406642372, "w_noise_scale_14": 0.0, "w_std_res_13": 8.93237571631982, "w_std_13": 10.862512841620719, "w_noise_scale_13": 0.0, "w_std_res_17": 8.931630940091512, "w_std_17": 10.862212755120385, "w_noise_scale_17": 0.0, "w_std_res_11": 8.9154816190714, "w_std_11": 10.855709960661256, "w_noise_scale_11": 0.0, "w_std_res_49": 8.90702058069925, "w_std_49": 10.852306127328422, "w_noise_scale_49": 0.0, "w_std_res_5": 8.930476698502718, "w_std_5": 10.861747719203619, "w_noise_scale_5": 0.0, "w_std_res_7": 8.890740443011481, "w_std_7": 10.845762803106565, "w_noise_scale_7": 0.0, "w_std_res_36": 8.923293341726472, "w_std_36": 10.85885449831726, "w_noise_scale_36": 0.0, "w_std_res_12": 8.9179011509155, "w_std_12": 10.856683724064867, "w_noise_scale_12": 0.0, "w_std_res_43": 8.914128094631577, "w_std_43": 10.855165299150215, "w_noise_scale_43": 0.0, "w_std_res_34": 8.910001841329777, "w_std_34": 10.85350522656736, "w_noise_scale_34": 0.0, "w_std_res_4": 8.919441108471988, "w_std_4": 10.857303586612792, "w_noise_scale_4": 0.0, "w_std_res_41": 8.930318793301838, "w_std_41": 10.861684103420611, "w_noise_scale_41": 0.0, "l2_loss": 12652.7314453125, "lpips_loss": 38.814598083496094, "noise_reg": 550.0863037109375, "total_delta_reg": 31748.779296875, "total_loss": 12723.2939453125, "step": 199, "t": 0.995, "lr_ramp": 0.0009866357858642205, "lr": 9.866357858642205e-06, "_timestamp": 1677845566.4172158, "_runtime": 1722.5858948230743, "_step": 199, "_wandb": {"runtime": 1721}}