{"w_std_temp": 8.882476604247264, "w_std_res_8": 8.88650222950515, "w_std_8": 12.564565750554214, "w_noise_scale_8": 0.0, "w_std_res_29": 8.896796737449947, "w_std_29": 12.571848822368969, "w_noise_scale_29": 0.0, "w_std_res_25": 8.884089975202864, "w_std_25": 12.562859758530301, "w_noise_scale_25": 0.0, "w_std_res_30": 8.91416621872175, "w_std_30": 12.584146772824926, "w_noise_scale_30": 0.0, "w_std_res_47": 8.920358999922593, "w_std_47": 12.58853427975235, "w_noise_scale_47": 0.0, "w_std_res_9": 8.853437715091241, "w_std_9": 12.54120209549308, "w_noise_scale_9": 0.0, "w_std_res_16": 8.889705246800931, "w_std_16": 12.566831342864438, "w_noise_scale_16": 0.0, "w_std_res_35": 8.914389263292243, "w_std_35": 12.58430477072532, "w_noise_scale_35": 0.0, "w_std_res_0": 8.900846167640468, "w_std_0": 12.574714832750683, "w_noise_scale_0": 0.0, "w_std_res_15": 8.936828209018007, "w_std_15": 12.600209881684512, "w_noise_scale_15": 0.0, "w_std_res_48": 8.894035483822853, "w_std_48": 12.569894900614722, "w_noise_scale_48": 0.0, "w_std_res_42": 8.895490430549629, "w_std_42": 12.570924414099387, "w_noise_scale_42": 0.0, "w_std_res_44": 8.903704022062952, "w_std_44": 12.576737889353502, "w_noise_scale_44": 0.0, "w_std_res_2": 8.892816623545096, "w_std_2": 12.569032505527225, "w_noise_scale_2": 0.0, "w_std_res_22": 8.911388429981043, "w_std_22": 12.582179237914234, "w_noise_scale_22": 0.0, "w_std_res_37": 8.910632255205014, "w_std_37": 12.58164368484897, "w_noise_scale_37": 0.0, "w_std_res_1": 8.932587373628092, "w_std_1": 12.597202380389863, "w_noise_scale_1": 0.0, "w_std_res_33": 8.918417127635374, "w_std_33": 12.587158324558407, "w_noise_scale_33": 0.0, "w_std_res_31": 8.907697250833124, "w_std_31": 12.579565212577897, "w_noise_scale_31": 0.0, "w_std_res_32": 8.915332649430418, "w_std_32": 12.584973058175374, "w_noise_scale_32": 0.0, "w_std_res_10": 8.89378821144286, "w_std_10": 12.569719940197555, "w_noise_scale_10": 0.0, "w_std_res_26": 8.919353956425319, "w_std_26": 12.587822116037387, "w_noise_scale_26": 0.0, "w_std_res_19": 8.904595460350796, "w_std_19": 12.577368999019628, "w_noise_scale_19": 0.0, "w_std_res_40": 8.892512651101487, "w_std_40": 12.568817441390419, "w_noise_scale_40": 0.0, "w_std_res_20": 8.93276491700638, "w_std_20": 12.59732827576943, "w_noise_scale_20": 0.0, "w_std_res_18": 8.8719876049564, "w_std_18": 12.554304229526224, "w_noise_scale_18": 0.0, "w_std_res_38": 8.941742000303968, "w_std_38": 12.60369551460999, "w_noise_scale_38": 0.0, "w_std_res_39": 8.936801983232034, "w_std_39": 12.600191280790145, "w_noise_scale_39": 0.0, "w_std_res_27": 8.936183906595701, "w_std_27": 12.599752911763787, "w_noise_scale_27": 0.0, "w_std_res_6": 8.919441108471988, "w_std_6": 12.587883869519134, "w_noise_scale_6": 0.0, "w_std_res_46": 8.908699224634312, "w_std_46": 12.580274738653365, "w_noise_scale_46": 0.0, "w_std_res_21": 8.895342004386341, "w_std_21": 12.57081938459065, "w_noise_scale_21": 0.0, "w_std_res_45": 8.933802994106149, "w_std_45": 12.598064397458046, "w_noise_scale_45": 0.0, "w_std_res_24": 8.902668139383833, "w_std_24": 12.57600455729084, "w_noise_scale_24": 0.0, "w_std_res_3": 8.885897798618888, "w_std_3": 12.564138263824542, "w_noise_scale_3": 0.0, "w_std_res_28": 8.891758385578187, "w_std_28": 12.56828380537693, "w_noise_scale_28": 0.0, "w_std_res_23": 8.934852754802398, "w_std_23": 12.598808847466495, "w_noise_scale_23": 0.0, "w_std_res_14": 8.910662065048815, "w_std_14": 12.581664796937645, "w_noise_scale_14": 0.0, "w_std_res_13": 8.915927198698967, "w_std_13": 12.58539425038008, "w_noise_scale_13": 0.0, "w_std_res_17": 8.922365244849596, "w_std_17": 12.589956004192388, "w_noise_scale_17": 0.0, "w_std_res_11": 8.898442191614215, "w_std_11": 12.573013324676786, "w_noise_scale_11": 0.0, "w_std_res_49": 8.918260760933155, "w_std_49": 12.587047534072477, "w_noise_scale_49": 0.0, "w_std_res_5": 8.928554964270534, "w_std_5": 12.594343348305223, "w_noise_scale_5": 0.0, "w_std_res_7": 8.895016160749794, "w_std_7": 12.570588813774794, "w_noise_scale_7": 0.0, "w_std_res_36": 8.913849389433278, "w_std_36": 12.583922344106387, "w_noise_scale_36": 0.0, "w_std_res_12": 8.90808051364041, "w_std_12": 12.579836607146374, "w_noise_scale_12": 0.0, "w_std_res_43": 8.927145225378604, "w_std_43": 12.593343976085146, "w_noise_scale_43": 0.0, "w_std_res_34": 8.896654480055972, "w_std_34": 12.57174815061533, "w_noise_scale_34": 0.0, "w_std_res_4": 8.85217090252442, "w_std_4": 12.540307823674027, "w_noise_scale_4": 0.0, "w_std_res_41": 8.904268200559775, "w_std_41": 12.577137305941285, "w_noise_scale_41": 0.0, "l2_loss": 18.621042251586914, "lpips_loss": 8.063928604125977, "noise_reg": 1.0762787145887631e-12, "total_delta_reg": 40032.15234375, "total_loss": 8.063928604125977, "step": 199, "t": 0.995, "lr_ramp": 0.0009866357858642205, "lr": 9.866357858642205e-06, "_timestamp": 1677805535.4415743, "_runtime": 1822.0353734493256, "_step": 199, "_wandb": {"runtime": 1821}}