{"frame0.png": {"intrinsics": [[2985.29, 0.0, 512.0], [0.0, 2985.29, 512.0], [0.0, 0.0, 1.0]], "pose": [[0.7578527927398682, 0.2745741009712219, -0.5918346047401428, 1.6159967184066772], [0.2081504911184311, -0.961479902267456, -0.17952658236026764, 0.49515625834465027], [-0.6183304190635681, 0.01286405324935913, -0.7858129739761353, 2.3066725730895996], [0.0, 0.0, 0.0, 1.0]]}, "frame1.png": {"intrinsics": [[2985.29, 0.0, 512.0], [0.0, 2985.29, 512.0], [0.0, 0.0, 1.0]], "pose": [[0.7206431031227112, 0.2922975420951843, -0.6286777257919312, 1.692482829093933], [0.19342917203903198, -0.95554119348526, -0.22254478931427002, 0.597896158695221], [-0.665776789188385, 0.03877076506614685, -0.7451430559158325, 2.1766953468322754], [0.0, 0.0, 0.0, 1.0]]}, "frame2.png": {"intrinsics": [[2985.29, 0.0, 512.0], [0.0, 2985.29, 512.0], [0.0, 0.0, 1.0]], "pose": [[0.6906977295875549, 0.30079156160354614, -0.6576177477836609, 1.7772380113601685], [0.19282133877277374, -0.9530688524246216, -0.2334088683128357, 0.6187111139297485], [-0.6969624161720276, 0.034412235021591187, -0.716281533241272, 2.107194185256958], [0.0, 0.0, 0.0, 1.0]]}}