{"frame0.png": {"intrinsics": [[2985.29, 0.0, 512.0], [0.0, 2985.29, 512.0], [0.0, 0.0, 1.0]], "pose": [[0.9691811800003052, -0.06202075630426407, -0.23841418325901031, 0.6211238503456116], [-0.0771530345082283, -0.9955196380615234, -0.054662786424160004, 0.14134089648723602], [-0.2339557707309723, 0.07137251645326614, -0.9696239829063416, 2.7045514583587646], [0.0, 0.0, 0.0, 1.0]]}, "frame1.png": {"intrinsics": [[2985.29, 0.0, 512.0], [0.0, 2985.29, 512.0], [0.0, 0.0, 1.0]], "pose": [[0.9697512984275818, -0.062374506145715714, -0.2359911948442459, 0.6105511784553528], [-0.08130167424678802, -0.9941336512565613, -0.07133237272500992, 0.1930190771818161], [-0.23015746474266052, 0.08836114406585693, -0.9691335558891296, 2.698451280593872], [0.0, 0.0, 0.0, 1.0]]}}