{"frame0.png": {"intrinsics": [[2985.29, 0.0, 512.0], [0.0, 2985.29, 512.0], [0.0, 0.0, 1.0]], "pose": [[0.9760646820068359, 0.04473816230893135, 0.21282891929149628, -0.5659305453300476], [0.04486772045493126, -0.9989839792251587, 0.004223618656396866, -0.0023921243846416473], [0.21280162036418915, 0.005426623392850161, -0.9770803451538086, 2.7776095867156982], [0.0, 0.0, 0.0, 1.0]]}, "frame1.png": {"intrinsics": [[2985.29, 0.0, 512.0], [0.0, 2985.29, 512.0], [0.0, 0.0, 1.0]], "pose": [[0.9561706781387329, 0.06401278078556061, 0.28572723269462585, -0.7583303451538086], [0.06752052158117294, -0.9977149367332458, -0.002431105589494109, 0.0142049640417099], [0.2849186956882477, 0.02161700278520584, -0.9583079218864441, 2.7108511924743652], [0.0, 0.0, 0.0, 1.0]]}, "frame2.png": {"intrinsics": [[2985.29, 0.0, 512.0], [0.0, 2985.29, 512.0], [0.0, 0.0, 1.0]], "pose": [[0.9588438272476196, 0.07498470693826675, 0.27385345101356506, -0.7199645638465881], [0.07288756966590881, -0.9971805810928345, 0.017839837819337845, -0.04049357771873474], [0.27441903948783875, 0.002854892984032631, -0.961605966091156, 2.702853202819824], [0.0, 0.0, 0.0, 1.0]]}, "frame3.png": {"intrinsics": [[2985.29, 0.0, 512.0], [0.0, 2985.29, 512.0], [0.0, 0.0, 1.0]], "pose": [[0.9560487270355225, 0.08628889918327332, 0.28022319078445435, -0.7043373584747314], [0.07513679563999176, -0.9959027171134949, 0.05032030865550041, -0.11984479427337646], [0.28341713547706604, -0.027053596451878548, -0.9586150646209717, 2.5989737510681152], [0.0, 0.0, 0.0, 1.0]]}, "frame4.png": {"intrinsics": [[2985.29, 0.0, 512.0], [0.0, 2985.29, 512.0], [0.0, 0.0, 1.0]], "pose": [[0.9618287086486816, 0.07608862966299057, 0.2628614604473114, -0.7008541226387024], [0.07116317749023438, -0.9970653057098389, 0.028222275897860527, -0.07456617802381516], [0.2642374634742737, -0.008438937366008759, -0.964420735836029, 2.747788667678833], [0.0, 0.0, 0.0, 1.0]]}}