{"frame0.png": {"intrinsics": [[2985.29, 0.0, 512.0], [0.0, 2985.29, 512.0], [0.0, 0.0, 1.0]], "pose": [[0.8874800801277161, -0.03226027637720108, -0.4597155451774597, 1.2744102478027344], [-0.03359558433294296, -0.9994215965270996, 0.005277622025460005, -0.014924253337085247], [-0.4596199095249176, 0.010760627686977386, -0.8880505561828613, 2.6429443359375], [0.0, 0.0, 0.0, 1.0]]}, "frame1.png": {"intrinsics": [[2985.29, 0.0, 512.0], [0.0, 2985.29, 512.0], [0.0, 0.0, 1.0]], "pose": [[0.9327424168586731, 0.05756900832056999, -0.3559178113937378, 0.9671324491500854], [0.038971997797489166, -0.9974846243858337, -0.059208519756793976, 0.16140243411064148], [-0.3584311306476593, 0.04135546460747719, -0.9326397180557251, 2.7093610763549805], [0.0, 0.0, 0.0, 1.0]]}}