{"frame0.png": {"intrinsics": [[2985.29, 0.0, 512.0], [0.0, 2985.29, 512.0], [0.0, 0.0, 1.0]], "pose": [[0.9919126033782959, 0.07163497805595398, 0.10477529466152191, -0.2759380638599396], [0.05714712291955948, -0.9891587495803833, 0.13527438044548035, -0.3443039059638977], [0.11332977563142776, -0.1281927525997162, -0.9852527379989624, 2.7408766746520996], [0.0, 0.0, 0.0, 1.0]]}, "frame1.png": {"intrinsics": [[2985.29, 0.0, 512.0], [0.0, 2985.29, 512.0], [0.0, 0.0, 1.0]], "pose": [[0.991265594959259, 0.05456334725022316, 0.12006339430809021, -0.3170987367630005], [0.043923817574977875, -0.9950137138366699, 0.08954527974128723, -0.23415452241897583], [0.12435060739517212, -0.08348951488733292, -0.9887195825576782, 2.772879123687744], [0.0, 0.0, 0.0, 1.0]]}, "frame2.png": {"intrinsics": [[2985.29, 0.0, 512.0], [0.0, 2985.29, 512.0], [0.0, 0.0, 1.0]], "pose": [[0.9922622442245483, 0.05884303152561188, 0.1093301847577095, -0.28156906366348267], [0.050017524510622025, -0.9953941702842712, 0.08178441971540451, -0.20381851494312286], [0.11363906413316727, -0.07568316161632538, -0.9906352758407593, 2.7231950759887695], [0.0, 0.0, 0.0, 1.0]]}, "frame3.png": {"intrinsics": [[2985.29, 0.0, 512.0], [0.0, 2985.29, 512.0], [0.0, 0.0, 1.0]], "pose": [[0.9917564392089844, 0.05661369860172272, 0.11495215445756912, -0.3057600259780884], [0.04252834618091583, -0.991681694984436, 0.1214853972196579, -0.3190898895263672], [0.12087368220090866, -0.11559519916772842, -0.985914409160614, 2.783740282058716], [0.0, 0.0, 0.0, 1.0]]}}