{"step": 99, "c_loss": 0.7509765625, "i_loss": 0.0878218412399292, "l2_loss": 0.30929747223854065, "total_loss": 0.76171875, "_timestamp": 1678029178.2299852, "_runtime": 1203.2596032619476, "_step": 4999, "_wandb": {"runtime": 1202}}