{"frame0.png": {"intrinsics": [[2985.29, 0.0, 512.0], [0.0, 2985.29, 512.0], [0.0, 0.0, 1.0]], "pose": [[0.968098521232605, -0.21216419339179993, -0.13331054151058197, 0.3779756724834442], [-0.1992381364107132, -0.9744237661361694, 0.10393539816141129, -0.28764843940734863], [-0.15195232629776, -0.07405915856361389, -0.9856093525886536, 2.924302339553833], [0.0, 0.0, 0.0, 1.0]]}, "frame1.png": {"intrinsics": [[2985.29, 0.0, 512.0], [0.0, 2985.29, 512.0], [0.0, 0.0, 1.0]], "pose": [[0.9895855784416199, -0.14331965148448944, -0.013411774300038815, 0.038053423166275024], [-0.1438463032245636, -0.9880635738372803, -0.05512220785021782, 0.1505613625049591], [-0.005351590923964977, 0.0564773753285408, -0.998389482498169, 2.969001293182373], [0.0, 0.0, 0.0, 1.0]]}}