{"w_std_temp": 8.882476604247264, "w_std_res_8": 8.90957481799777, "w_std_8": 12.580894803729185, "w_noise_scale_8": 0.0, "w_std_res_29": 8.883243970391671, "w_std_29": 12.562261502711205, "w_noise_scale_29": 0.0, "w_std_res_25": 8.917090332614109, "w_std_25": 12.586218281318658, "w_noise_scale_25": 0.0, "w_std_res_30": 8.943862682728307, "w_std_30": 12.605200129807539, "w_noise_scale_30": 0.0, "w_std_res_47": 8.873229576935334, "w_std_47": 12.555181948104138, "w_noise_scale_47": 0.0, "w_std_res_9": 8.885444998000944, "w_std_9": 12.563818027872738, "w_noise_scale_9": 0.0, "w_std_res_16": 8.918937016259282, "w_std_16": 12.58752668815443, "w_noise_scale_16": 0.0, "w_std_res_35": 8.915388732410943, "w_std_35": 12.585012788034822, "w_noise_scale_35": 0.0, "w_std_res_0": 8.90556927223072, "w_std_0": 12.57805846255693, "w_noise_scale_0": 0.0, "w_std_res_15": 8.922533797918616, "w_std_15": 12.590075456485556, "w_noise_scale_15": 0.0, "w_std_res_48": 8.917603289982123, "w_std_48": 12.586581706821754, "w_noise_scale_48": 0.0, "w_std_res_42": 8.928526964174997, "w_std_42": 12.594323498108187, "w_noise_scale_42": 0.0, "w_std_res_44": 8.90612543772543, "w_std_44": 12.57845224729577, "w_noise_scale_44": 0.0, "w_std_res_2": 8.902094205859653, "w_std_2": 12.575598271056531, "w_noise_scale_2": 0.0, "w_std_res_22": 8.929761509973265, "w_std_22": 12.595198738011243, "w_noise_scale_22": 0.0, "w_std_res_37": 8.905562692778037, "w_std_37": 12.578053804146332, "w_noise_scale_37": 0.0, "w_std_res_1": 8.86456076182007, "w_std_1": 12.54905686197174, "w_noise_scale_1": 0.0, "w_std_res_33": 8.912437762756046, "w_std_33": 12.582922454660523, "w_noise_scale_33": 0.0, "w_std_res_31": 8.905361797815965, "w_std_31": 12.577911566512146, "w_noise_scale_31": 0.0, "w_std_res_32": 8.879605759125797, "w_std_32": 12.559689051186737, "w_noise_scale_32": 0.0, "w_std_res_10": 8.909734844539427, "w_std_10": 12.58100813230005, "w_noise_scale_10": 0.0, "w_std_res_26": 8.869056548613274, "w_std_26": 12.55223305581521, "w_noise_scale_26": 0.0, "w_std_res_19": 8.90446429466703, "w_std_19": 12.577276135952491, "w_noise_scale_19": 0.0, "w_std_res_40": 8.886708385982967, "w_std_40": 12.564711559064934, "w_noise_scale_40": 0.0, "w_std_res_20": 8.889069833227772, "w_std_20": 12.566381862930953, "w_noise_scale_20": 0.0, "w_std_res_18": 8.919508552184924, "w_std_18": 12.587931658437775, "w_noise_scale_18": 0.0, "w_std_res_38": 8.90775031222811, "w_std_38": 12.579602785859338, "w_noise_scale_38": 0.0, "w_std_res_39": 8.903182366435049, "w_std_39": 12.576368588547332, "w_noise_scale_39": 0.0, "w_std_res_27": 8.927145225378604, "w_std_27": 12.593343976085146, "w_noise_scale_27": 0.0, "w_std_res_6": 8.91028417405977, "w_std_6": 12.581397167544628, "w_noise_scale_6": 0.0, "w_std_res_46": 8.921700633147248, "w_std_46": 12.589485009820695, "w_noise_scale_46": 0.0, "w_std_res_21": 8.893224246582339, "w_std_21": 12.569320909460464, "w_noise_scale_21": 0.0, "w_std_res_45": 8.918417127635374, "w_std_45": 12.587158324558407, "w_noise_scale_45": 0.0, "w_std_res_24": 8.917601099791357, "w_std_24": 12.586580155069925, "w_noise_scale_24": 0.0, "w_std_res_3": 8.889422260473399, "w_std_3": 12.566631161532513, "w_noise_scale_3": 0.0, "w_std_res_28": 8.87133286913528, "w_std_28": 12.553841543527623, "w_noise_scale_28": 0.0, "w_std_res_23": 8.885806361130092, "w_std_23": 12.56407359547452, "w_noise_scale_23": 0.0, "w_std_res_14": 8.880873056743914, "w_std_14": 12.560585053053858, "w_noise_scale_14": 0.0, "w_std_res_13": 8.899695395068305, "w_std_13": 12.573900299827416, "w_noise_scale_13": 0.0, "w_std_res_17": 8.86555923926968, "w_std_17": 12.549762198942258, "w_noise_scale_17": 0.0, "w_std_res_11": 8.910506439030275, "w_std_11": 12.581554579025598, "w_noise_scale_11": 0.0, "w_std_res_49": 8.895693304908843, "w_std_49": 12.571067973724428, "w_noise_scale_49": 0.0, "w_std_res_5": 8.911671595441565, "w_std_5": 12.582379792789597, "w_noise_scale_5": 0.0, "w_std_res_7": 8.890442990228328, "w_std_7": 12.567353229200652, "w_noise_scale_7": 0.0, "w_std_res_36": 8.929116260162592, "w_std_36": 12.594741276123937, "w_noise_scale_36": 0.0, "w_std_res_12": 8.864182227509765, "w_std_12": 12.548789471000777, "w_noise_scale_12": 0.0, "w_std_res_43": 8.886123750685673, "w_std_43": 12.56429806783889, "w_noise_scale_43": 0.0, "w_std_res_34": 8.9476917414493, "w_std_34": 12.607917279432, "w_noise_scale_34": 0.0, "w_std_res_4": 8.915379531321143, "w_std_4": 12.585006269863356, "w_noise_scale_4": 0.0, "w_std_res_41": 8.892797296126794, "w_std_41": 12.569018831038484, "w_noise_scale_41": 0.0, "l2_loss": 12.180713653564453, "lpips_loss": 10.160635948181152, "noise_reg": 1.108554329061484e-12, "total_delta_reg": 34615.2421875, "total_loss": 10.160635948181152, "step": 199, "t": 0.995, "lr_ramp": 0.0009866357858642205, "lr": 9.866357858642205e-06, "_timestamp": 1677812863.8536031, "_runtime": 2036.7984430789948, "_step": 199, "_wandb": {"runtime": 2035}}