{"frame0.png": {"intrinsics": [[2985.29, 0.0, 512.0], [0.0, 2985.29, 512.0], [0.0, 0.0, 1.0]], "pose": [[0.7814043164253235, -0.02764359675347805, 0.6234124898910522, -1.744094729423523], [0.08943258225917816, -0.9837445616722107, -0.15571913123130798, 0.43314000964164734], [0.6175832748413086, 0.17743298411369324, -0.766230046749115, 2.3226711750030518], [0.0, 0.0, 0.0, 1.0]]}, "frame1.png": {"intrinsics": [[2985.29, 0.0, 512.0], [0.0, 2985.29, 512.0], [0.0, 0.0, 1.0]], "pose": [[0.7885388731956482, -0.0012490848312154412, 0.6149835586547852, -1.6874728202819824], [0.10822810232639313, -0.9841089844703674, -0.1407701075077057, 0.388187974691391], [0.6053866744041443, 0.1775612235069275, -0.7758730053901672, 2.3191978931427], [0.0, 0.0, 0.0, 1.0]]}, "frame10.png": {"intrinsics": [[2985.29, 0.0, 512.0], [0.0, 2985.29, 512.0], [0.0, 0.0, 1.0]], "pose": [[0.934634268283844, 0.09991959482431412, 0.3412840962409973, -0.934776782989502], [0.10775461792945862, -0.9941693544387817, -0.0040264553390443325, 0.02482152171432972], [0.338891863822937, 0.040538202971220016, -0.9399515390396118, 2.7408251762390137], [0.0, 0.0, 0.0, 1.0]]}, "frame11.png": {"intrinsics": [[2985.29, 0.0, 512.0], [0.0, 2985.29, 512.0], [0.0, 0.0, 1.0]], "pose": [[0.9368171095848083, 0.09594830125570297, 0.33640405535697937, -0.9302368760108948], [0.1023075059056282, -0.9947521090507507, -0.001185029512271285, 0.015149281360208988], [0.334524929523468, 0.0355268158018589, -0.9417170286178589, 2.773709535598755], [0.0, 0.0, 0.0, 1.0]]}, "frame12.png": {"intrinsics": [[2985.29, 0.0, 512.0], [0.0, 2985.29, 512.0], [0.0, 0.0, 1.0]], "pose": [[0.9417296051979065, 0.09144019335508347, 0.3237035572528839, -0.869266927242279], [0.10241071879863739, -0.994597315788269, -0.016981706023216248, 0.056386206299066544], [0.3204018771648407, 0.04914288967847824, -0.9460061192512512, 2.695314645767212], [0.0, 0.0, 0.0, 1.0]]}, "frame13.png": {"intrinsics": [[2985.29, 0.0, 512.0], [0.0, 2985.29, 512.0], [0.0, 0.0, 1.0]], "pose": [[0.9413368105888367, 0.10457293689250946, 0.32085737586021423, -0.8681711554527283], [0.11589480191469193, -0.9931271076202393, -0.01633693464100361, 0.05048340559005737], [0.3169437646865845, 0.05256425961852074, -0.9469866156578064, 2.7356340885162354], [0.0, 0.0, 0.0, 1.0]]}, "frame14.png": {"intrinsics": [[2985.29, 0.0, 512.0], [0.0, 2985.29, 512.0], [0.0, 0.0, 1.0]], "pose": [[0.9414650797843933, 0.11823185533285141, 0.31569719314575195, -0.875415563583374], [0.1219935268163681, -0.9924994707107544, 0.007894945330917835, -0.017644833773374557], [0.314262717962265, 0.031080197542905807, -0.9488271474838257, 2.820939064025879], [0.0, 0.0, 0.0, 1.0]]}, "frame15.png": {"intrinsics": [[2985.29, 0.0, 512.0], [0.0, 2985.29, 512.0], [0.0, 0.0, 1.0]], "pose": [[0.9507832527160645, 0.14370067417621613, 0.2745201885700226, -0.7474691867828369], [0.15630687773227692, -0.9874048829078674, -0.02449079230427742, 0.08281556516885757], [0.2675432562828064, 0.06619483232498169, -0.9612694382667542, 2.7851548194885254], [0.0, 0.0, 0.0, 1.0]]}, "frame16.png": {"intrinsics": [[2985.29, 0.0, 512.0], [0.0, 2985.29, 512.0], [0.0, 0.0, 1.0]], "pose": [[0.9640920758247375, 0.16144980490207672, 0.21085642278194427, -0.5552271604537964], [0.17402708530426025, -0.9838278889656067, -0.04239526391029358, 0.12016277760267258], [0.200601726770401, 0.07756766676902771, -0.9765973091125488, 2.733452081680298], [0.0, 0.0, 0.0, 1.0]]}, "frame17.png": {"intrinsics": [[2985.29, 0.0, 512.0], [0.0, 2985.29, 512.0], [0.0, 0.0, 1.0]], "pose": [[0.9758734703063965, 0.20198285579681396, 0.08290921896696091, -0.21518543362617493], [0.20853912830352783, -0.9747427701950073, -0.07992447912693024, 0.2138943076133728], [0.06467178463935852, 0.09528598934412003, -0.9933469295501709, 2.7364277839660645], [0.0, 0.0, 0.0, 1.0]]}, "frame18.png": {"intrinsics": [[2985.29, 0.0, 512.0], [0.0, 2985.29, 512.0], [0.0, 0.0, 1.0]], "pose": [[0.9743778109550476, 0.22107133269309998, 0.0414179190993309, -0.11377295106649399], [0.223984494805336, -0.970498263835907, -0.0892411321401596, 0.24340985715389252], [0.0204673632979393, 0.09623154997825623, -0.9951485395431519, 2.77392840385437], [0.0, 0.0, 0.0, 1.0]]}, "frame19.png": {"intrinsics": [[2985.29, 0.0, 512.0], [0.0, 2985.29, 512.0], [0.0, 0.0, 1.0]], "pose": [[0.9749151468276978, 0.22138315439224243, 0.023020334541797638, -0.06566605716943741], [0.22251863777637482, -0.9717979431152344, -0.07806584984064102, 0.21179306507110596], [0.005088651552796364, 0.081230029463768, -0.9966824054718018, 2.8219006061553955], [0.0, 0.0, 0.0, 1.0]]}, "frame2.png": {"intrinsics": [[2985.29, 0.0, 512.0], [0.0, 2985.29, 512.0], [0.0, 0.0, 1.0]], "pose": [[0.779425859451294, -0.00010168581502512097, 0.6264944672584534, -1.6718453168869019], [0.12141677737236023, -0.9810158610343933, -0.15121464431285858, 0.4094524681568146], [0.6146163940429688, 0.19392754137516022, -0.7646167874336243, 2.228558301925659], [0.0, 0.0, 0.0, 1.0]]}, "frame20.png": {"intrinsics": [[2985.29, 0.0, 512.0], [0.0, 2985.29, 512.0], [0.0, 0.0, 1.0]], "pose": [[0.9764014482498169, 0.21588243544101715, 0.005921387113630772, -0.021411968395113945], [0.21561118960380554, -0.9728757739067078, -0.08381234854459763, 0.22686690092086792], [-0.012332838028669357, 0.08311121165752411, -0.9964639544487, 2.7847628593444824], [0.0, 0.0, 0.0, 1.0]]}, "frame21.png": {"intrinsics": [[2985.29, 0.0, 512.0], [0.0, 2985.29, 512.0], [0.0, 0.0, 1.0]], "pose": [[0.9745268821716309, 0.22414177656173706, 0.007604034151881933, -0.02740216627717018], [0.22385141253471375, -0.9700732231140137, -0.09406634420156479, 0.254008948802948], [-0.013707727193832397, 0.09337235242128372, -0.9955368638038635, 2.7559142112731934], [0.0, 0.0, 0.0, 1.0]]}, "frame22.png": {"intrinsics": [[2985.29, 0.0, 512.0], [0.0, 2985.29, 512.0], [0.0, 0.0, 1.0]], "pose": [[0.9741023182868958, 0.22610032558441162, 0.0018136113649234176, -0.009896688163280487], [0.22512905299663544, -0.9691100120544434, -0.1007106602191925, 0.2724221646785736], [-0.02101312391459942, 0.09851078689098358, -0.9949140548706055, 2.7746763229370117], [0.0, 0.0, 0.0, 1.0]]}, "frame23.png": {"intrinsics": [[2985.29, 0.0, 512.0], [0.0, 2985.29, 512.0], [0.0, 0.0, 1.0]], "pose": [[0.974574089050293, 0.22383983433246613, -0.010056447237730026, 0.022186873480677605], [0.22139281034469604, -0.9688899517059326, -0.11062260717153549, 0.29257482290267944], [-0.03450533747673035, 0.10558349639177322, -0.9938116073608398, 2.772165298461914], [0.0, 0.0, 0.0, 1.0]]}, "frame24.png": {"intrinsics": [[2985.29, 0.0, 512.0], [0.0, 2985.29, 512.0], [0.0, 0.0, 1.0]], "pose": [[0.9725486040115356, 0.23251909017562866, -0.009168116375803947, 0.01974915899336338], [0.23028382658958435, -0.967366635799408, -0.1056932732462883, 0.2818940281867981], [-0.033444635570049286, 0.10068058222532272, -0.9943565130233765, 2.777878761291504], [0.0, 0.0, 0.0, 1.0]]}, "frame25.png": {"intrinsics": [[2985.29, 0.0, 512.0], [0.0, 2985.29, 512.0], [0.0, 0.0, 1.0]], "pose": [[0.9719674587249756, 0.23473115265369415, -0.013435249216854572, 0.0314323864877224], [0.23194371163845062, -0.9666434526443481, -0.10863911360502243, 0.2875431478023529], [-0.038488078862428665, 0.10247746109962463, -0.9939904808998108, 2.762943744659424], [0.0, 0.0, 0.0, 1.0]]}, "frame26.png": {"intrinsics": [[2985.29, 0.0, 512.0], [0.0, 2985.29, 512.0], [0.0, 0.0, 1.0]], "pose": [[0.9712744951248169, 0.23759347200393677, -0.013237970881164074, 0.026749394834041595], [0.2353305071592331, -0.9672966599464417, -0.09463997185230255, 0.2512434422969818], [-0.03529088571667671, 0.08880609273910522, -0.9954235553741455, 2.729823589324951], [0.0, 0.0, 0.0, 1.0]]}, "frame27.png": {"intrinsics": [[2985.29, 0.0, 512.0], [0.0, 2985.29, 512.0], [0.0, 0.0, 1.0]],