{"frame0.png": {"intrinsics": [[2985.29, 0.0, 512.0], [0.0, 2985.29, 512.0], [0.0, 0.0, 1.0]], "pose": [[0.990787923336029, 0.06093679368495941, -0.12093755602836609, 0.33137789368629456], [0.07404132187366486, -0.9914980530738831, 0.10700181871652603, -0.2885347008705139], [-0.11338900029659271, -0.11497049778699875, -0.9868762493133545, 2.8459367752075195], [0.0, 0.0, 0.0, 1.0]]}, "frame1.png": {"intrinsics": [[2985.29, 0.0, 512.0], [0.0, 2985.29, 512.0], [0.0, 0.0, 1.0]], "pose": [[0.9969960451126099, -0.062327463179826736, 0.045980896800756454, -0.11935165524482727], [-0.06089639663696289, -0.9976344108581543, -0.031894899904727936, 0.07504082471132278], [0.047860052436590195, 0.02899901568889618, -0.998432993888855, 2.7651662826538086], [0.0, 0.0, 0.0, 1.0]]}, "frame2.png": {"intrinsics": [[2985.29, 0.0, 512.0], [0.0, 2985.29, 512.0], [0.0, 0.0, 1.0]], "pose": [[0.7953233122825623, -0.006656143348664045, -0.6061489582061768, 1.6999233961105347], [-0.0706619992852211, -0.9941408038139343, -0.08179835230112076, 0.22791118919849396], [-0.6020529270172119, 0.10788783431053162, -0.7911336421966553, 2.388366222381592], [0.0, 0.0, 0.0, 1.0]]}, "frame3.png": {"intrinsics": [[2985.29, 0.0, 512.0], [0.0, 2985.29, 512.0], [0.0, 0.0, 1.0]], "pose": [[0.8593097925186157, 0.015039901249110699, -0.5112342834472656, 1.3916840553283691], [-0.03336106985807419, -0.9957906603813171, -0.0853700339794159, 0.24371792376041412], [-0.5103662610054016, 0.0904146283864975, -0.8551909327507019, 2.505314826965332], [0.0, 0.0, 0.0, 1.0]]}}