{"frame0.png": {"intrinsics": [[2985.29, 0.0, 512.0], [0.0, 2985.29, 512.0], [0.0, 0.0, 1.0]], "pose": [[0.8480345606803894, -0.38730964064598083, -0.36170247197151184, 1.008030652999878], [-0.4376251697540283, -0.8967460989952087, -0.0658077672123909, 0.18995258212089539], [-0.29886728525161743, 0.21409735083580017, -0.9299680590629578, 2.770923376083374], [0.0, 0.0, 0.0, 1.0]]}, "frame1.png": {"intrinsics": [[2985.29, 0.0, 512.0], [0.0, 2985.29, 512.0], [0.0, 0.0, 1.0]], "pose": [[0.861714780330658, -0.32375624775886536, -0.3906784653663635, 1.0638275146484375], [-0.3673488199710846, -0.9292134046554565, -0.040215250104665756, 0.12421920150518417], [-0.35000374913215637, 0.1781693398952484, -0.9196483492851257, 2.6791739463806152], [0.0, 0.0, 0.0, 1.0]]}, "frame2.png": {"intrinsics": [[2985.29, 0.0, 512.0], [0.0, 2985.29, 512.0], [0.0, 0.0, 1.0]], "pose": [[0.8519185185432434, -0.30679982900619507, -0.4243921935558319, 1.1548274755477905], [-0.35601627826690674, -0.9336351752281189, -0.03972207382321358, 0.12422455847263336], [-0.3840407729148865, 0.1849304884672165, -0.904606819152832, 2.64363431930542], [0.0, 0.0, 0.0, 1.0]]}, "frame3.png": {"intrinsics": [[2985.29, 0.0, 512.0], [0.0, 2985.29, 512.0], [0.0, 0.0, 1.0]], "pose": [[0.9701034426689148, 0.23923303186893463, -0.04082784801721573, 0.11124681681394577], [0.20607151091098785, -0.900844395160675, -0.38211774826049805, 1.0484106540679932], [-0.12819473445415497, 0.36228030920028687, -0.9232112765312195, 2.6841728687286377], [0.0, 0.0, 0.0, 1.0]]}, "frame4.png": {"intrinsics": [[2985.29, 0.0, 512.0], [0.0, 2985.29, 512.0], [0.0, 0.0, 1.0]], "pose": [[0.8755019903182983, 0.48010215163230896, -0.0547545962035656, 0.14839966595172882], [0.4386720061302185, -0.8371986150741577, -0.32659658789634705, 0.8968037366867065], [-0.20264022052288055, 0.2619166970252991, -0.943576455116272, 2.7740275859832764], [0.0, 0.0, 0.0, 1.0]]}, "frame5.png": {"intrinsics": [[2985.29, 0.0, 512.0], [0.0, 2985.29, 512.0], [0.0, 0.0, 1.0]], "pose": [[0.9230554103851318, 0.04855146259069443, -0.38159066438674927, 1.0255672931671143], [-0.0002098865807056427, -0.9919390082359314, -0.1267164647579193, 0.3438032865524292], [-0.38466691970825195, 0.11704641580581665, -0.9156044721603394, 2.641077756881714], [0.0, 0.0, 0.0, 1.0]]}}