{"frame0.png": {"intrinsics": [[2985.29, 0.0, 512.0], [0.0, 2985.29, 512.0], [0.0, 0.0, 1.0]], "pose": [[0.9827820658683777, -0.13328158855438232, 0.12796641886234283, -0.3429988920688629], [-0.10223870724439621, -0.9691603779792786, -0.2242218405008316, 0.6055788993835449], [0.15390463173389435, 0.2072780877351761, -0.9660999774932861, 2.732349395751953], [0.0, 0.0, 0.0, 1.0]]}, "frame1.png": {"intrinsics": [[2985.29, 0.0, 512.0], [0.0, 2985.29, 512.0], [0.0, 0.0, 1.0]], "pose": [[0.9771509766578674, -0.1469554752111435, 0.15355807542800903, -0.41228339076042175], [-0.11152268946170807, -0.9695180654525757, -0.2181682139635086, 0.5857150554656982], [0.18093833327293396, 0.19605806469917297, -0.963754415512085, 2.759293556213379], [0.0, 0.0, 0.0, 1.0]]}, "frame10.png": {"intrinsics": [[2985.29, 0.0, 512.0], [0.0, 2985.29, 512.0], [0.0, 0.0, 1.0]], "pose": [[0.9806400537490845, -0.16037617623806, 0.1123589277267456, -0.3030409514904022], [-0.142861008644104, -0.9783676862716675, -0.14962439239025116, 0.4015131890773773], [0.13392452895641327, 0.13067597150802612, -0.982338011264801, 2.8164288997650146], [0.0, 0.0, 0.0, 1.0]]}, "frame11.png": {"intrinsics": [[2985.29, 0.0, 512.0], [0.0, 2985.29, 512.0], [0.0, 0.0, 1.0]], "pose": [[0.993285596370697, -0.10001315921545029, 0.05814748257398605, -0.1544748991727829], [-0.08959135413169861, -0.9829908013343811, -0.16032011806964874, 0.4381186366081238], [0.07319256663322449, 0.15403415262699127, -0.9853508472442627, 2.846179246902466], [0.0, 0.0, 0.0, 1.0]]}, "frame12.png": {"intrinsics": [[2985.29, 0.0, 512.0], [0.0, 2985.29, 512.0], [0.0, 0.0, 1.0]], "pose": [[0.9976199269294739, -0.06670922785997391, -0.017448948696255684, 0.04625145345926285], [-0.0688052549958229, -0.9796597361564636, -0.18850111961364746, 0.5145633220672607], [-0.004519268870353699, 0.1892530471086502, -0.9819179773330688, 2.8356192111968994], [0.0, 0.0, 0.0, 1.0]]}, "frame13.png": {"intrinsics": [[2985.29, 0.0, 512.0], [0.0, 2985.29, 512.0], [0.0, 0.0, 1.0]], "pose": [[0.9989429116249084, -0.04582161828875542, -0.00366458878852427, 0.008538324385881424], [-0.045780520886182785, -0.9845126867294312, -0.16923029720783234, 0.4581584930419922], [0.0041465722024440765, 0.16921916604042053, -0.9855697154998779, 2.7970497608184814], [0.0, 0.0, 0.0, 1.0]]}, "frame14.png": {"intrinsics": [[2985.29, 0.0, 512.0], [0.0, 2985.29, 512.0], [0.0, 0.0, 1.0]], "pose": [[0.9989156723022461, -0.04170158505439758, 0.020697616040706635, -0.05529234930872917], [-0.03815386816859245, -0.9880508780479431, -0.14933085441589355, 0.3995134234428406], [0.026677630841732025, 0.14837923645973206, -0.9885706305503845, 2.8599348068237305], [0.0, 0.0, 0.0, 1.0]]}, "frame2.png": {"intrinsics": [[2985.29, 0.0, 512.0], [0.0, 2985.29, 512.0], [0.0, 0.0, 1.0]], "pose": [[0.9787022471427917, -0.15188203752040863, 0.13810791075229645, -0.3692118227481842], [-0.12098221480846405, -0.9702558517456055, -0.20968295633792877, 0.5619730949401855], [0.16584709286689758, 0.18850858509540558, -0.9679665565490723, 2.763793706893921], [0.0, 0.0, 0.0, 1.0]]}, "frame3.png": {"intrinsics": [[2985.29, 0.0, 512.0], [0.0, 2985.29, 512.0], [0.0, 0.0, 1.0]], "pose": [[0.9649978876113892, -0.22021031379699707, 0.14243100583553314, -0.37858301401138306], [-0.19489605724811554, -0.9655580520629883, -0.1723751425743103, 0.4631125032901764], [0.17548418045043945, 0.13858240842819214, -0.9746795892715454, 2.7940707206726074], [0.0, 0.0, 0.0, 1.0]]}, "frame4.png": {"intrinsics": [[2985.29, 0.0, 512.0], [0.0, 2985.29, 512.0], [0.0, 0.0, 1.0]], "pose": [[0.976319432258606, -0.17800737917423248, 0.12293794006109238, -0.33353760838508606], [-0.15150012075901031, -0.9682533144950867, -0.1988297402858734, 0.5444712042808533], [0.15442822873592377, 0.17549623548984528, -0.9722926020622253, 2.8019139766693115], [0.0, 0.0, 0.0, 1.0]]}, "frame5.png": {"intrinsics": [[2985.29, 0.0, 512.0], [0.0, 2985.29, 512.0], [0.0, 0.0, 1.0]], "pose": [[0.9738256335258484, -0.176723450422287, 0.14294224977493286, -0.3819015622138977], [-0.14982545375823975, -0.9720043540000916, -0.18099692463874817, 0.49038752913475037], [0.17092688381671906, 0.1548430472612381, -0.9730403423309326, 2.7682464122772217], [0.0, 0.0, 0.0, 1.0]]}, "frame6.png": {"intrinsics": [[2985.29, 0.0, 512.0], [0.0, 2985.29, 512.0], [0.0, 0.0, 1.0]], "pose": [[0.9724790453910828, -0.19267748296260834, 0.130995973944664, -0.35928967595100403], [-0.16125822067260742, -0.9624285697937012, -0.21846535801887512, 0.6034405827522278], [0.16816763579845428, 0.19132879376411438, -0.9670124053955078, 2.829470157623291], [0.0, 0.0, 0.0, 1.0]]}, "frame7.png": {"intrinsics": [[2985.29, 0.0, 512.0], [0.0, 2985.29, 512.0], [0.0, 0.0, 1.0]], "pose": [[0.9731860756874084, -0.18019428849220276, 0.14296460151672363, -0.3970007300376892], [-0.15633708238601685, -0.9740740060806274, -0.16351942718029022, 0.4458634853363037], [0.16872337460517883, 0.136784166097641, -0.9761262536048889, 2.8775064945220947], [0.0, 0.0, 0.0, 1.0]]}, "frame8.png": {"intrinsics": [[2985.29, 0.0, 512.0], [0.0, 2985.29, 512.0], [0.0, 0.0, 1.0]], "pose": [[0.9760068655014038, -0.17783159017562866, 0.12564405798912048, -0.34870386123657227], [-0.1579524725675583, -0.9754270315170288, -0.15360072255134583, 0.4149986803531647], [0.14987166225910187, 0.1300695687532425, -0.9801124334335327, 2.8920669555664062], [0.0, 0.0, 0.0, 1.0]]}, "frame9.png": {"intrinsics": [[2985.29, 0.0, 512.0], [0.0, 2985.29, 512.0], [0.0, 0.0, 1.0]], "pose": [[0.9718539118766785, -0.17646808922290802, 0.15607361495494843, -0.4148109555244446], [-0.15585166215896606, -0.9784035682678223, -0.13578185439109802, 0.35405686497688293], [0.17666415870189667, 0.10763580352067947, -0.9783681631088257, 2.779995918273926], [0.0, 0.0, 0.0, 1.0]]}}