{"frame0.png": {"intrinsics": [[2985.29, 0.0, 512.0], [0.0, 2985.29, 512.0], [0.0, 0.0, 1.0]], "pose": [[0.9941431879997253, -0.088837169110775, 0.06154021993279457, -0.1720046103000641], [-0.08580528199672699, -0.995042622089386, -0.050276532769203186, 0.14631910622119904], [0.06570156663656235, 0.04470159858465195, -0.9968374967575073, 2.907782793045044], [0.0, 0.0, 0.0, 1.0]]}, "frame1.png": {"intrinsics": [[2985.29, 0.0, 512.0], [0.0, 2985.29, 512.0], [0.0, 0.0, 1.0]], "pose": [[0.9800942540168762, 0.03715001419186592, 0.19502593576908112, -0.5402489304542542], [0.04733091592788696, -0.997734785079956, -0.0478033684194088, 0.13871237635612488], [0.19280825555324554, 0.05608256906270981, -0.9796324372291565, 2.8868625164031982], [0.0, 0.0, 0.0, 1.0]]}, "frame2.png": {"intrinsics": [[2985.29, 0.0, 512.0], [0.0, 2985.29, 512.0], [0.0, 0.0, 1.0]], "pose": [[0.9841765761375427, 0.030330780893564224, 0.17457500100135803, -0.4774112105369568], [0.03650675714015961, -0.9988120794296265, -0.03227463737130165, 0.09627174586057663], [0.17338870465755463, 0.03813710808753967, -0.9841147661209106, 2.8561201095581055], [0.0, 0.0, 0.0, 1.0]]}}