{"frame0.png": {"intrinsics": [[2985.29, 0.0, 512.0], [0.0, 2985.29, 512.0], [0.0, 0.0, 1.0]], "pose": [[0.943137526512146, 0.13326682150363922, 0.30451858043670654, -0.8454170227050781], [0.11518795788288116, -0.990380585193634, 0.07666784524917603, -0.2039898931980133], [0.3118065893650055, -0.0372314490377903, -0.9494158625602722, 2.7893519401550293], [0.0, 0.0, 0.0, 1.0]]}, "frame1.png": {"intrinsics": [[2985.29, 0.0, 512.0], [0.0, 2985.29, 512.0], [0.0, 0.0, 1.0]], "pose": [[0.9459187984466553, 0.12581205368041992, 0.29901352524757385, -0.8312167525291443], [0.1082996279001236, -0.9913225173950195, 0.07450387626886368, -0.1978483498096466], [0.30579233169555664, -0.03809155896306038, -0.9513359665870667, 2.7930428981781006], [0.0, 0.0, 0.0, 1.0]]}, "frame10.png": {"intrinsics": [[2985.29, 0.0, 512.0], [0.0, 2985.29, 512.0], [0.0, 0.0, 1.0]], "pose": [[0.9454283118247986, 0.17160651087760925, 0.27697744965553284, -0.7566954493522644], [0.1492694765329361, -0.9837294220924377, 0.0999748557806015, -0.2635197937488556], [0.28962719440460205, -0.05317477509379387, -0.9556612968444824, 2.776963949203491], [0.0, 0.0, 0.0, 1.0]]}, "frame11.png": {"intrinsics": [[2985.29, 0.0, 512.0], [0.0, 2985.29, 512.0], [0.0, 0.0, 1.0]], "pose": [[0.944831371307373, 0.17872242629528046, 0.2745031416416168, -0.7467157244682312], [0.15853221714496613, -0.9828456044197083, 0.09424425661563873, -0.24765931069850922], [0.2866377830505371, -0.04552733525633812, -0.956956684589386, 2.7705087661743164], [0.0, 0.0, 0.0, 1.0]]}, "frame12.png": {"intrinsics": [[2985.29, 0.0, 512.0], [0.0, 2985.29, 512.0], [0.0, 0.0, 1.0]], "pose": [[0.9436070919036865, 0.18614940345287323, 0.2737773358821869, -0.7442556619644165], [0.16469791531562805, -0.9813056588172913, 0.09956751018762589, -0.2608853578567505], [0.2871936857700348, -0.048862047493457794, -0.9566254615783691, 2.7629239559173584], [0.0, 0.0, 0.0, 1.0]]}, "frame13.png": {"intrinsics": [[2985.29, 0.0, 512.0], [0.0, 2985.29, 512.0], [0.0, 0.0, 1.0]], "pose": [[0.9413474202156067, 0.1785757690668106, 0.2863140404224396, -0.790425717830658], [0.1578255146741867, -0.9829654693603516, 0.09418042004108429, -0.25137653946876526], [0.29825514554977417, -0.043468836694955826, -0.9534958004951477, 2.797748565673828], [0.0, 0.0, 0.0, 1.0]]}, "frame14.png": {"intrinsics": [[2985.29, 0.0, 512.0], [0.0, 2985.29, 512.0], [0.0, 0.0, 1.0]], "pose": [[0.9380509853363037, 0.19040897488594055, 0.2894904315471649, -0.7953821420669556], [0.16698922216892242, -0.9804800152778625, 0.10379541665315628, -0.27381616830825806], [0.3036031424999237, -0.049023617058992386, -0.9515365362167358, 2.7750470638275146], [0.0, 0.0, 0.0, 1.0]]}, "frame15.png": {"intrinsics": [[2985.29, 0.0, 512.0], [0.0, 2985.29, 512.0], [0.0, 0.0, 1.0]], "pose": [[0.9380021095275879, 0.18893837928771973, 0.29061034321784973, -0.7946980595588684], [0.1628854125738144, -0.9803131818771362, 0.1115993931889534, -0.293468713760376], [0.3059745728969574, -0.057344287633895874, -0.9503111243247986, 2.7562742233276367], [0.0, 0.0, 0.0, 1.0]]}, "frame16.png": {"intrinsics": [[2985.29, 0.0, 512.0], [0.0, 2985.29, 512.0], [0.0, 0.0, 1.0]], "pose": [[0.9398115277290344, 0.18887078762054443, 0.28474920988082886, -0.7838861346244812], [0.16368970274925232, -0.9803594946861267, 0.11000486463308334, -0.2901958227157593], [0.2999332845211029, -0.05677333101630211, -0.9522693157196045, 2.7820353507995605], [0.0, 0.0, 0.0, 1.0]]}, "frame17.png": {"intrinsics": [[2985.29, 0.0, 512.0], [0.0, 2985.29, 512.0], [0.0, 0.0, 1.0]], "pose": [[0.9397614598274231, 0.19201047718524933, 0.2828080952167511, -0.7860111594200134], [0.16620203852653503, -0.9796165823936462, 0.11281989514827728, -0.3010809123516083], [0.2987060844898224, -0.059020500630140305, -0.9525184035301208, 2.797445297241211], [0.0, 0.0, 0.0, 1.0]]}, "frame18.png": {"intrinsics": [[2985.29, 0.0, 512.0], [0.0, 2985.29, 512.0], [0.0, 0.0, 1.0]], "pose": [[0.9384400844573975, 0.18784624338150024, 0.28990334272384644, -0.81015545129776], [0.16079255938529968, -0.9803008437156677, 0.11469913274049759, -0.3121325373649597], [0.30573827028274536, -0.06102396920323372, -0.9501579403877258, 2.814467430114746], [0.0, 0.0, 0.0, 1.0]]}, "frame19.png": {"intrinsics": [[2985.29, 0.0, 512.0], [0.0, 2985.29, 512.0], [0.0, 0.0, 1.0]], "pose": [[0.941416323184967, 0.18193086981773376, 0.2839656472206116, -0.7924959063529968], [0.15775008499622345, -0.9817712306976318, 0.10601979494094849, -0.2849237620830536], [0.2980775535106659, -0.055013157427310944, -0.9529550671577454, 2.81906795501709], [0.0, 0.0, 0.0, 1.0]]}, "frame2.png": {"intrinsics": [[2985.29, 0.0, 512.0], [0.0, 2985.29, 512.0], [0.0, 0.0, 1.0]], "pose": [[0.9518319964408875, 0.12475647032260895, 0.28009232878685, -0.7655192017555237], [0.11019617319107056, -0.9916348457336426, 0.0672086700797081, -0.17267084121704102], [0.2861340343952179, -0.033106256276369095, -0.9576175212860107, 2.782630681991577], [0.0, 0.0, 0.0, 1.0]]}, "frame20.png": {"intrinsics": [[2985.29, 0.0, 512.0], [0.0, 2985.29, 512.0], [0.0, 0.0, 1.0]], "pose": [[0.9459234476089478, 0.17506763339042664, 0.27309367060661316, -0.7530009150505066], [0.15433315932750702, -0.9833616018295288, 0.09581852704286575, -0.24956820905208588], [0.2853245437145233, -0.04848958179354668, -0.9572035074234009, 2.7885944843292236], [0.0, 0.0, 0.0, 1.0]]}, "frame21.png": {"intrinsics": [[2985.29, 0.0, 512.0], [0.0, 2985.29, 512.0], [0.0, 0.0, 1.0]], "pose": [[0.9457556009292603, 0.17544449865818024, 0.27343297004699707, -0.7574426531791687], [0.15451234579086304, -0.9832696914672852, 0.09647094458341599, -0.25471144914627075], [0.28578367829322815, -0.04898916557431221, -0.9570411443710327, 2.811771869659424], [0.0, 0.0, 0.0, 1.0]]}, "frame22.png": {"intrinsics": [[2985.29, 0.0, 512.0], [0.0, 2985.29, 512.0], [0.0, 0.0, 1.0]], "pose": [[0.9466652274131775, 0.17479076981544495, 0.2706899046897888, -0.7508066892623901], [0.15438708662986755, -0.98342365026474, 0.09509216248989105, -0.24971716105937958], [0.2828240990638733, -0.04822941869497299, -0.957958459854126, 2.8094544410705566], [0.0, 0.0, 0.0, 1.0]]}, "frame23.png": {"intrinsics": [[2985.29, 0.0, 512.0], [0.0, 2985.29, 512.0], [0.0, 0.0, 1.0]], "pose": [[0.9476902484893799, 0.17356379330158234, 0.26787862181663513, -0.7434195280075073], [0.15392185747623444, -0.983712911605835, 0.09282822906970978, -0.24357257783412933], [0.27962726354599, -0.04674002155661583, -0.958970308303833, 2.816128969192505], [0.0, 0.0, 0.0, 1.0]]}, "frame24.png": {"intrinsics": [[2985.29, 0.0, 512.0], [0.0, 2985.29, 512.0], [0.0, 0.0, 1.0]], "pose": [[0.9472804665565491, 0.17366701364517212, 0.269257128238678, -0.739695131778717], [0.1528223156929016, -0.9835110306739807, 0.0967024639248848, -0.2503000795841217], [0.2816113829612732, -0.050455860793590546, -0.958200991153717, 2.7960927486419678], [0.0, 0.0, 0.0, 1.0]]}, "frame25.png": {"intrinsics": [[2985.29, 0.0, 512.0], [0.0, 2985.29, 512.0], [0.0, 0.0, 1.0]], "pose": [[0.9472163915634155, 0.18017597496509552, 0.2651749849319458, -0.7345607280731201], [0.16212919354438782, -0.9827812910079956, 0.08862882852554321, -0.2323763519525528], [0.27657777070999146, -0.04095806926488876, -0.9601183533668518, 2.812035083770752], [0.0, 0.0, 0.0, 1.0]]}, "frame26.png": {"intrinsics": [[2985.29, 0.0, 512.0], [0.0, 2985.29, 512.0], [0.0, 0.0, 1.0]], "pose": [[0.9459480047225952, 0.18480899930000305, 0.2665107250213623, -0.7363414168357849], [0.16391316056251526, -0.9815117716789246, 0.09882855415344238, -0.2600231468677521], [0.2798478305339813, -0.04980205371975899, -0.9587517380714417, 2.80006742477417], [0.0, 0.0, 0.0, 1.0]]}, "frame27.png": {"intrinsics": [[2985.29, 0.0, 512.0], [0.0, 2985.29, 512.0], [0.0, 0.0, 1.0]],