{"step": 21, "c_loss": 0.77734375, "i_loss": 0.08818095922470093, "l2_loss": 1.5436980724334717, "total_loss": 0.8125, "_timestamp": 1678028050.1526566, "_runtime": 110.40587162971497, "_step": 421, "_wandb": {"runtime": 109}}