{"frame0.png": {"intrinsics": [[2985.29, 0.0, 512.0], [0.0, 2985.29, 512.0], [0.0, 0.0, 1.0]], "pose": [[0.5898123979568481, 0.07044673711061478, 0.804461658000946, -2.248581647872925], [0.040560923516750336, -0.9975146055221558, 0.057614073157310486, -0.16587689518928528], [0.8065210580825806, -0.001351781189441681, -0.5912038683891296, 1.8172357082366943], [0.0, 0.0, 0.0, 1.0]]}, "frame1.png": {"intrinsics": [[2985.29, 0.0, 512.0], [0.0, 2985.29, 512.0], [0.0, 0.0, 1.0]], "pose": [[0.8187222480773926, 0.03026767261326313, 0.5733914971351624, -1.5250582695007324], [0.06448371708393097, -0.9971391558647156, -0.03943757712841034, 0.11402945220470428], [0.5705574750900269, 0.06926283240318298, -0.818331778049469, 2.338374137878418], [0.0, 0.0, 0.0, 1.0]]}, "frame2.png": {"intrinsics": [[2985.29, 0.0, 512.0], [0.0, 2985.29, 512.0], [0.0, 0.0, 1.0]], "pose": [[0.5558706521987915, -0.03665636479854584, 0.830460250377655, -2.113682985305786], [0.03086717426776886, -0.9974280595779419, -0.0646873190999031, 0.1651078313589096], [0.8306955695152283, 0.061591736972332, -0.5533095002174377, 1.5746866464614868], [0.0, 0.0, 0.0, 1.0]]}}