{"frame0.png": {"intrinsics": [[2985.29, 0.0, 512.0], [0.0, 2985.29, 512.0], [0.0, 0.0, 1.0]], "pose": [[0.9947452545166016, 0.09537628293037415, 0.037218738347291946, -0.09551723301410675], [0.09871324151754379, -0.9899208545684814, -0.10154986381530762, 0.26155897974967957], [0.027158156037330627, 0.10469022393226624, -0.9941340088844299, 2.7402610778808594], [0.0, 0.0, 0.0, 1.0]]}, "frame1.png": {"intrinsics": [[2985.29, 0.0, 512.0], [0.0, 2985.29, 512.0], [0.0, 0.0, 1.0]], "pose": [[0.9965618848800659, 0.08041761070489883, 0.019934656098484993, -0.054955434054136276], [0.08209341764450073, -0.9909096360206604, -0.10657746344804764, 0.27860549092292786], [0.011182737536728382, 0.10784754157066345, -0.9941045641899109, 2.7412109375], [0.0, 0.0, 0.0, 1.0]]}, "frame2.png": {"intrinsics": [[2985.29, 0.0, 512.0], [0.0, 2985.29, 512.0], [0.0, 0.0, 1.0]], "pose": [[0.998202919960022, 0.030484462156891823, 0.05159057304263115, -0.13189522922039032], [0.0346660315990448, -0.9960126280784607, -0.0822015330195427, 0.21917158365249634], [0.0488789938390255, 0.08384225517511368, -0.9952794909477234, 2.7662694454193115], [0.0, 0.0, 0.0, 1.0]]}}