{"frame0.png": {"intrinsics": [[2985.29, 0.0, 512.0], [0.0, 2985.29, 512.0], [0.0, 0.0, 1.0]], "pose": [[0.9119391441345215, 0.08420797437429428, -0.40159186720848083, 1.1148285865783691], [0.11110273003578186, -0.992829442024231, 0.044111382216215134, -0.10470547527074814], [-0.3949977159500122, -0.08484485000371933, -0.9147557616233826, 2.7111380100250244], [0.0, 0.0, 0.0, 1.0]]}, "frame1.png": {"intrinsics": [[2985.29, 0.0, 512.0], [0.0, 2985.29, 512.0], [0.0, 0.0, 1.0]], "pose": [[0.8530494570732117, 0.20191751420497894, -0.481181800365448, 1.3228734731674194], [0.19119876623153687, -0.9789202213287354, -0.07182135432958603, 0.18629269301891327], [-0.48554056882858276, -0.03073420375585556, -0.8736737370491028, 2.576765537261963], [0.0, 0.0, 0.0, 1.0]]}, "frame2.png": {"intrinsics": [[2985.29, 0.0, 512.0], [0.0, 2985.29, 512.0], [0.0, 0.0, 1.0]], "pose": [[0.864264965057373, 0.16945159435272217, -0.47363710403442383, 1.2983709573745728], [0.14336660504341125, -0.9854801893234253, -0.090965136885643, 0.25982919335365295], [-0.48217418789863586, 0.010714232921600342, -0.8760098218917847, 2.557274103164673], [0.0, 0.0, 0.0, 1.0]]}, "frame3.png": {"intrinsics": [[2985.29, 0.0, 512.0], [0.0, 2985.29, 512.0], [0.0, 0.0, 1.0]], "pose": [[0.8913784623146057, 0.1547347605228424, -0.4260300099849701, 1.2060420513153076], [0.06575380265712738, -0.9741261601448059, -0.21622808277606964, 0.61234050989151], [-0.4484649896621704, 0.16472795605659485, -0.8784895539283752, 2.667895793914795], [0.0, 0.0, 0.0, 1.0]]}}