{"frame0.png": {"intrinsics": [[2985.29, 0.0, 512.0], [0.0, 2985.29, 512.0], [0.0, 0.0, 1.0]], "pose": [[0.815825343132019, 0.03605737164616585, -0.5771732330322266, 1.5470296144485474], [0.004659384489059448, -0.9984316825866699, -0.05578841641545296, 0.15894006192684174], [-0.5782796740531921, 0.04282432422041893, -0.8147139549255371, 2.347825527191162], [0.0, 0.0, 0.0, 1.0]]}, "frame1.png": {"intrinsics": [[2985.29, 0.0, 512.0], [0.0, 2985.29, 512.0], [0.0, 0.0, 1.0]], "pose": [[0.8351117372512817, 0.023914897814393044, -0.5495601892471313, 1.383406400680542], [0.01249183900654316, -0.9996213316917419, -0.024517349898815155, 0.0741293653845787], [-0.549938440322876, 0.013609711080789566, -0.8350942730903625, 2.2727200984954834], [0.0, 0.0, 0.0, 1.0]]}, "frame2.png": {"intrinsics": [[2985.29, 0.0, 512.0], [0.0, 2985.29, 512.0], [0.0, 0.0, 1.0]], "pose": [[0.7897632718086243, 0.029991311952471733, -0.6126781702041626, 1.7018647193908691], [-0.009496048092842102, -0.9980865716934204, -0.061098236590623856, 0.17299069464206696], [-0.6133382320404053, 0.05407116562128067, -0.7879672646522522, 2.357245445251465], [0.0, 0.0, 0.0, 1.0]]}, "frame3.png": {"intrinsics": [[2985.29, 0.0, 512.0], [0.0, 2985.29, 512.0], [0.0, 0.0, 1.0]], "pose": [[0.7955233454704285, 0.024662865325808525, -0.605420708656311, 1.6086969375610352], [-0.026937713846564293, -0.9967438578605652, -0.07600028067827225, 0.21102721989154816], [-0.6053237318992615, 0.0767686516046524, -0.792268693447113, 2.2665932178497314], [0.0, 0.0, 0.0, 1.0]]}, "frame4.png": {"intrinsics": [[2985.29, 0.0, 512.0], [0.0, 2985.29, 512.0], [0.0, 0.0, 1.0]], "pose": [[0.8142203688621521, 0.04970360919833183, -0.5784244537353516, 1.5224899053573608], [-0.013327490538358688, -0.9944655895233154, -0.10421419143676758, 0.28516125679016113], [-0.5804030299186707, 0.09256225824356079, -0.8090516924858093, 2.3027634620666504], [0.0, 0.0, 0.0, 1.0]]}}