{"frame0.png": {"intrinsics": [[2985.29, 0.0, 512.0], [0.0, 2985.29, 512.0], [0.0, 0.0, 1.0]], "pose": [[0.9886775612831116, 0.10854724049568176, -0.10360537469387054, 0.2752312421798706], [0.09373059868812561, -0.9859170913696289, -0.1384989619255066, 0.3682763874530792], [-0.1171799898147583, 0.12721982598304749, -0.9849284291267395, 2.8208425045013428], [0.0, 0.0, 0.0, 1.0]]}, "frame1.png": {"intrinsics": [[2985.29, 0.0, 512.0], [0.0, 2985.29, 512.0], [0.0, 0.0, 1.0]], "pose": [[0.9923155903816223, 0.08636143803596497, -0.08860895782709122, 0.22622139751911163], [0.06460139900445938, -0.9723852872848511, -0.22426201403141022, 0.5949480533599854], [-0.10552963614463806, 0.21681442856788635, -0.9704921245574951, 2.7104594707489014], [0.0, 0.0, 0.0, 1.0]]}, "frame2.png": {"intrinsics": [[2985.29, 0.0, 512.0], [0.0, 2985.29, 512.0], [0.0, 0.0, 1.0]], "pose": [[0.9888389706611633, 0.07772330939769745, -0.12710842490196228, 0.3379310965538025], [0.05022035539150238, -0.9770978093147278, -0.2067796140909195, 0.5603052377700806], [-0.1402689665555954, 0.19808831810951233, -0.970095694065094, 2.7656803131103516], [0.0, 0.0, 0.0, 1.0]]}, "frame3.png": {"intrinsics": [[2985.29, 0.0, 512.0], [0.0, 2985.29, 512.0], [0.0, 0.0, 1.0]], "pose": [[0.9909418225288391, 0.08098193258047104, -0.10712772607803345, 0.2819449007511139], [0.057186707854270935, -0.9762428402900696, -0.20899660885334015, 0.5610021948814392], [-0.12150762975215912, 0.20097719132900238, -0.9720309376716614, 2.744445323944092], [0.0, 0.0, 0.0, 1.0]]}, "frame4.png": {"intrinsics": [[2985.29, 0.0, 512.0], [0.0, 2985.29, 512.0], [0.0, 0.0, 1.0]], "pose": [[0.9916744232177734, 0.07354387640953064, -0.10570260882377625, 0.278253436088562], [0.04774606227874756, -0.9723523855209351, -0.2285849004983902, 0.6180903315544128], [-0.11959120631217957, 0.22163493931293488, -0.9677684903144836, 2.7495276927948], [0.0, 0.0, 0.0, 1.0]]}, "frame5.png": {"intrinsics": [[2985.29, 0.0, 512.0], [0.0, 2985.29, 512.0], [0.0, 0.0, 1.0]], "pose": [[0.9900784492492676, 0.08381187170743942, -0.11278356611728668, 0.3108530044555664], [0.059047725051641464, -0.9764940142631531, -0.2072989046573639, 0.5854001045227051], [-0.1275065839290619, 0.19858257472515106, -0.9717546105384827, 2.884380340576172], [0.0, 0.0, 0.0, 1.0]]}}