{"w_std_temp": 8.882476604247264, "w_std_res_8": 8.896828349895259, "w_std_8": 10.848208719501805, "w_noise_scale_8": 0.0, "w_std_res_29": 8.926945691276496, "w_std_29": 10.860325350501705, "w_noise_scale_29": 0.0, "w_std_res_25": 8.878550786164373, "w_std_25": 10.84086878509398, "w_noise_scale_25": 0.0, "w_std_res_30": 8.934672629705018, "w_std_30": 10.863438423215737, "w_noise_scale_30": 0.0, "w_std_res_47": 8.85258525093094, "w_std_47": 10.830458936778717, "w_noise_scale_47": 0.0, "w_std_res_9": 8.890885870513692, "w_std_9": 10.845821217898855, "w_noise_scale_9": 0.0, "w_std_res_16": 8.894853234455304, "w_std_16": 10.847415061461648, "w_noise_scale_16": 0.0, "w_std_res_35": 8.92282580310184, "w_std_35": 10.858666243057892, "w_noise_scale_35": 0.0, "w_std_res_0": 8.9155771335904, "w_std_0": 10.855748398026273, "w_noise_scale_0": 0.0, "w_std_res_15": 8.891720165412314, "w_std_15": 10.8461563468355, "w_noise_scale_15": 0.0, "w_std_res_48": 8.934706731337073, "w_std_48": 10.863452166266026, "w_noise_scale_48": 0.0, "w_std_res_42": 8.899813024721363, "w_std_42": 10.849408271594816, "w_noise_scale_42": 0.0, "w_std_res_44": 8.878552106058734, "w_std_44": 10.840869314773608, "w_noise_scale_44": 0.0, "w_std_res_2": 8.898519451993124, "w_std_2": 10.848888346709767, "w_noise_scale_2": 0.0, "w_std_res_22": 8.92370745192266, "w_std_22": 10.859021246036633, "w_noise_scale_22": 0.0, "w_std_res_37": 8.898941738347318, "w_std_37": 10.84905807043289, "w_noise_scale_37": 0.0, "w_std_res_1": 8.91178424545276, "w_std_1": 10.854222259534536, "w_noise_scale_1": 0.0, "w_std_res_33": 8.932587810931388, "w_std_33": 10.862598302201919, "w_noise_scale_33": 0.0, "w_std_res_31": 8.93045701518125, "w_std_31": 10.861739789278696, "w_noise_scale_31": 0.0, "w_std_res_32": 8.932587373628092, "w_std_32": 10.862598125995227, "w_noise_scale_32": 0.0, "w_std_res_10": 8.922087672596588, "w_std_10": 10.858369046932186, "w_noise_scale_10": 0.0, "w_std_res_26": 8.926945691276496, "w_std_26": 10.860325350501705, "w_noise_scale_26": 0.0, "w_std_res_19": 8.946908072764579, "w_std_19": 10.868371589876057, "w_noise_scale_19": 0.0, "w_std_res_40": 8.935518136907339, "w_std_40": 10.863779175257108, "w_noise_scale_40": 0.0, "w_std_res_20": 8.896828349895259, "w_std_20": 10.848208719501805, "w_noise_scale_20": 0.0, "w_std_res_18": 8.909318769552474, "w_std_18": 10.85323046306375, "w_noise_scale_18": 0.0, "w_std_res_38": 8.927927128538853, "w_std_38": 10.860720657632486, "w_noise_scale_38": 0.0, "w_std_res_39": 8.881454519108905, "w_std_39": 10.84203419422527, "w_noise_scale_39": 0.0, "w_std_res_27": 8.90702058069925, "w_std_27": 10.852306127328422, "w_noise_scale_27": 0.0, "w_std_res_6": 8.915873747844346, "w_std_6": 10.85586776457207, "w_noise_scale_6": 0.0, "w_std_res_46": 8.919453371003181, "w_std_46": 10.857308522805042, "w_noise_scale_46": 0.0, "w_std_res_21": 8.892977390896707, "w_std_21": 10.846661403111558, "w_noise_scale_21": 0.0, "w_std_res_45": 8.90724424274983, "w_std_45": 10.85239607759503, "w_noise_scale_45": 0.0, "w_std_res_24": 8.90434804252956, "w_std_24": 10.851231428534966, "w_noise_scale_24": 0.0, "w_std_res_3": 8.894035483822853, "w_std_3": 10.847086500386867, "w_noise_scale_3": 0.0, "w_std_res_28": 8.928359399268155, "w_std_28": 10.860894778544953, "w_noise_scale_28": 0.0, "w_std_res_23": 8.895276133993818, "w_std_23": 10.847584984686684, "w_noise_scale_23": 0.0, "w_std_res_14": 8.881609774556637, "w_std_14": 10.8420965129847, "w_noise_scale_14": 0.0, "w_std_res_13": 8.92249877416635, "w_std_13": 10.858534568197959, "w_noise_scale_13": 0.0, "w_std_res_17": 8.931542157572789, "w_std_17": 10.862176983833628, "w_noise_scale_17": 0.0, "w_std_res_11": 8.903679453602313, "w_std_11": 10.850962604908608, "w_noise_scale_11": 0.0, "w_std_res_49": 8.913439641911532, "w_std_49": 10.854888285353285, "w_noise_scale_49": 0.0, "w_std_res_5": 8.882627444202532, "w_std_5": 10.842505018588877, "w_noise_scale_5": 0.0, "w_std_res_7": 8.90015010407128, "w_std_7": 10.849543762009073, "w_noise_scale_7": 0.0, "w_std_res_36": 8.935825892160164, "w_std_36": 10.863903210575378, "w_noise_scale_36": 0.0, "w_std_res_12": 8.878389317607107, "w_std_12": 10.840803987424088, "w_noise_scale_12": 0.0, "w_std_res_43": 8.908209872078677, "w_std_43": 10.85278444254054, "w_noise_scale_43": 0.0, "w_std_res_34": 8.904063328054221, "w_std_34": 10.851116949996438, "w_noise_scale_34": 0.0, "w_std_res_4": 8.885692942168326, "w_std_4": 10.843735738463245, "w_noise_scale_4": 0.0, "w_std_res_41": 8.905082379602112, "w_std_41": 10.851526703504673, "w_noise_scale_41": 0.0, "l2_loss": 38.20882034301758, "lpips_loss": 13.479209899902344, "noise_reg": 1.4631991365060548e-13, "total_delta_reg": 28033.923828125, "total_loss": 13.479209899902344, "step": 199, "t": 0.995, "lr_ramp": 0.0009866357858642205, "lr": 9.866357858642205e-06, "_timestamp": 1677828530.8574266, "_runtime": 1805.7285265922546, "_step": 199, "_wandb": {"runtime": 1804}}