{"frame0.png": {"intrinsics": [[2985.29, 0.0, 512.0], [0.0, 2985.29, 512.0], [0.0, 0.0, 1.0]], "pose": [[0.9852851033210754, 0.15373346209526062, -0.07469461858272552, 0.20936620235443115], [0.11702317744493484, -0.9252888560295105, -0.3607576787471771, 0.989371657371521], [-0.12457462400197983, 0.34670817852020264, -0.9296636581420898, 2.7072558403015137], [0.0, 0.0, 0.0, 1.0]]}, "frame1.png": {"intrinsics": [[2985.29, 0.0, 512.0], [0.0, 2985.29, 512.0], [0.0, 0.0, 1.0]], "pose": [[0.9611812829971313, 0.2284080535173416, -0.15479116141796112, 0.4212270975112915], [0.18469320237636566, -0.9493921995162964, -0.254052996635437, 0.695690393447876], [-0.20498526096343994, 0.21560212969779968, -0.9547234177589417, 2.7248222827911377], [0.0, 0.0, 0.0, 1.0]]}}