{"w_std_temp": 8.882476604247264, "w_std_res_8": 8.893755270553603, "w_std_8": 10.846973919168654, "w_noise_scale_8": 0.0, "w_std_res_29": 8.934104687236433, "w_std_29": 10.863209546014705, "w_noise_scale_29": 0.0, "w_std_res_25": 8.87459726198885, "w_std_25": 10.839282455062467, "w_noise_scale_25": 0.0, "w_std_res_30": 8.910315300257338, "w_std_30": 10.853631319171479, "w_noise_scale_30": 0.0, "w_std_res_47": 8.926894056725441, "w_std_47": 10.860304553740654, "w_noise_scale_47": 0.0, "w_std_res_9": 8.930455265550576, "w_std_9": 10.8617390843962, "w_noise_scale_9": 0.0, "w_std_res_16": 8.875002640844677, "w_std_16": 10.839445089290779, "w_noise_scale_16": 0.0, "w_std_res_35": 8.896085427731682, "w_std_35": 10.84791017820368, "w_noise_scale_35": 0.0, "w_std_res_0": 8.896745366986739, "w_std_0": 10.848175372211218, "w_noise_scale_0": 0.0, "w_std_res_15": 8.934852754802398, "w_std_15": 10.863511014515518, "w_noise_scale_15": 0.0, "w_std_res_48": 8.92285951223037, "w_std_48": 10.85867981587771, "w_noise_scale_48": 0.0, "w_std_res_42": 8.912121748635395, "w_std_42": 10.85435804253872, "w_noise_scale_42": 0.0, "w_std_res_44": 8.920962847417313, "w_std_44": 10.857916186186463, "w_noise_scale_44": 0.0, "w_std_res_2": 8.904653365656634, "w_std_2": 10.851354196164873, "w_noise_scale_2": 0.0, "w_std_res_22": 8.877399763585055, "w_std_22": 10.84040689460617, "w_noise_scale_22": 0.0, "w_std_res_37": 8.903495626718755, "w_std_37": 10.850888694883475, "w_noise_scale_37": 0.0, "w_std_res_1": 8.882601058389373, "w_std_1": 10.842494426589528, "w_noise_scale_1": 0.0, "w_std_res_33": 8.929830625493409, "w_std_33": 10.861487438422051, "w_noise_scale_33": 0.0, "w_std_res_31": 8.918935702341395, "w_std_31": 10.857100143022768, "w_noise_scale_31": 0.0, "w_std_res_32": 8.919441108471988, "w_std_32": 10.857303586612792, "w_noise_scale_32": 0.0, "w_std_res_10": 8.915494763331983, "w_std_10": 10.855715250214976, "w_noise_scale_10": 0.0, "w_std_res_26": 8.909308685302133, "w_std_26": 10.853226406811018, "w_noise_scale_26": 0.0, "w_std_res_19": 8.892387896397683, "w_std_19": 10.84642458370499, "w_noise_scale_19": 0.0, "w_std_res_40": 8.895693304908843, "w_std_40": 10.847752611428323, "w_noise_scale_40": 0.0, "w_std_res_20": 8.908214257077566, "w_std_20": 10.852786206200692, "w_noise_scale_20": 0.0, "w_std_res_18": 8.902101665477653, "w_std_18": 10.850328267643565, "w_noise_scale_18": 0.0, "w_std_res_38": 8.937343093028263, "w_std_38": 10.864514733324494, "w_noise_scale_38": 0.0, "w_std_res_39": 8.886740473874546, "w_std_39": 10.84415636126204, "w_noise_scale_39": 0.0, "w_std_res_27": 8.903668046793973, "w_std_27": 10.850958018620982, "w_noise_scale_27": 0.0, "w_std_res_6": 8.877976613508283, "w_std_6": 10.840638372000978, "w_noise_scale_6": 0.0, "w_std_res_46": 8.888593462972644, "w_std_46": 10.844900486518998, "w_noise_scale_46": 0.0, "w_std_res_21": 8.91342737110703, "w_std_21": 10.854883348060447, "w_noise_scale_21": 0.0, "w_std_res_45": 8.864182227509765, "w_std_45": 10.83510575124327, "w_noise_scale_45": 0.0, "w_std_res_24": 8.925125174192237, "w_std_24": 10.859592152505083, "w_noise_scale_24": 0.0, "w_std_res_3": 8.901627747917793, "w_std_3": 10.850137747541503, "w_noise_scale_3": 0.0, "w_std_res_28": 8.883243970391671, "w_std_28": 10.842752515361354, "w_noise_scale_28": 0.0, "w_std_res_23": 8.879082247760746, "w_std_23": 10.841082067331886, "w_noise_scale_23": 0.0, "w_std_res_14": 8.942781656173878, "w_std_14": 10.8667073698752, "w_noise_scale_14": 0.0, "w_std_res_13": 8.884209570215011, "w_std_13": 10.843140166569599, "w_noise_scale_13": 0.0, "w_std_res_17": 8.912680573205796, "w_std_17": 10.854582874297842, "w_noise_scale_17": 0.0, "w_std_res_11": 8.927734612571097, "w_std_11": 10.860643113007857, "w_noise_scale_11": 0.0, "w_std_res_49": 8.936801983232034, "w_std_49": 10.86429662573123, "w_noise_scale_49": 0.0, "w_std_res_5": 8.883231657876541, "w_std_5": 10.842747572542441, "w_noise_scale_5": 0.0, "w_std_res_7": 8.884663313119974, "w_std_7": 10.843322336667622, "w_noise_scale_7": 0.0, "w_std_res_36": 8.915658188686912, "w_std_36": 10.855781016784329, "w_noise_scale_36": 0.0, "w_std_res_12": 8.91026883011955, "w_std_12": 10.853612625814964, "w_noise_scale_12": 0.0, "w_std_res_43": 8.912432503250725, "w_std_43": 10.854483067205457, "w_noise_scale_43": 0.0, "w_std_res_34": 8.890283934582742, "w_std_34": 10.845579438618067, "w_noise_scale_34": 0.0, "w_std_res_4": 8.936054515976275, "w_std_4": 10.863995355214627, "w_noise_scale_4": 0.0, "w_std_res_41": 8.926052108855291, "w_std_41": 10.859965455170656, "w_noise_scale_41": 0.0, "l2_loss": 213480.71875, "lpips_loss": 9.946475982666016, "noise_reg": 6.531398685782897e-13, "total_delta_reg": 33103.49609375, "total_loss": 10.593790054321289, "step": 199, "t": 0.995, "lr_ramp": 0.0009866357858642205, "lr": 9.866357858642205e-06, "_timestamp": 1678380504.3215253, "_runtime": 1796.5317022800446, "_step": 199, "_wandb": {"runtime": 1794}}