{"frame0.png": {"intrinsics": [[2985.29, 0.0, 512.0], [0.0, 2985.29, 512.0], [0.0, 0.0, 1.0]], "pose": [[0.4255654215812683, 0.058828506618738174, -0.9030134677886963, 2.3477694988250732], [0.07832668721675873, -0.9965342283248901, -0.028007881715893745, 0.06943102180957794], [-0.9015315175056458, -0.05881086736917496, -0.42869833111763, 1.2991386651992798], [0.0, 0.0, 0.0, 1.0]]}, "frame1.png": {"intrinsics": [[2985.29, 0.0, 512.0], [0.0, 2985.29, 512.0], [0.0, 0.0, 1.0]], "pose": [[0.4297197163105011, 0.14721296727657318, -0.8908811807632446, 2.267033338546753], [0.09726950526237488, -0.9884262681007385, -0.11641345173120499, 0.2943169176578522], [-0.897707998752594, -0.03663039207458496, -0.4390656054019928, 1.2921175956726074], [0.0, 0.0, 0.0, 1.0]]}, "frame2.png": {"intrinsics": [[2985.29, 0.0, 512.0], [0.0, 2985.29, 512.0], [0.0, 0.0, 1.0]], "pose": [[0.4580620229244232, 0.06406824290752411, -0.8866084218025208, 2.262227773666382], [0.06301532685756683, -0.9972302913665771, -0.039505451917648315, 0.10333294421434402], [-0.8866838216781616, -0.0377739816904068, -0.4608306288719177, 1.342639684677124], [0.0, 0.0, 0.0, 1.0]]}, "frame3.png": {"intrinsics": [[2985.29, 0.0, 512.0], [0.0, 2985.29, 512.0], [0.0, 0.0, 1.0]], "pose": [[0.8767220377922058, -0.23989562690258026, -0.41690346598625183, 1.1118861436843872], [-0.27623963356018066, -0.9606773853302002, -0.028119448572397232, 0.0820932611823082], [-0.3937639892101288, 0.1398182064294815, -0.9085156917572021, 2.5747263431549072], [0.0, 0.0, 0.0, 1.0]]}, "frame4.png": {"intrinsics": [[2985.29, 0.0, 512.0], [0.0, 2985.29, 512.0], [0.0, 0.0, 1.0]], "pose": [[0.844042956829071, -0.13411374390125275, -0.5192350149154663, 1.3980317115783691], [-0.09012281894683838, -0.9899269938468933, 0.10919001698493958, -0.28726279735565186], [-0.5286486148834229, -0.045366138219833374, -0.847627580165863, 2.4560043811798096], [0.0, 0.0, 0.0, 1.0]]}, "frame5.png": {"intrinsics": [[2985.29, 0.0, 512.0], [0.0, 2985.29, 512.0], [0.0, 0.0, 1.0]], "pose": [[0.7604267597198486, -0.01607266440987587, -0.6492248177528381, 1.7715383768081665], [-0.08009067922830582, -0.9943832755088806, -0.06919129937887192, 0.19717343151569366], [-0.6444661617279053, 0.10461176931858063, -0.7574428915977478, 2.233125686645508], [0.0, 0.0, 0.0, 1.0]]}, "frame6.png": {"intrinsics": [[2985.29, 0.0, 512.0], [0.0, 2985.29, 512.0], [0.0, 0.0, 1.0]], "pose": [[0.8694036602973938, -0.19472075998783112, -0.45411574840545654, 1.2795428037643433], [-0.24143345654010773, -0.9692979454994202, -0.04659755155444145, 0.1410653442144394], [-0.43109995126724243, 0.1501508206129074, -0.8897233009338379, 2.65533709526062], [0.0, 0.0, 0.0, 1.0]]}, "frame7.png": {"intrinsics": [[2985.29, 0.0, 512.0], [0.0, 2985.29, 512.0], [0.0, 0.0, 1.0]], "pose": [[0.5898151993751526, 0.07031641900539398, -0.8044710159301758, 2.0397262573242188], [0.06268875300884247, -0.9971824288368225, -0.04119914397597313, 0.10144457221031189], [-0.8051013946533203, -0.02613140642642975, -0.5925613641738892, 1.6760057210922241], [0.0, 0.0, 0.0, 1.0]]}}