{"frame0.png": {"intrinsics": [[2985.29, 0.0, 512.0], [0.0, 2985.29, 512.0], [0.0, 0.0, 1.0]], "pose": [[0.9678274989128113, 0.003362021641805768, 0.2515921890735626, -0.6456456184387207], [-0.017649173736572266, -0.9965407252311707, 0.08120977878570557, -0.19840340316295624], [0.25099489092826843, -0.08303745090961456, -0.9644201993942261, 2.657594680786133], [0.0, 0.0, 0.0, 1.0]]}, "frame1.png": {"intrinsics": [[2985.29, 0.0, 512.0], [0.0, 2985.29, 512.0], [0.0, 0.0, 1.0]], "pose": [[0.9606025815010071, -0.009451783262193203, 0.2777649462223053, -0.7179180383682251], [-0.03265209496021271, -0.9963383078575134, 0.07901830226182938, -0.19437140226364136], [0.2760009765625, -0.08497479557991028, -0.9573937058448792, 2.6520793437957764], [0.0, 0.0, 0.0, 1.0]]}, "frame10.png": {"intrinsics": [[2985.29, 0.0, 512.0], [0.0, 2985.29, 512.0], [0.0, 0.0, 1.0]], "pose": [[0.89851975440979, -0.2486402690410614, 0.3617183566093445, -0.9261712431907654], [-0.27879101037979126, -0.9597923159599304, 0.03277744725346565, -0.08546065539121628], [0.3390246629714966, -0.1302950084209442, -0.9317110180854797, 2.5619752407073975], [0.0, 0.0, 0.0, 1.0]]}, "frame11.png": {"intrinsics": [[2985.29, 0.0, 512.0], [0.0, 2985.29, 512.0], [0.0, 0.0, 1.0]], "pose": [[0.9030776619911194, -0.24779407680034637, 0.3507830500602722, -0.8750240206718445], [-0.27329933643341064, -0.961621880531311, 0.02430655062198639, -0.06156403198838234], [0.3312976658344269, -0.11781948804855347, -0.9361412525177002, 2.500434160232544], [0.0, 0.0, 0.0, 1.0]]}, "frame12.png": {"intrinsics": [[2985.29, 0.0, 512.0], [0.0, 2985.29, 512.0], [0.0, 0.0, 1.0]], "pose": [[0.9083237051963806, -0.24097847938537598, 0.3418733775615692, -0.8945050239562988], [-0.26318520307540894, -0.9645508527755737, 0.01936783455312252, -0.04660239815711975], [0.3250870704650879, -0.10756827145814896, -0.9395464062690735, 2.626323938369751], [0.0, 0.0, 0.0, 1.0]]}, "frame13.png": {"intrinsics": [[2985.29, 0.0, 512.0], [0.0, 2985.29, 512.0], [0.0, 0.0, 1.0]], "pose": [[0.9082461595535278, -0.24357978999614716, 0.3402319848537445, -0.8918501734733582], [-0.2678782641887665, -0.963113009929657, 0.025584174320101738, -0.06040224805474281], [0.3214500844478607, -0.11437748372554779, -0.9399934411048889, 2.634058713912964], [0.0, 0.0, 0.0, 1.0]]}, "frame14.png": {"intrinsics": [[2985.29, 0.0, 512.0], [0.0, 2985.29, 512.0], [0.0, 0.0, 1.0]], "pose": [[0.9095568060874939, -0.24042806029319763, 0.3389700651168823, -0.8872550129890442], [-0.26702308654785156, -0.9631119966506958, 0.03337619826197624, -0.07889358699321747], [0.31844156980514526, -0.12087038159370422, -0.940204918384552, 2.6383790969848633], [0.0, 0.0, 0.0, 1.0]]}, "frame15.png": {"intrinsics": [[2985.29, 0.0, 512.0], [0.0, 2985.29, 512.0], [0.0, 0.0, 1.0]], "pose": [[0.9143294095993042, -0.23427341878414154, 0.3303297460079193, -0.8491336107254028], [-0.26723188161849976, -0.9619165658950806, 0.05747738853096962, -0.14028796553611755], [0.3042842447757721, -0.14082790911197662, -0.9421139359474182, 2.6070165634155273], [0.0, 0.0, 0.0, 1.0]]}, "frame16.png": {"intrinsics": [[2985.29, 0.0, 512.0], [0.0, 2985.29, 512.0], [0.0, 0.0, 1.0]], "pose": [[0.931118905544281, -0.21359963715076447, 0.2956228256225586, -0.7488832473754883], [-0.24456661939620972, -0.9669836163520813, 0.07162245362997055, -0.17494289577007294], [0.27056393027305603, -0.13898849487304688, -0.9526160359382629, 2.5948760509490967], [0.0, 0.0, 0.0, 1.0]]}, "frame17.png": {"intrinsics": [[2985.29, 0.0, 512.0], [0.0, 2985.29, 512.0], [0.0, 0.0, 1.0]], "pose": [[0.9514111280441284, -0.16661040484905243, 0.2589551508426666, -0.6703831553459167], [-0.19659999012947083, -0.9759278893470764, 0.09440889954566956, -0.23767416179180145], [0.23699204623699188, -0.14073225855827332, -0.9612643122673035, 2.6646621227264404], [0.0, 0.0, 0.0, 1.0]]}, "frame18.png": {"intrinsics": [[2985.29, 0.0, 512.0], [0.0, 2985.29, 512.0], [0.0, 0.0, 1.0]], "pose": [[0.9617989659309387, -0.1334419995546341, 0.23903127014636993, -0.6347561478614807], [-0.16296382248401642, -0.9806756377220154, 0.10824992507696152, -0.28238508105278015], [0.2199670523405075, -0.1430681198835373, -0.9649590849876404, 2.736393690109253], [0.0, 0.0, 0.0, 1.0]]}, "frame19.png": {"intrinsics": [[2985.29, 0.0, 512.0], [0.0, 2985.29, 512.0], [0.0, 0.0, 1.0]], "pose": [[0.9644515514373779, -0.1197497770190239, 0.23556995391845703, -0.6276215314865112], [-0.15110351145267487, -0.9812270402908325, 0.11983830481767654, -0.31236469745635986], [0.21679699420928955, -0.1511736810207367, -0.9644405841827393, 2.7379064559936523], [0.0, 0.0, 0.0, 1.0]]}, "frame2.png": {"intrinsics": [[2985.29, 0.0, 512.0], [0.0, 2985.29, 512.0], [0.0, 0.0, 1.0]], "pose": [[0.9523105621337891, -0.02983888052403927, 0.30366796255111694, -0.7708591222763062], [-0.060169920325279236, -0.994029700756073, 0.09101953357458115, -0.22365331649780273], [0.2991390526294708, -0.10495053231716156, -0.9484203457832336, 2.593599319458008], [0.0, 0.0, 0.0, 1.0]]}, "frame20.png": {"intrinsics": [[2985.29, 0.0, 512.0], [0.0, 2985.29, 512.0], [0.0, 0.0, 1.0]], "pose": [[0.9641187191009521, -0.12117910385131836, 0.23620057106018066, -0.6304939389228821], [-0.1524246484041214, -0.981148898601532, 0.11880037933588028, -0.3121032416820526], [0.21735180914402008, -0.15054045617580414, -0.964414656162262, 2.748408079147339], [0.0, 0.0, 0.0, 1.0]]}, "frame21.png": {"intrinsics": [[2985.29, 0.0, 512.0], [0.0, 2985.29, 512.0], [0.0, 0.0, 1.0]], "pose": [[0.9627496600151062, -0.12350247800350189, 0.24054180085659027, -0.6363319754600525], [-0.1530798226594925, -0.9822542071342468, 0.10836668312549591, -0.2822633385658264], [0.22288963198661804, -0.14115208387374878, -0.9645705819129944, 2.725919008255005], [0.0, 0.0, 0.0, 1.0]]}, "frame22.png": {"intrinsics": [[2985.29, 0.0, 512.0], [0.0, 2985.29, 512.0], [0.0, 0.0, 1.0]], "pose": [[0.9598863124847412, -0.13041384518146515, 0.24821458756923676, -0.6450021862983704], [-0.1586879938840866, -0.9825072884559631, 0.09745551645755768, -0.2529311776161194], [0.23116308450698853, -0.13293489813804626, -0.9637904167175293, 2.681291341781616], [0.0, 0.0, 0.0, 1.0]]}, "frame23.png": {"intrinsics": [[2985.29, 0.0, 512.0], [0.0, 2985.29, 512.0], [0.0, 0.0, 1.0]], "pose": [[0.9597030282020569, -0.12620694935321808, 0.2510814964771271, -0.6513131260871887], [-0.15863662958145142, -0.9808093309402466, 0.11334608495235443, -0.2883448898792267], [0.23195800185203552, -0.14860931038856506, -0.9613067507743835, 2.6799793243408203], [0.0, 0.0, 0.0, 1.0]]}, "frame24.png": {"intrinsics": [[2985.29, 0.0, 512.0], [0.0, 2985.29, 512.0], [0.0, 0.0, 1.0]], "pose": [[0.9597126245498657, -0.12601451575756073, 0.2511414587497711, -0.6441039443016052], [-0.15923498570919037, -0.9803305268287659, 0.11660339683294296, -0.2940875291824341], [0.23150791227817535, -0.15189625322818756, -0.9609014987945557, 2.650447368621826], [0.0, 0.0, 0.0, 1.0]]}, "frame25.png": {"intrinsics": [[2985.29, 0.0, 512.0], [0.0, 2985.29, 512.0], [0.0, 0.0, 1.0]], "pose": [[0.9610092639923096, -0.1203472763299942, 0.24895323812961578, -0.6358816623687744], [-0.1540156751871109, -0.980699360370636, 0.1204482689499855, -0.29874083399772644], [0.22965267300605774, -0.1540946066379547, -0.9609966278076172, 2.636441707611084], [0.0, 0.0, 0.0, 1.0]]}, "frame26.png": {"intrinsics": [[2985.29, 0.0, 512.0], [0.0, 2985.29, 512.0], [0.0, 0.0, 1.0]], "pose": [[0.9611789584159851, -0.12016484141349792, 0.248385488986969, -0.6510860323905945], [-0.15191234648227692, -0.9819349050521851, 0.11281218379735947, -0.2859680950641632], [0.2303423136472702, -0.14616551995277405, -0.9620696902275085, 2.692098379135132], [0.0, 0.0, 0.0, 1.0]]}, "frame27.png": {"intrinsics": [[2985.29, 0.0, 512.0], [0.0, 2985.29, 512.0], [0.0, 0.0, 1.0]],