{"frame0.png": {"intrinsics": [[2985.29, 0.0, 512.0], [0.0, 2985.29, 512.0], [0.0, 0.0, 1.0]], "pose": [[0.976747453212738, -0.1974020153284073, -0.0836469754576683, 0.2396302968263626], [-0.18095827102661133, -0.9683139324188232, 0.17211131751537323, -0.48736655712127686], [-0.11497165262699127, -0.15297269821166992, -0.9815196990966797, 2.948641777038574], [0.0, 0.0, 0.0, 1.0]]}, "frame1.png": {"intrinsics": [[2985.29, 0.0, 512.0], [0.0, 2985.29, 512.0], [0.0, 0.0, 1.0]], "pose": [[0.9570174813270569, -0.24981294572353363, -0.14734654128551483, 0.42593321204185486], [-0.24068936705589294, -0.9675359129905701, 0.07709075510501862, -0.22067539393901825], [-0.16182135045528412, -0.038312461227178574, -0.9860760569572449, 3.036827564239502], [0.0, 0.0, 0.0, 1.0]]}, "frame2.png": {"intrinsics": [[2985.29, 0.0, 512.0], [0.0, 2985.29, 512.0], [0.0, 0.0, 1.0]], "pose": [[0.9283096790313721, -0.18999049067497253, -0.31960082054138184, 0.9150207042694092], [-0.2052348256111145, -0.9786071181297302, -0.014378678984940052, 0.03765690699219704], [-0.31003180146217346, 0.07894109189510345, -0.9474431276321411, 2.8853566646575928], [0.0, 0.0, 0.0, 1.0]]}}