{"frame0.png": {"intrinsics": [[2985.29, 0.0, 512.0], [0.0, 2985.29, 512.0], [0.0, 0.0, 1.0]], "pose": [[0.9987684488296509, 0.021120009943842888, -0.044894132763147354, 0.12241598963737488], [0.021494047716259956, -0.9997380375862122, 0.007865159772336483, -0.01369351428002119], [-0.04471626132726669, -0.008820430375635624, -0.9989607930183411, 2.9230496883392334], [0.0, 0.0, 0.0, 1.0]]}, "frame1.png": {"intrinsics": [[2985.29, 0.0, 512.0], [0.0, 2985.29, 512.0], [0.0, 0.0, 1.0]], "pose": [[0.9988670349121094, 0.018518319353461266, -0.043837882578372955, 0.11915188282728195], [0.01917530596256256, -0.9997093677520752, 0.014613939449191093, -0.02911956049501896], [-0.04355451837182045, -0.015437987633049488, -0.9989317655563354, 2.919736623764038], [0.0, 0.0, 0.0, 1.0]]}, "frame10.png": {"intrinsics": [[2985.29, 0.0, 512.0], [0.0, 2985.29, 512.0], [0.0, 0.0, 1.0]], "pose": [[0.9996903538703918, 0.009170669130980968, -0.023132380098104477, 0.06306586414575577], [0.009377624839544296, -0.9999167919158936, 0.008854040876030922, -0.0075497254729270935], [-0.023049257695674896, -0.009068225510418415, -0.9996932148933411, 2.8449032306671143], [0.0, 0.0, 0.0, 1.0]]}, "frame11.png": {"intrinsics": [[2985.29, 0.0, 512.0], [0.0, 2985.29, 512.0], [0.0, 0.0, 1.0]], "pose": [[0.9996067881584167, 0.008896087296307087, -0.026592334732413292, 0.07156188040971756], [0.00913472380489111, -0.9999189972877502, 0.008865936659276485, -0.010028590448200703], [-0.026511307805776596, -0.009105364792048931, -0.9996070265769958, 2.8081963062286377], [0.0, 0.0, 0.0, 1.0]]}, "frame12.png": {"intrinsics": [[2985.29, 0.0, 512.0], [0.0, 2985.29, 512.0], [0.0, 0.0, 1.0]], "pose": [[0.9997291564941406, 0.008327232673764229, -0.021732481196522713, 0.05918798968195915], [0.008612141013145447, -0.9998777508735657, 0.013049332424998283, -0.021788960322737694], [-0.021621158346533775, -0.013232961297035217, -0.9996786713600159, 2.827120304107666], [0.0, 0.0, 0.0, 1.0]]}, "frame13.png": {"intrinsics": [[2985.29, 0.0, 512.0], [0.0, 2985.29, 512.0], [0.0, 0.0, 1.0]], "pose": [[0.9997166991233826, 0.0033366174902766943, -0.02356724441051483, 0.06310557574033737], [0.0034721388947218657, -0.9999776482582092, 0.005711834412068129, -0.0012827105820178986], [-0.023547660559415817, -0.005792045034468174, -0.9997059106826782, 2.8188037872314453], [0.0, 0.0, 0.0, 1.0]]}, "frame14.png": {"intrinsics": [[2985.29, 0.0, 512.0], [0.0, 2985.29, 512.0], [0.0, 0.0, 1.0]], "pose": [[0.9998752474784851, -0.0005330952117219567, -0.01578785665333271, 0.04442914202809334], [-0.00045239223982207477, -0.9999868869781494, 0.005114842671900988, 0.002128616673871875], [-0.01579037494957447, -0.00510706240311265, -0.9998623132705688, 2.8635201454162598], [0.0, 0.0, 0.0, 1.0]]}, "frame15.png": {"intrinsics": [[2985.29, 0.0, 512.0], [0.0, 2985.29, 512.0], [0.0, 0.0, 1.0]], "pose": [[0.9998213052749634, -0.0058698151260614395, -0.01796821877360344, 0.05046359822154045], [-0.00560971163213253, -0.9998793005943298, 0.014492109417915344, -0.024853987619280815], [-0.018051115795969963, -0.014388724230229855, -0.9997335076332092, 2.8645875453948975], [0.0, 0.0, 0.0, 1.0]]}, "frame16.png": {"intrinsics": [[2985.29, 0.0, 512.0], [0.0, 2985.29, 512.0], [0.0, 0.0, 1.0]], "pose": [[0.999767005443573, -0.007733017671853304, -0.020152147859334946, 0.05603208392858505], [-0.007423180155456066, -0.9998537302017212, 0.015404625795781612, -0.02844989113509655], [-0.02026832289993763, -0.015251443721354008, -0.9996781945228577, 2.859069347381592], [0.0, 0.0, 0.0, 1.0]]}, "frame17.png": {"intrinsics": [[2985.29, 0.0, 512.0], [0.0, 2985.29, 512.0], [0.0, 0.0, 1.0]], "pose": [[0.9998023509979248, -0.008344118483364582, -0.01804589107632637, 0.05112798511981964], [-0.008166083134710789, -0.9999175071716309, 0.009916943497955799, -0.011607485823333263], [-0.01812715269625187, -0.009767618961632252, -0.9997879862785339, 2.8469834327697754], [0.0, 0.0, 0.0, 1.0]]}, "frame18.png": {"intrinsics": [[2985.29, 0.0, 512.0], [0.0, 2985.29, 512.0], [0.0, 0.0, 1.0]], "pose": [[0.9997949004173279, -0.00667713163420558, -0.019120153039693832, 0.05299253761768341], [-0.00642106169834733, -0.9998893141746521, 0.013422882184386253, -0.021925102919340134], [-0.019207661971449852, -0.013297357596457005, -0.9997270703315735, 2.8593437671661377], [0.0, 0.0, 0.0, 1.0]]}, "frame19.png": {"intrinsics": [[2985.29, 0.0, 512.0], [0.0, 2985.29, 512.0], [0.0, 0.0, 1.0]], "pose": [[0.9997754693031311, -0.006904439069330692, -0.020032888278365135, 0.05425691604614258], [-0.006613433826714754, -0.9998722076416016, 0.01455643493682146, -0.024179119616746902], [-0.020130831748247147, -0.014420679770410061, -0.9996933341026306, 2.8493998050689697], [0.0, 0.0, 0.0, 1.0]]}, "frame2.png": {"intrinsics": [[2985.29, 0.0, 512.0], [0.0, 2985.29, 512.0], [0.0, 0.0, 1.0]], "pose": [[0.9988418817520142, 0.018273597583174706, -0.044508691877126694, 0.12052342295646667], [0.018970804288983345, -0.999703049659729, 0.015292777679860592, -0.02871096320450306], [-0.04421602189540863, -0.01611943170428276, -0.9988919496536255, 2.8656699657440186], [0.0, 0.0, 0.0, 1.0]]}, "frame20.png": {"intrinsics": [[2985.29, 0.0, 512.0], [0.0, 2985.29, 512.0], [0.0, 0.0, 1.0]], "pose": [[0.9997411370277405, -0.006190650165081024, -0.021891681477427483, 0.058775611221790314], [-0.005740714259445667, -0.9997721910476685, 0.020556289702653885, -0.041953932493925095], [-0.0220139492303133, -0.02042529545724392, -0.9995489716529846, 2.849029541015625], [0.0, 0.0, 0.0, 1.0]]}, "frame21.png": {"intrinsics": [[2985.29, 0.0, 512.0], [0.0, 2985.29, 512.0], [0.0, 0.0, 1.0]], "pose": [[0.9998195171356201, -0.0037579338531941175, -0.01862368732690811, 0.05027339234948158], [-0.0032734733540564775, -0.9996572732925415, 0.02597569301724434, -0.05487925186753273], [-0.018714919686317444, -0.025910040363669395, -0.9994890689849854, 2.853731632232666], [0.0, 0.0, 0.0, 1.0]]}, "frame22.png": {"intrinsics": [[2985.29, 0.0, 512.0], [0.0, 2985.29, 512.0], [0.0, 0.0, 1.0]], "pose": [[0.9996352791786194, -0.003641572082415223, -0.026759522035717964, 0.07150278240442276], [-0.002785744844004512, -0.9994855523109436, 0.03195011988282204, -0.07566510885953903], [-0.02686210535466671, -0.031863920390605927, -0.9991311430931091, 2.842686414718628], [0.0, 0.0, 0.0, 1.0]]}, "frame23.png": {"intrinsics": [[2985.29, 0.0, 512.0], [0.0, 2985.29, 512.0], [0.0, 0.0, 1.0]], "pose": [[0.9997013807296753, 0.00046896887943148613, -0.02443051151931286, 0.06553509831428528], [0.0013632564805448055, -0.9993289709091187, 0.03660157695412636, -0.08910559117794037], [-0.024396952241659164, -0.03662395477294922, -0.9990311861038208, 2.846261501312256], [0.0, 0.0, 0.0, 1.0]]}, "frame24.png": {"intrinsics": [[2985.29, 0.0, 512.0], [0.0, 2985.29, 512.0], [0.0, 0.0, 1.0]], "pose": [[0.9998289942741394, -0.002334712538868189, -0.018343128263950348, 0.04879617691040039], [-0.0018274955218657851, -0.999616801738739, 0.027619874104857445, -0.06848173588514328], [-0.018400583416223526, -0.027581628412008286, -0.999450147151947, 2.9111316204071045], [0.0, 0.0, 0.0, 1.0]]}, "frame25.png": {"intrinsics": [[2985.29, 0.0, 512.0], [0.0, 2985.29, 512.0], [0.0, 0.0, 1.0]], "pose": [[0.99982750415802, -0.000875126919709146, -0.018554702401161194, 0.05135492607951164], [-0.00035586010199040174, -0.9996087551116943, 0.027970578521490097, -0.07188037037849426], [-0.018571918830275536, -0.027959149330854416, -0.9994365572929382, 2.9042463302612305], [0.0, 0.0, 0.0, 1.0]]}, "frame26.png": {"intrinsics": [[2985.29, 0.0, 512.0], [0.0, 2985.29, 512.0], [0.0, 0.0, 1.0]], "pose": [[0.9998633861541748, -0.0005849984008818865, -0.016517311334609985, 0.045767538249492645], [-0.00012391488417051733, -0.9996106624603271, 0.027902401983737946, -0.07118982076644897], [-0.0165272019803524, -0.027896543964743614, -0.9994741678237915, 2.8972957134246826], [0.0, 0.0, 0.0, 1.0]]}, "frame27.png": {"intrinsics": [[2985.29, 0.0, 512.0], [0.0, 2985.29, 512.0], [0.0, 0.0, 1.0]],