{"w_std_temp": 8.882476604247264, "w_std_res_8": 8.89208654506916, "w_std_8": 10.846303524991821, "w_noise_scale_8": 0.0, "w_std_res_29": 8.926084492934178, "w_std_29": 10.859978497619137, "w_noise_scale_29": 0.0, "w_std_res_25": 8.909734844539427, "w_std_25": 10.853397826256993, "w_noise_scale_25": 0.0, "w_std_res_30": 8.91091281449325, "w_std_30": 10.853871684651288, "w_noise_scale_30": 0.0, "w_std_res_47": 8.910705464496063, "w_std_47": 10.853788271555237, "w_noise_scale_47": 0.0, "w_std_res_9": 8.888241002864403, "w_std_9": 10.844758937212482, "w_noise_scale_9": 0.0, "w_std_res_16": 8.917728129966735, "w_std_16": 10.856614084280604, "w_noise_scale_16": 0.0, "w_std_res_35": 8.913849389433278, "w_std_35": 10.85505315437815, "w_noise_scale_35": 0.0, "w_std_res_0": 8.89549174793052, "w_std_0": 10.847671621568152, "w_noise_scale_0": 0.0, "w_std_res_15": 8.918405301678098, "w_std_15": 10.85688664655987, "w_noise_scale_15": 0.0, "w_std_res_48": 8.924008173180928, "w_std_48": 10.859142339234255, "w_noise_scale_48": 0.0, "w_std_res_42": 8.903253004520314, "w_std_42": 10.85079114699131, "w_noise_scale_42": 0.0, "w_std_res_44": 8.920715007778243, "w_std_44": 10.85781640973451, "w_noise_scale_44": 0.0, "w_std_res_2": 8.917363241872566, "w_std_2": 10.856467222207922, "w_noise_scale_2": 0.0, "w_std_res_22": 8.880929357336427, "w_std_22": 10.841823402338742, "w_noise_scale_22": 0.0, "w_std_res_37": 8.91712712985522, "w_std_37": 10.856372192749289, "w_noise_scale_37": 0.0, "w_std_res_1": 8.9293988634454, "w_std_1": 10.861313503238225, "w_noise_scale_1": 0.0, "w_std_res_33": 8.898023832570916, "w_std_33": 10.848689156126191, "w_noise_scale_33": 0.0, "w_std_res_31": 8.907733648352986, "w_std_31": 10.852592907342466, "w_noise_scale_31": 0.0, "w_std_res_32": 8.892672545416254, "w_std_32": 10.846538935300975, "w_noise_scale_32": 0.0, "w_std_res_10": 8.932429068428139, "w_std_10": 10.862534338984847, "w_noise_scale_10": 0.0, "w_std_res_26": 8.875771093262827, "w_std_26": 10.839753398947781, "w_noise_scale_26": 0.0, "w_std_res_19": 8.849328187777871, "w_std_19": 10.829154593907596, "w_noise_scale_19": 0.0, "w_std_res_40": 8.875827426217795, "w_std_40": 10.83977600091441, "w_noise_scale_40": 0.0, "w_std_res_20": 8.894796582834259, "w_std_20": 10.847392298958308, "w_noise_scale_20": 0.0, "w_std_res_18": 8.892797296126794, "w_std_18": 10.846589051978507, "w_noise_scale_18": 0.0, "w_std_res_38": 8.905193358372406, "w_std_38": 10.851571329190072, "w_noise_scale_38": 0.0, "w_std_res_39": 8.887921051910846, "w_std_39": 10.844630446965446, "w_noise_scale_39": 0.0, "w_std_res_27": 8.88731276174075, "w_std_27": 10.844386170099716, "w_noise_scale_27": 0.0, "w_std_res_6": 8.889218364119536, "w_std_6": 10.845151458428324, "w_noise_scale_6": 0.0, "w_std_res_46": 8.882578630386561, "w_std_46": 10.842485423381948, "w_noise_scale_46": 0.0, "w_std_res_21": 8.897382866607462, "w_std_21": 10.84843156146316, "w_noise_scale_21": 0.0, "w_std_res_45": 8.920034070142332, "w_std_45": 10.857542284196962, "w_noise_scale_45": 0.0, "w_std_res_24": 8.876539039090629, "w_std_24": 10.84006152326291, "w_noise_scale_24": 0.0, "w_std_res_3": 8.918287917251831, "w_std_3": 10.856839398220368, "w_noise_scale_3": 0.0, "w_std_res_28": 8.90007373564961, "w_std_28": 10.84951306511034, "w_noise_scale_28": 0.0, "w_std_res_23": 8.864954261726341, "w_std_23": 10.835415244263832, "w_noise_scale_23": 0.0, "w_std_res_14": 8.899475493673771, "w_std_14": 10.849272603065378, "w_noise_scale_14": 0.0, "w_std_res_13": 8.895618215587941, "w_std_13": 10.84772243880599, "w_noise_scale_13": 0.0, "w_std_res_17": 8.894900663441947, "w_std_17": 10.847434118404454, "w_noise_scale_17": 0.0, "w_std_res_11": 8.928607464212995, "w_std_11": 10.860994702949634, "w_noise_scale_11": 0.0, "w_std_res_49": 8.920112019335855, "w_std_49": 10.857573663548177, "w_noise_scale_49": 0.0, "w_std_res_5": 8.897615551371052, "w_std_5": 10.848525072561706, "w_noise_scale_5": 0.0, "w_std_res_7": 8.881266273735969, "w_std_7": 10.841958634455768, "w_noise_scale_7": 0.0, "w_std_res_36": 8.879215988053225, "w_std_36": 10.841135740346811, "w_noise_scale_36": 0.0, "w_std_res_12": 8.906459646655343, "w_std_12": 10.852080542890151, "w_noise_scale_12": 0.0, "w_std_res_43": 8.894367951125027, "w_std_43": 10.847220078780554, "w_noise_scale_43": 0.0, "w_std_res_34": 8.890230768939578, "w_std_34": 10.845558084130571, "w_noise_scale_34": 0.0, "w_std_res_4": 8.859312279319427, "w_std_4": 10.833153904363446, "w_noise_scale_4": 0.0, "w_std_res_41": 8.925369390114898, "w_std_41": 10.85969050261102, "w_noise_scale_41": 0.0, "l2_loss": 448175.71875, "lpips_loss": 11.971097946166992, "noise_reg": 7.093482160165643e-13, "total_delta_reg": 2818.24755859375, "total_loss": 14.789347648620605, "step": 199, "t": 0.995, "lr_ramp": 0.0009866357858642205, "lr": 9.866357858642205e-06, "_timestamp": 1677855320.7954147, "_runtime": 1809.543539762497, "_step": 199, "_wandb": {"runtime": 1808}}