{"step": 99, "c_loss": 0.6533203125, "i_loss": 0.03981363773345947, "l2_loss": 4936.26123046875, "total_loss": 3950.0, "_timestamp": 1678025206.4814134, "_runtime": 1197.0980594158173, "_step": 4999, "_wandb": {"runtime": 1196}}