{"frame0.png": {"intrinsics": [[2985.29, 0.0, 512.0], [0.0, 2985.29, 512.0], [0.0, 0.0, 1.0]], "pose": [[0.9095637202262878, -0.12204811722040176, 0.39723822474479675, -0.9931088089942932], [-0.10679949820041656, -0.9924455881118774, -0.06037978455424309, 0.15216128528118134], [0.40160655975341797, 0.012494411319494247, -0.9157270789146423, 2.483243227005005], [0.0, 0.0, 0.0, 1.0]]}, "frame1.png": {"intrinsics": [[2985.29, 0.0, 512.0], [0.0, 2985.29, 512.0], [0.0, 0.0, 1.0]], "pose": [[0.9240796566009521, -0.13089586794376373, 0.3590865135192871, -0.9384245872497559], [-0.11766550689935684, -0.9913251399993896, -0.05855986475944519, 0.1443113386631012], [0.36363673210144043, 0.011861875653266907, -0.9314653277397156, 2.599855422973633], [0.0, 0.0, 0.0, 1.0]]}, "frame2.png": {"intrinsics": [[2985.29, 0.0, 512.0], [0.0, 2985.29, 512.0], [0.0, 0.0, 1.0]], "pose": [[0.9485362768173218, -0.12882152199745178, 0.2892818748950958, -0.7687685489654541], [-0.12290861457586288, -0.9916672706604004, -0.038594845682382584, 0.0924452468752861], [0.2918432056903839, 0.0010533705353736877, -0.9564656019210815, 2.7120397090911865], [0.0, 0.0, 0.0, 1.0]]}, "frame3.png": {"intrinsics": [[2985.29, 0.0, 512.0], [0.0, 2985.29, 512.0], [0.0, 0.0, 1.0]], "pose": [[0.9866086840629578, -0.13451874256134033, 0.09223879873752594, -0.251170814037323], [-0.14588533341884613, -0.9806960821151733, 0.1302024871110916, -0.36760082840919495], [0.0729435533285141, -0.1419151872396469, -0.9871875643730164, 2.892646312713623], [0.0, 0.0, 0.0, 1.0]]}, "frame4.png": {"intrinsics": [[2985.29, 0.0, 512.0], [0.0, 2985.29, 512.0], [0.0, 0.0, 1.0]], "pose": [[0.9857485890388489, -0.031018437817692757, 0.16534076631069183, -0.4402654767036438], [-0.058237239718437195, -0.9850021600723267, 0.16241636872291565, -0.4362545907497406], [0.1578231155872345, -0.16973070800304413, -0.9727709889411926, 2.782991886138916], [0.0, 0.0, 0.0, 1.0]]}, "frame5.png": {"intrinsics": [[2985.29, 0.0, 512.0], [0.0, 2985.29, 512.0], [0.0, 0.0, 1.0]], "pose": [[0.9886864423751831, 0.05535266920924187, 0.13940992951393127, -0.38446491956710815], [0.0469890832901001, -0.9969326853752136, 0.0625881627202034, -0.1686939150094986], [0.14244674146175385, -0.055329330265522, -0.9882548451423645, 2.8947956562042236], [0.0, 0.0, 0.0, 1.0]]}}