{"w_std_temp": 8.882476604247264, "w_std_res_8": 8.875771093262827, "w_std_8": 10.839753398947781, "w_noise_scale_8": 0.0, "w_std_res_29": 8.881720606813749, "w_std_29": 10.842141000945109, "w_noise_scale_29": 0.0, "w_std_res_25": 8.892512651101487, "w_std_25": 10.84647470091089, "w_noise_scale_25": 0.0, "w_std_res_30": 8.872766004042933, "w_std_30": 10.838547833571848, "w_noise_scale_30": 0.0, "w_std_res_47": 8.879828791986927, "w_std_47": 10.84138167941476, "w_noise_scale_47": 0.0, "w_std_res_9": 8.908060780832157, "w_std_9": 10.852724477924887, "w_noise_scale_9": 0.0, "w_std_res_16": 8.902679547473333, "w_std_16": 10.85056059179663, "w_noise_scale_16": 0.0, "w_std_res_35": 8.898371515339198, "w_std_35": 10.848828889850278, "w_noise_scale_35": 0.0, "w_std_res_0": 8.899464520407955, "w_std_0": 10.849268192486534, "w_noise_scale_0": 0.0, "w_std_res_15": 8.9154816190714, "w_std_15": 10.855709960661256, "w_noise_scale_15": 0.0, "w_std_res_48": 8.915145995719868, "w_std_48": 10.855574899849847, "w_noise_scale_48": 0.0, "w_std_res_42": 8.912759024987716, "w_std_42": 10.854614438540644, "w_noise_scale_42": 0.0, "w_std_res_44": 8.929551098039587, "w_std_44": 10.86137483024709, "w_noise_scale_44": 0.0, "w_std_res_2": 8.895342004386341, "w_std_2": 10.847611452239152, "w_noise_scale_2": 0.0, "w_std_res_22": 8.9476917414493, "w_std_22": 10.868687708274628, "w_noise_scale_22": 0.0, "w_std_res_37": 8.89159891414362, "w_std_37": 10.84610763995545, "w_noise_scale_37": 0.0, "w_std_res_1": 8.914621942348425, "w_std_1": 10.85536401825153, "w_noise_scale_1": 0.0, "w_std_res_33": 8.949007888447747, "w_std_33": 10.869218660827235, "w_noise_scale_33": 0.0, "w_std_res_31": 8.932069154176988, "w_std_31": 10.862389319056375, "w_noise_scale_31": 0.0, "w_std_res_32": 8.858582526284891, "w_std_32": 10.83286148571789, "w_noise_scale_32": 0.0, "w_std_res_10": 8.910705464496063, "w_std_10": 10.853788271555237, "w_noise_scale_10": 0.0, "w_std_res_26": 8.88650222950515, "w_std_26": 10.844060694396264, "w_noise_scale_26": 0.0, "w_std_res_19": 8.942781656173878, "w_std_19": 10.8667073698752, "w_noise_scale_19": 0.0, "w_std_res_40": 8.88776195113258, "w_std_40": 10.844566554270392, "w_noise_scale_40": 0.0, "w_std_res_20": 8.918417127635374, "w_std_20": 10.856891406642372, "w_noise_scale_20": 0.0, "w_std_res_18": 8.896085427731682, "w_std_18": 10.84791017820368, "w_noise_scale_18": 0.0, "w_std_res_38": 8.834624709063764, "w_std_38": 10.823270372789363, "w_noise_scale_38": 0.0, "w_std_res_39": 8.908209872078677, "w_std_39": 10.85278444254054, "w_noise_scale_39": 0.0, "w_std_res_27": 8.888353070873142, "w_std_27": 10.84480394373845, "w_noise_scale_27": 0.0, "w_std_res_6": 8.942349645786615, "w_std_6": 10.866533165958451, "w_noise_scale_6": 0.0, "w_std_res_46": 8.922533797918616, "w_std_46": 10.858548669999596, "w_noise_scale_46": 0.0, "w_std_res_21": 8.928102576975693, "w_std_21": 10.860791328501344, "w_noise_scale_21": 0.0, "w_std_res_45": 8.926608748567398, "w_std_45": 10.860189642105704, "w_noise_scale_45": 0.0, "w_std_res_24": 8.899672132303527, "w_std_24": 10.84935164033432, "w_noise_scale_24": 0.0, "w_std_res_3": 8.905744722509175, "w_std_3": 10.851793043807323, "w_noise_scale_3": 0.0, "w_std_res_28": 8.903133665316949, "w_std_28": 10.850743166512835, "w_noise_scale_28": 0.0, "w_std_res_23": 8.885692942168326, "w_std_23": 10.843735738463245, "w_noise_scale_23": 0.0, "w_std_res_14": 8.881249560168884, "w_std_14": 10.84195192585265, "w_noise_scale_14": 0.0, "w_std_res_13": 8.87493309833939, "w_std_13": 10.839417189129682, "w_noise_scale_13": 0.0, "w_std_res_17": 8.872766004042933, "w_std_17": 10.838547833571848, "w_noise_scale_17": 0.0, "w_std_res_11": 8.90521836130367, "w_std_11": 10.851581383172915, "w_noise_scale_11": 0.0, "w_std_res_49": 8.874908010086639, "w_std_49": 10.839407123864063, "w_noise_scale_49": 0.0, "w_std_res_5": 8.909402512233916, "w_std_5": 10.853264147538749, "w_noise_scale_5": 0.0, "w_std_res_7": 8.891819449640215, "w_std_7": 10.846196229842516, "w_noise_scale_7": 0.0, "w_std_res_36": 8.921998795113122, "w_std_36": 10.85833326298286, "w_noise_scale_36": 0.0, "w_std_res_12": 8.886457393134792, "w_std_12": 10.844042690574396, "w_noise_scale_12": 0.0, "w_std_res_43": 8.877201751537475, "w_std_43": 10.840327438983335, "w_noise_scale_43": 0.0, "w_std_res_34": 8.888788145045421, "w_std_34": 10.84497867318673, "w_noise_scale_34": 0.0, "w_std_res_4": 8.887111454235285, "w_std_4": 10.844305331601467, "w_noise_scale_4": 0.0, "w_std_res_41": 8.943086540730778, "w_std_41": 10.866830314942348, "w_noise_scale_41": 0.0, "l2_loss": 23197.626953125, "lpips_loss": 38.680728912353516, "noise_reg": 528.3438720703125, "total_delta_reg": 31088.51171875, "total_loss": 23267.400390625, "step": 199, "t": 0.995, "lr_ramp": 0.0009866357858642205, "lr": 9.866357858642205e-06, "_timestamp": 1677849050.4811437, "_runtime": 1722.506309747696, "_step": 199, "_wandb": {"runtime": 1721}}