{"frame0.png": {"intrinsics": [[2985.29, 0.0, 512.0], [0.0, 2985.29, 512.0], [0.0, 0.0, 1.0]], "pose": [[0.9844911694526672, -0.11872787773609161, -0.12915407121181488, 0.34286007285118103], [-0.12365933507680893, -0.9918456673622131, -0.030829740688204765, 0.09221198409795761], [-0.12444055080413818, 0.046322714537382126, -0.9911451935768127, 2.826930522918701], [0.0, 0.0, 0.0, 1.0]]}, "frame1.png": {"intrinsics": [[2985.29, 0.0, 512.0], [0.0, 2985.29, 512.0], [0.0, 0.0, 1.0]], "pose": [[0.9810579419136047, -0.11360950022935867, -0.15690170228481293, 0.42642349004745483], [-0.12711313366889954, -0.9887479543685913, -0.0788658931851387, 0.22585996985435486], [-0.1461763083934784, 0.09731628000736237, -0.9844602942466736, 2.8369524478912354], [0.0, 0.0, 0.0, 1.0]]}, "frame2.png": {"intrinsics": [[2985.29, 0.0, 512.0], [0.0, 2985.29, 512.0], [0.0, 0.0, 1.0]], "pose": [[0.979017972946167, -0.14098505675792694, -0.14712931215763092, 0.4031965136528015], [-0.15654030442237854, -0.9825873374938965, -0.10008638352155685, 0.28376278281211853], [-0.13045673072338104, 0.12101803719997406, -0.9840404987335205, 2.8632357120513916], [0.0, 0.0, 0.0, 1.0]]}, "frame3.png": {"intrinsics": [[2985.29, 0.0, 512.0], [0.0, 2985.29, 512.0], [0.0, 0.0, 1.0]], "pose": [[0.9697103500366211, -0.1596900224685669, -0.18482670187950134, 0.5010992884635925], [-0.180745467543602, -0.9780982732772827, -0.10322220623493195, 0.28722867369651794], [-0.16429510712623596, 0.13350223004817963, -0.9773353338241577, 2.8162996768951416], [0.0, 0.0, 0.0, 1.0]]}}