{"frame0.png": {"intrinsics": [[2985.29, 0.0, 512.0], [0.0, 2985.29, 512.0], [0.0, 0.0, 1.0]], "pose": [[0.9846512079238892, 0.17437507212162018, -0.007435175124555826, 0.01798173040151596], [0.169246643781662, -0.9643636345863342, -0.2033674269914627, 0.5315626859664917], [-0.04263242334127426, 0.19898760318756104, -0.979074239730835, 2.732022523880005], [0.0, 0.0, 0.0, 1.0]]}, "frame1.png": {"intrinsics": [[2985.29, 0.0, 512.0], [0.0, 2985.29, 512.0], [0.0, 0.0, 1.0]], "pose": [[0.9831381440162659, 0.1774442344903946, -0.044193070381879807, 0.11893923580646515], [0.16489718854427338, -0.9647276997566223, -0.20520548522472382, 0.537078857421875], [-0.0790468081831932, 0.1944580078125, -0.9777206778526306, 2.7499637603759766], [0.0, 0.0, 0.0, 1.0]]}, "frame2.png": {"intrinsics": [[2985.29, 0.0, 512.0], [0.0, 2985.29, 512.0], [0.0, 0.0, 1.0]], "pose": [[0.9821353554725647, 0.18586918711662292, -0.02937294915318489, 0.07299937307834625], [0.1763426959514618, -0.9635729193687439, -0.20107316970825195, 0.5498337745666504], [-0.06567628681659698, 0.19230137765407562, -0.9791357517242432, 2.810164213180542], [0.0, 0.0, 0.0, 1.0]]}, "frame3.png": {"intrinsics": [[2985.29, 0.0, 512.0], [0.0, 2985.29, 512.0], [0.0, 0.0, 1.0]], "pose": [[0.9825588464736938, 0.18161314725875854, -0.039934057742357254, 0.10672406852245331], [0.16671007871627808, -0.9554696083068848, -0.24348609149456024, 0.6508434414863586], [-0.08237604796886444, 0.2325820028781891, -0.9690818786621094, 2.7590925693511963], [0.0, 0.0, 0.0, 1.0]]}, "frame4.png": {"intrinsics": [[2985.29, 0.0, 512.0], [0.0, 2985.29, 512.0], [0.0, 0.0, 1.0]], "pose": [[0.9415585994720459, -0.050922658294439316, 0.332977831363678, -0.8941400051116943], [-0.013307146728038788, -0.9933586120605469, -0.11428691446781158, 0.30728209018707275], [0.3365861773490906, 0.10317684710025787, -0.9359830021858215, 2.6882007122039795], [0.0, 0.0, 0.0, 1.0]]}, "frame5.png": {"intrinsics": [[2985.29, 0.0, 512.0], [0.0, 2985.29, 512.0], [0.0, 0.0, 1.0]], "pose": [[0.9855822324752808, -0.06528114527463913, -0.15609623491764069, 0.4133742153644562], [-0.0967535600066185, -0.9742961525917053, -0.20343486964702606, 0.5520182251930237], [-0.13880349695682526, 0.21560466289520264, -0.9665651321411133, 2.7663753032684326], [0.0, 0.0, 0.0, 1.0]]}, "frame6.png": {"intrinsics": [[2985.29, 0.0, 512.0], [0.0, 2985.29, 512.0], [0.0, 0.0, 1.0]], "pose": [[0.9828713536262512, -0.05460607260465622, -0.17601712048053741, 0.47690972685813904], [-0.08313745260238647, -0.9837653636932373, -0.15904052555561066, 0.43194642663002014], [-0.1644749790430069, 0.1709499955177307, -0.9714546203613281, 2.8003876209259033], [0.0, 0.0, 0.0, 1.0]]}}