{"frame0.png": {"intrinsics": [[2985.29, 0.0, 512.0], [0.0, 2985.29, 512.0], [0.0, 0.0, 1.0]], "pose": [[0.24832676351070404, -0.08790043741464615, -0.9646798968315125, 2.836374282836914], [-0.08560846745967865, -0.9939691424369812, 0.06853200495243073, -0.19966761767864227], [-0.9648860096931458, 0.06556643545627594, -0.2543541491031647, 0.9258518218994141], [0.0, 0.0, 0.0, 1.0]]}, "frame1.png": {"intrinsics": [[2985.29, 0.0, 512.0], [0.0, 2985.29, 512.0], [0.0, 0.0, 1.0]], "pose": [[0.6680672764778137, -0.008813987486064434, -0.7440486550331116, 2.0166985988616943], [-0.07675744593143463, -0.9954118132591248, -0.05712742358446121, 0.15613114833831787], [-0.7401313781738281, 0.09527623653411865, -0.6656786203384399, 1.9805759191513062], [0.0, 0.0, 0.0, 1.0]]}, "frame10.png": {"intrinsics": [[2985.29, 0.0, 512.0], [0.0, 2985.29, 512.0], [0.0, 0.0, 1.0]], "pose": [[0.8562410473823547, -0.0003983505303040147, -0.5165762901306152, 1.3944025039672852], [-0.16643965244293213, -0.9468848705291748, -0.2751486599445343, 0.7470623850822449], [-0.4890286922454834, 0.32157236337661743, -0.8108280301094055, 2.379093885421753], [0.0, 0.0, 0.0, 1.0]]}, "frame11.png": {"intrinsics": [[2985.29, 0.0, 512.0], [0.0, 2985.29, 512.0], [0.0, 0.0, 1.0]], "pose": [[0.8950868844985962, -0.007843248546123505, -0.4458228647708893, 1.2077350616455078], [-0.13142041862010956, -0.9600713849067688, -0.24696491658687592, 0.6757615208625793], [-0.4260847568511963, 0.27964526414871216, -0.8603780269622803, 2.5208137035369873], [0.0, 0.0, 0.0, 1.0]]}, "frame12.png": {"intrinsics": [[2985.29, 0.0, 512.0], [0.0, 2985.29, 512.0], [0.0, 0.0, 1.0]], "pose": [[0.9305715560913086, -0.036730654537677765, -0.3642629384994507, 0.9860239028930664], [-0.1322283297777176, -0.9615141153335571, -0.24084492027759552, 0.6549811363220215], [-0.34139755368232727, 0.27228930592536926, -0.8996145129203796, 2.6279971599578857], [0.0, 0.0, 0.0, 1.0]]}, "frame13.png": {"intrinsics": [[2985.29, 0.0, 512.0], [0.0, 2985.29, 512.0], [0.0, 0.0, 1.0]], "pose": [[0.9413407444953918, -0.04560485854744911, -0.33436182141304016, 0.9131144881248474], [-0.1355455219745636, -0.9584827423095703, -0.2508750855922699, 0.6868401765823364], [-0.309038907289505, 0.28148016333580017, -0.908440351486206, 2.6749088764190674], [0.0, 0.0, 0.0, 1.0]]}, "frame14.png": {"intrinsics": [[2985.29, 0.0, 512.0], [0.0, 2985.29, 512.0], [0.0, 0.0, 1.0]], "pose": [[0.8839346766471863, 0.0048997774720191956, -0.4675846993923187, 1.3265570402145386], [-0.11586889624595642, -0.9664657115936279, -0.22916918992996216, 0.6537553668022156], [-0.4530274271965027, 0.25674912333488464, -0.8537248373031616, 2.6056432723999023], [0.0, 0.0, 0.0, 1.0]]}, "frame2.png": {"intrinsics": [[2985.29, 0.0, 512.0], [0.0, 2985.29, 512.0], [0.0, 0.0, 1.0]], "pose": [[0.7783491015434265, 0.0248874481767416, -0.6273382306098938, 1.717494010925293], [-0.0920175164937973, -0.9839015603065491, -0.15320053696632385, 0.42132896184921265], [-0.6210518479347229, 0.17696960270404816, -0.7635288834571838, 2.2746152877807617], [0.0, 0.0, 0.0, 1.0]]}, "frame3.png": {"intrinsics": [[2985.29, 0.0, 512.0], [0.0, 2985.29, 512.0], [0.0, 0.0, 1.0]], "pose": [[0.8916493058204651, 0.003620526287704706, -0.45271238684654236, 1.2369869947433472], [-0.11062747240066528, -0.9679116010665894, -0.22562946379184723, 0.6270769834518433], [-0.43900245428085327, 0.251264750957489, -0.8626371622085571, 2.54422926902771], [0.0, 0.0, 0.0, 1.0]]}, "frame4.png": {"intrinsics": [[2985.29, 0.0, 512.0], [0.0, 2985.29, 512.0], [0.0, 0.0, 1.0]], "pose": [[0.8815140128135681, -0.01292522344738245, -0.47198083996772766, 1.2966994047164917], [-0.1270703375339508, -0.9692381620407104, -0.2107853889465332, 0.5883382558822632], [-0.4547373950481415, 0.24578505754470825, -0.8560394644737244, 2.5599205493927], [0.0, 0.0, 0.0, 1.0]]}, "frame5.png": {"intrinsics": [[2985.29, 0.0, 512.0], [0.0, 2985.29, 512.0], [0.0, 0.0, 1.0]], "pose": [[0.8591405153274536, 0.006742072757333517, -0.5116953253746033, 1.3826590776443481], [-0.12789836525917053, -0.9653512239456177, -0.2274617999792099, 0.6207558512687683], [-0.49549925327301025, 0.260866641998291, -0.8285101056098938, 2.4289114475250244], [0.0, 0.0, 0.0, 1.0]]}, "frame6.png": {"intrinsics": [[2985.29, 0.0, 512.0], [0.0, 2985.29, 512.0], [0.0, 0.0, 1.0]], "pose": [[0.8606250882148743, 0.018680721521377563, -0.5088963508605957, 1.4251651763916016], [-0.13991747796535492, -0.952191948890686, -0.2715761959552765, 0.7660641074180603], [-0.4896402359008789, 0.3049287796020508, -0.8168665170669556, 2.484375238418579], [0.0, 0.0, 0.0, 1.0]]}, "frame7.png": {"intrinsics": [[2985.29, 0.0, 512.0], [0.0, 2985.29, 512.0], [0.0, 0.0, 1.0]], "pose": [[0.8532132506370544, 0.009207353927195072, -0.5214808583259583, 1.4475771188735962], [-0.15755397081375122, -0.9485837817192078, -0.27452796697616577, 0.7644820809364319], [-0.4971959888935089, 0.31639227271080017, -0.8078936338424683, 2.4235455989837646], [0.0, 0.0, 0.0, 1.0]]}, "frame8.png": {"intrinsics": [[2985.29, 0.0, 512.0], [0.0, 2985.29, 512.0], [0.0, 0.0, 1.0]], "pose": [[0.8556548953056335, 0.004709530156105757, -0.5175254344940186, 1.4137917757034302], [-0.15316195785999298, -0.9528632760047913, -0.26190268993377686, 0.7234411239624023], [-0.4943644404411316, 0.30336353182792664, -0.8146007657051086, 2.4153523445129395], [0.0, 0.0, 0.0, 1.0]]}, "frame9.png": {"intrinsics": [[2985.29, 0.0, 512.0], [0.0, 2985.29, 512.0], [0.0, 0.0, 1.0]], "pose": [[0.8447794914245605, 0.011111686006188393, -0.5349991917610168, 1.523244857788086], [-0.15980152785778046, -0.9489244818687439, -0.2720400393009186, 0.7759959697723389], [-0.5106967091560364, 0.31530752778053284, -0.7998563051223755, 2.468123197555542], [0.0, 0.0, 0.0, 1.0]]}}