{"frame0.png": {"intrinsics": [[2985.29, 0.0, 512.0], [0.0, 2985.29, 512.0], [0.0, 0.0, 1.0]], "pose": [[0.9915674924850464, 0.030008627101778984, -0.1260688155889511, 0.31812235713005066], [0.042944394052028656, -0.9939409494400024, 0.10117857158184052, -0.2596956193447113], [-0.12226872891187668, -0.10573933273553848, -0.9868482947349548, 2.7734899520874023], [0.0, 0.0, 0.0, 1.0]]}, "frame1.png": {"intrinsics": [[2985.29, 0.0, 512.0], [0.0, 2985.29, 512.0], [0.0, 0.0, 1.0]], "pose": [[0.9453587532043457, -0.06983493268489838, -0.3184650242328644, 0.8702726364135742], [-0.08673692494630814, -0.9954602122306824, -0.039186783134937286, 0.12217768281698227], [-0.3142826557159424, 0.06466824561357498, -0.9471243023872375, 2.7509281635284424], [0.0, 0.0, 0.0, 1.0]]}, "frame2.png": {"intrinsics": [[2985.29, 0.0, 512.0], [0.0, 2985.29, 512.0], [0.0, 0.0, 1.0]], "pose": [[0.8631744384765625, -0.12480083853006363, -0.48923876881599426, 1.278915524482727], [-0.10385547578334808, -0.9921364784240723, 0.06985151767730713, -0.1771649718284607], [-0.4941091537475586, -0.009483925998210907, -0.8693481683731079, 2.4707374572753906], [0.0, 0.0, 0.0, 1.0]]}, "frame3.png": {"intrinsics": [[2985.29, 0.0, 512.0], [0.0, 2985.29, 512.0], [0.0, 0.0, 1.0]], "pose": [[0.914951503276825, -0.06503026932477951, -0.39828982949256897, 1.0529088973999023], [-0.04506088048219681, -0.9972221851348877, 0.05930633097887039, -0.15466713905334473], [-0.4010401666164398, -0.03631512075662613, -0.9153403639793396, 2.5968315601348877], [0.0, 0.0, 0.0, 1.0]]}, "frame4.png": {"intrinsics": [[2985.29, 0.0, 512.0], [0.0, 2985.29, 512.0], [0.0, 0.0, 1.0]], "pose": [[0.9725291132926941, -0.06307181715965271, -0.2240738868713379, 0.6137650012969971], [-0.07908168435096741, -0.9948627352714539, -0.06319989264011383, 0.18746808171272278], [-0.21893662214279175, 0.07918387651443481, -0.9725207686424255, 2.827026128768921], [0.0, 0.0, 0.0, 1.0]]}, "frame5.png": {"intrinsics": [[2985.29, 0.0, 512.0], [0.0, 2985.29, 512.0], [0.0, 0.0, 1.0]], "pose": [[0.9713443517684937, -0.07012362033128738, -0.22709649801254272, 0.5995464324951172], [-0.07710671424865723, -0.9967797994613647, -0.022014232352375984, 0.05562803894281387], [-0.22482149302959442, 0.03889406472444534, -0.9736233949661255, 2.7487802505493164], [0.0, 0.0, 0.0, 1.0]]}}