{"w_std_temp": 8.8825012313537, "w_std_res_8": 8.87890583067531, "w_std_8": 10.84103144596952, "w_noise_scale_8": 0.0, "w_std_res_29": 8.886122871505885, "w_std_29": 10.843928539596478, "w_noise_scale_29": 0.0, "w_std_res_25": 8.85924217272561, "w_std_25": 10.833146003989329, "w_noise_scale_25": 0.0, "w_std_res_30": 8.883890353471276, "w_std_30": 10.84303218445491, "w_noise_scale_30": 0.0, "w_std_res_47": 8.938448813272917, "w_std_47": 10.864980581983339, "w_noise_scale_47": 0.0, "w_std_res_9": 8.930009098539598, "w_std_9": 10.861579477681872, "w_noise_scale_9": 0.0, "w_std_res_16": 8.911981489124626, "w_std_16": 10.854321766726144, "w_noise_scale_16": 0.0, "w_std_res_35": 8.915490820055842, "w_std_35": 10.855733814009303, "w_noise_scale_35": 0.0, "w_std_res_0": 8.929572970612872, "w_std_0": 10.861403781711413, "w_noise_scale_0": 0.0, "w_std_res_15": 8.918515238676223, "w_std_15": 10.856951046017707, "w_noise_scale_15": 0.0, "w_std_res_48": 8.916240449314946, "w_std_48": 10.856035490108717, "w_noise_scale_48": 0.0, "w_std_res_42": 8.909100859514387, "w_std_42": 10.85316296782878, "w_noise_scale_42": 0.0, "w_std_res_44": 8.879777763266375, "w_std_44": 10.841381376754994, "w_noise_scale_44": 0.0, "w_std_res_2": 8.906478067255318, "w_std_2": 10.852108108133875, "w_noise_scale_2": 0.0, "w_std_res_22": 8.89157650883689, "w_std_22": 10.846118808270772, "w_noise_scale_22": 0.0, "w_std_res_37": 8.92717979333339, "w_std_37": 10.86043978233041, "w_noise_scale_37": 0.0, "w_std_res_1": 8.910649352039389, "w_std_1": 10.853785853044549, "w_noise_scale_1": 0.0, "w_std_res_33": 8.892043054748441, "w_std_33": 10.84630622248307, "w_noise_scale_33": 0.0, "w_std_res_31": 8.894598079733564, "w_std_31": 10.847332707859568, "w_noise_scale_31": 0.0, "w_std_res_32": 8.886077154037096, "w_std_32": 10.843910182534481, "w_noise_scale_32": 0.0, "w_std_res_10": 8.923066579797553, "w_std_10": 10.858783336399846, "w_noise_scale_10": 0.0, "w_std_res_26": 8.923299908105745, "w_std_26": 10.858877287155426, "w_noise_scale_26": 0.0, "w_std_res_19": 8.893769325347943, "w_std_19": 10.846999732789017, "w_noise_scale_19": 0.0, "w_std_res_40": 8.909367875304062, "w_std_40": 10.853270370463227, "w_noise_scale_40": 0.0, "w_std_res_20": 8.917137643324791, "w_std_20": 10.85639657356436, "w_noise_scale_20": 0.0, "w_std_res_18": 8.931027376511619, "w_std_18": 10.861989717588578, "w_noise_scale_18": 0.0, "w_std_res_38": 8.902785290991803, "w_std_38": 10.850623264788755, "w_noise_scale_38": 0.0, "w_std_res_39": 8.901525062454185, "w_std_39": 10.850116628837451, "w_noise_scale_39": 0.0, "w_std_res_27": 8.886467063743611, "w_std_27": 10.844066746094382, "w_noise_scale_27": 0.0, "w_std_res_6": 8.898764837043398, "w_std_6": 10.849007133431613, "w_noise_scale_6": 0.0, "w_std_res_46": 8.873521003525038, "w_std_46": 10.838870876387448, "w_noise_scale_46": 0.0, "w_std_res_21": 8.885070430925126, "w_std_21": 10.843505966274238, "w_noise_scale_21": 0.0, "w_std_res_45": 8.849336574709994, "w_std_45": 10.829178152247982, "w_noise_scale_45": 0.0, "w_std_res_24": 8.907259591900306, "w_std_24": 10.852422407433973, "w_noise_scale_24": 0.0, "w_std_res_3": 8.923299908105745, "w_std_3": 10.858877287155426, "w_noise_scale_3": 0.0, "w_std_res_28": 8.879777763266375, "w_std_28": 10.841381376754994, "w_noise_scale_28": 0.0, "w_std_res_23": 8.926672637382868, "w_std_23": 10.86023551626529, "w_noise_scale_23": 0.0, "w_std_res_14": 8.887762830150228, "w_std_14": 10.844587078642045, "w_noise_scale_14": 0.0, "w_std_res_13": 8.870541133437126, "w_std_13": 10.837675632948239, "w_noise_scale_13": 0.0, "w_std_res_17": 8.910006663858338, "w_std_17": 10.853527321221428, "w_noise_scale_17": 0.0, "w_std_res_11": 8.870541133437126, "w_std_11": 10.837675632948239, "w_noise_scale_11": 0.0, "w_std_res_49": 8.923411535814092, "w_std_49": 10.858922235165652, "w_noise_scale_49": 0.0, "w_std_res_5": 8.926915060646651, "w_std_5": 10.860333155571242, "w_noise_scale_5": 0.0, "w_std_res_7": 8.88658135195982, "w_std_7": 10.844112638028527, "w_noise_scale_7": 0.0, "w_std_res_36": 8.910375360359405, "w_std_36": 10.85367563388666, "w_noise_scale_36": 0.0, "w_std_res_12": 8.85862838564752, "w_std_12": 10.8329000546368, "w_noise_scale_12": 0.0, "w_std_res_43": 8.903910218971212, "w_std_43": 10.851075547929568, "w_noise_scale_43": 0.0, "w_std_res_34": 8.920938764362191, "w_std_34": 10.857926637225681, "w_noise_scale_34": 0.0, "w_std_res_4": 8.899624289822576, "w_std_4": 10.849352572849682, "w_noise_scale_4": 0.0, "w_std_res_41": 8.889293507501032, "w_std_41": 10.84520180843238, "w_noise_scale_41": 0.0, "l2_loss": 12.085555076599121, "lpips_loss": 9.916592597961426, "noise_reg": 4.44327436172412e-13, "total_delta_reg": 32460.46484375, "total_loss": 9.916592597961426, "step": 199, "t": 0.995, "lr_ramp": 0.0009866357858642205, "lr": 9.866357858642205e-06, "_timestamp": 1677765903.8255012, "_runtime": 1573.8975563049316, "_step": 199, "_wandb": {"runtime": 1572}}