{"frame0.png": {"intrinsics": [[2985.29, 0.0, 512.0], [0.0, 2985.29, 512.0], [0.0, 0.0, 1.0]], "pose": [[0.9054356813430786, 0.06299585849046707, -0.4197830855846405, 1.1366430521011353], [0.01600715145468712, -0.9932902455329895, -0.11453469842672348, 0.31054359674453735], [-0.42418166995048523, 0.09698425233364105, -0.9003688097000122, 2.6123580932617188], [0.0, 0.0, 0.0, 1.0]]}, "frame1.png": {"intrinsics": [[2985.29, 0.0, 512.0], [0.0, 2985.29, 512.0], [0.0, 0.0, 1.0]], "pose": [[0.9109293222427368, 0.053288497030735016, -0.40910643339157104, 1.1339490413665771], [0.009923096746206284, -0.9941662549972534, -0.10740087181329727, 0.3092072308063507], [-0.41244304180145264, 0.09377500414848328, -0.9061440229415894, 2.6880340576171875], [0.0, 0.0, 0.0, 1.0]]}, "frame2.png": {"intrinsics": [[2985.29, 0.0, 512.0], [0.0, 2985.29, 512.0], [0.0, 0.0, 1.0]], "pose": [[0.9136651754379272, 0.05569912865757942, -0.40263327956199646, 1.0895054340362549], [0.011914558708667755, -0.9938108921051025, -0.11044412851333618, 0.3132520020008087], [-0.40629297494888306, 0.09611175209283829, -0.9086740612983704, 2.634941816329956], [0.0, 0.0, 0.0, 1.0]]}, "frame3.png": {"intrinsics": [[2985.29, 0.0, 512.0], [0.0, 2985.29, 512.0], [0.0, 0.0, 1.0]], "pose": [[0.8795441389083862, 0.048086605966091156, -0.4733812212944031, 1.3048838376998901], [-0.010060690343379974, -0.9927783012390137, -0.11954036355018616, 0.3397296667098999], [-0.4757108986377716, 0.10990356653928757, -0.8727085590362549, 2.581087589263916], [0.0, 0.0, 0.0, 1.0]]}}