{"frame0.png": {"intrinsics": [[2985.29, 0.0, 512.0], [0.0, 2985.29, 512.0], [0.0, 0.0, 1.0]], "pose": [[0.98000168800354, -0.07819356769323349, -0.18298208713531494, 0.49730509519577026], [-0.08441491425037384, -0.9960795640945435, -0.026449285447597504, 0.0716773197054863], [-0.18019655346870422, 0.04136676341295242, -0.9827604293823242, 2.8078463077545166], [0.0, 0.0, 0.0, 1.0]]}, "frame1.png": {"intrinsics": [[2985.29, 0.0, 512.0], [0.0, 2985.29, 512.0], [0.0, 0.0, 1.0]], "pose": [[0.991054117679596, -0.11669319868087769, -0.06476455181837082, 0.1693330854177475], [-0.12311113625764847, -0.9867120385169983, -0.10603363066911697, 0.2759378254413605], [-0.051530562341213226, 0.11305830627679825, -0.9922511577606201, 2.7649941444396973], [0.0, 0.0, 0.0, 1.0]]}, "frame10.png": {"intrinsics": [[2985.29, 0.0, 512.0], [0.0, 2985.29, 512.0], [0.0, 0.0, 1.0]], "pose": [[0.9162678122520447, -0.25437813997268677, 0.30942702293395996, -0.7847808599472046], [-0.20342427492141724, -0.9609472155570984, -0.1876140683889389, 0.47708860039711], [0.34506791830062866, 0.10895976424217224, -0.9322316646575928, 2.528229236602783], [0.0, 0.0, 0.0, 1.0]]}, "frame11.png": {"intrinsics": [[2985.29, 0.0, 512.0], [0.0, 2985.29, 512.0], [0.0, 0.0, 1.0]], "pose": [[0.9557054042816162, -0.12404514849185944, 0.2669082283973694, -0.6749724745750427], [-0.1441539227962494, -0.987910270690918, 0.05703532695770264, -0.14481551945209503], [0.25660645961761475, -0.09298484027385712, -0.9620327353477478, 2.5796618461608887], [0.0, 0.0, 0.0, 1.0]]}, "frame12.png": {"intrinsics": [[2985.29, 0.0, 512.0], [0.0, 2985.29, 512.0], [0.0, 0.0, 1.0]], "pose": [[0.9974179863929749, -0.060952380299568176, 0.03797752782702446, -0.10197806358337402], [-0.05927077680826187, -0.9972746968269348, -0.043934598565101624, 0.11733686178922653], [0.04055194556713104, 0.04157020151615143, -0.9983123540878296, 2.7715213298797607], [0.0, 0.0, 0.0, 1.0]]}, "frame13.png": {"intrinsics": [[2985.29, 0.0, 512.0], [0.0, 2985.29, 512.0], [0.0, 0.0, 1.0]], "pose": [[0.906836748123169, -0.2842167913913727, -0.31123608350753784, 0.782896101474762], [-0.2507207989692688, -0.9573332071304321, 0.14370864629745483, -0.3668487071990967], [-0.3388010561466217, -0.052286915481090546, -0.9394040703773499, 2.545356512069702], [0.0, 0.0, 0.0, 1.0]]}, "frame2.png": {"intrinsics": [[2985.29, 0.0, 512.0], [0.0, 2985.29, 512.0], [0.0, 0.0, 1.0]], "pose": [[0.9924380779266357, -0.1217973455786705, -0.015229065902531147, 0.040870241820812225], [-0.12271082401275635, -0.9815305471420288, -0.14676453173160553, 0.38759952783584595], [0.002927737310528755, 0.14752350747585297, -0.9890542030334473, 2.729745388031006], [0.0, 0.0, 0.0, 1.0]]}, "frame3.png": {"intrinsics": [[2985.29, 0.0, 512.0], [0.0, 2985.29, 512.0], [0.0, 0.0, 1.0]], "pose": [[0.9757931232452393, -0.17182759940624237, -0.13528867065906525, 0.3569287955760956], [-0.18112927675247192, -0.9816484451293945, -0.05965312570333481, 0.16392283141613007], [-0.12255585938692093, 0.08271384984254837, -0.9890088438987732, 2.7535243034362793], [0.0, 0.0, 0.0, 1.0]]}, "frame4.png": {"intrinsics": [[2985.29, 0.0, 512.0], [0.0, 2985.29, 512.0], [0.0, 0.0, 1.0]], "pose": [[0.9890854358673096, -0.13990749418735504, -0.04621564969420433, 0.11905249953269958], [-0.1286657452583313, -0.9729653596878052, 0.1917906105518341, -0.4999937117099762], [-0.07179916650056839, -0.1837509423494339, -0.9803471565246582, 2.720353364944458], [0.0, 0.0, 0.0, 1.0]]}, "frame5.png": {"intrinsics": [[2985.29, 0.0, 512.0], [0.0, 2985.29, 512.0], [0.0, 0.0, 1.0]], "pose": [[0.9383042454719543, -0.14419911801815033, -0.31431150436401367, 0.8614740967750549], [-0.13035598397254944, -0.9893510341644287, 0.06474457681179047, -0.16668838262557983], [-0.32030051946640015, -0.019777730107307434, -0.9471095204353333, 2.748500347137451], [0.0, 0.0, 0.0, 1.0]]}, "frame6.png": {"intrinsics": [[2985.29, 0.0, 512.0], [0.0, 2985.29, 512.0], [0.0, 0.0, 1.0]], "pose": [[0.9732527732849121, -0.19597803056240082, -0.11988190561532974, 0.3064698576927185], [-0.20054791867733002, -0.9793061017990112, -0.02720467746257782, 0.06617752462625504], [-0.11206956207752228, 0.05051909387111664, -0.9924153089523315, 2.7016215324401855], [0.0, 0.0, 0.0, 1.0]]}, "frame7.png": {"intrinsics": [[2985.29, 0.0, 512.0], [0.0, 2985.29, 512.0], [0.0, 0.0, 1.0]], "pose": [[0.8788882493972778, -0.25631317496299744, -0.4023170471191406, 1.0696206092834473], [-0.23065999150276184, -0.9665777683258057, 0.11190751194953918, -0.2958109974861145], [-0.41755411028862, -0.005555763840675354, -0.9086350798606873, 2.5683205127716064], [0.0, 0.0, 0.0, 1.0]]}, "frame8.png": {"intrinsics": [[2985.29, 0.0, 512.0], [0.0, 2985.29, 512.0], [0.0, 0.0, 1.0]], "pose": [[0.9970546364784241, -0.07110640406608582, 0.028740203008055687, -0.078081876039505], [-0.07182027399539948, -0.9971137046813965, 0.024619150906801224, -0.06302466988563538], [0.02690667286515236, -0.02661076746881008, -0.9992837309837341, 2.7716636657714844], [0.0, 0.0, 0.0, 1.0]]}, "frame9.png": {"intrinsics": [[2985.29, 0.0, 512.0], [0.0, 2985.29, 512.0], [0.0, 0.0, 1.0]], "pose": [[0.9748274683952332, -0.2149302065372467, 0.059298302978277206, -0.1607620120048523], [-0.21284662187099457, -0.9762853980064392, -0.03953701630234718, 0.10557743906974792], [0.0663897693157196, 0.025920329615473747, -0.9974570274353027, 2.743236541748047], [0.0, 0.0, 0.0, 1.0]]}}