{"w_std_temp": 8.882476604247264, "w_std_res_8": 8.911764520845464, "w_std_8": 10.854214324111625, "w_noise_scale_8": 0.0, "w_std_res_29": 8.935858240818282, "w_std_29": 10.863916248296468, "w_noise_scale_29": 0.0, "w_std_res_25": 8.937974637746517, "w_std_25": 10.864769304097074, "w_noise_scale_25": 0.0, "w_std_res_30": 8.917756601999182, "w_std_30": 10.856625544022645, "w_noise_scale_30": 0.0, "w_std_res_47": 8.921279861936851, "w_std_47": 10.858043814092389, "w_noise_scale_47": 0.0, "w_std_res_9": 8.891340151377632, "w_std_9": 10.846003695918373, "w_noise_scale_9": 0.0, "w_std_res_16": 8.92282580310184, "w_std_16": 10.858666243057892, "w_noise_scale_16": 0.0, "w_std_res_35": 8.930104895100616, "w_std_35": 10.861597930754709, "w_noise_scale_35": 0.0, "w_std_res_0": 8.881110572445317, "w_std_0": 10.841896138360669, "w_noise_scale_0": 0.0, "w_std_res_15": 8.891758385578187, "w_std_15": 10.846171700045828, "w_noise_scale_15": 0.0, "w_std_res_48": 8.95325141708307, "w_std_48": 10.870930916180775, "w_noise_scale_48": 0.0, "w_std_res_42": 8.921624887037114, "w_std_42": 10.858182722318224, "w_noise_scale_42": 0.0, "w_std_res_44": 8.895618215587941, "w_std_44": 10.84772243880599, "w_noise_scale_44": 0.0, "w_std_res_2": 8.909082444337352, "w_std_2": 10.853135405264233, "w_noise_scale_2": 0.0, "w_std_res_22": 8.871695687691277, "w_std_22": 10.838118516087098, "w_noise_scale_22": 0.0, "w_std_res_37": 8.895618215587941, "w_std_37": 10.84772243880599, "w_noise_scale_37": 0.0, "w_std_res_1": 8.875771093262827, "w_std_1": 10.839753398947781, "w_noise_scale_1": 0.0, "w_std_res_33": 8.957533055339512, "w_std_33": 10.872659097910457, "w_noise_scale_33": 0.0, "w_std_res_31": 8.907649451454631, "w_std_31": 10.852559044414363, "w_noise_scale_31": 0.0, "w_std_res_32": 8.889422260473399, "w_std_32": 10.845233349552696, "w_noise_scale_32": 0.0, "w_std_res_10": 8.895490430549629, "w_std_10": 10.84767109222067, "w_noise_scale_10": 0.0, "w_std_res_26": 8.936183906595701, "w_std_26": 10.864047505562786, "w_noise_scale_26": 0.0, "w_std_res_19": 8.893236545262923, "w_std_19": 10.846765517309757, "w_noise_scale_19": 0.0, "w_std_res_40": 8.899375416988542, "w_std_40": 10.84923237851992, "w_noise_scale_40": 0.0, "w_std_res_20": 8.907188108488558, "w_std_20": 10.85237350191192, "w_noise_scale_20": 0.0, "w_std_res_18": 8.86194153741154, "w_std_18": 10.834207606148453, "w_noise_scale_18": 0.0, "w_std_res_38": 8.924238850596728, "w_std_38": 10.859235229316335, "w_noise_scale_38": 0.0, "w_std_res_39": 8.907377121661572, "w_std_39": 10.852449518282727, "w_noise_scale_39": 0.0, "w_std_res_27": 8.901858127660764, "w_std_27": 10.850230361897852, "w_noise_scale_27": 0.0, "w_std_res_6": 8.891819449640215, "w_std_6": 10.846196229842516, "w_noise_scale_6": 0.0, "w_std_res_46": 8.928102576975693, "w_std_46": 10.860791328501344, "w_noise_scale_46": 0.0, "w_std_res_21": 8.920962847417313, "w_std_21": 10.857916186186463, "w_noise_scale_21": 0.0, "w_std_res_45": 8.91091281449325, "w_std_45": 10.853871684651288, "w_noise_scale_45": 0.0, "w_std_res_24": 8.915388732410943, "w_std_24": 10.855672581074836, "w_noise_scale_24": 0.0, "w_std_res_3": 8.894476867697167, "w_std_3": 10.847263839904512, "w_noise_scale_3": 0.0, "w_std_res_28": 8.895490430549629, "w_std_28": 10.84767109222067, "w_noise_scale_28": 0.0, "w_std_res_23": 8.91195650516765, "w_std_23": 10.854291561981372, "w_noise_scale_23": 0.0, "w_std_res_14": 8.875771093262827, "w_std_14": 10.839753398947781, "w_noise_scale_14": 0.0, "w_std_res_13": 8.88772019769412, "w_std_13": 10.844549786788063, "w_noise_scale_13": 0.0, "w_std_res_17": 8.894853234455304, "w_std_17": 10.847415061461648, "w_noise_scale_17": 0.0, "w_std_res_11": 8.933829228695833, "w_std_11": 10.863098541478623, "w_noise_scale_11": 0.0, "w_std_res_49": 8.915759835117813, "w_std_49": 10.855821922331584, "w_noise_scale_49": 0.0, "w_std_res_5": 8.903277135414802, "w_std_5": 10.850800848900509, "w_noise_scale_5": 0.0, "w_std_res_7": 8.912758586711524, "w_std_7": 10.854614262204347, "w_noise_scale_7": 0.0, "w_std_res_36": 8.9000544239909, "w_std_36": 10.849505302662422, "w_noise_scale_36": 0.0, "w_std_res_12": 8.911287610384932, "w_std_12": 10.854022461454093, "w_noise_scale_12": 0.0, "w_std_res_43": 8.905327145169906, "w_std_43": 10.851625126709132, "w_noise_scale_43": 0.0, "w_std_res_34": 8.923421166374474, "w_std_34": 10.858905968288195, "w_noise_scale_34": 0.0, "w_std_res_4": 8.899584786662802, "w_std_4": 10.849316532332809, "w_noise_scale_4": 0.0, "w_std_res_41": 8.934104687236433, "w_std_41": 10.863209546014705, "w_noise_scale_41": 0.0, "l2_loss": 36.35257339477539, "lpips_loss": 13.793841361999512, "noise_reg": 2.2134009035335023e-13, "total_delta_reg": 0.0, "total_loss": 13.793841361999512, "step": 199, "t": 0.995, "lr_ramp": 0.0009866357858642205, "lr": 9.866357858642205e-06, "_timestamp": 1677819610.2018497, "_runtime": 2175.110835790634, "_step": 199, "_wandb": {"runtime": 2174}}