{"step": 89, "c_loss": 0.74609375, "i_loss": 0.07445800304412842, "l2_loss": 0.839681088924408, "total_loss": 0.75341796875, "_timestamp": 1678027580.5326126, "_runtime": 341.6737334728241, "_step": 1389}