{"frame0.png": {"intrinsics": [[2985.29, 0.0, 512.0], [0.0, 2985.29, 512.0], [0.0, 0.0, 1.0]], "pose": [[0.992181122303009, -0.026342181488871574, 0.12199467420578003, -0.319170206785202], [-0.007612461224198341, -0.9884252548217773, -0.1515175700187683, 0.40338563919067383], [0.12457391619682312, 0.14940418303012848, -0.9808974266052246, 2.7809417247772217], [0.0, 0.0, 0.0, 1.0]]}, "frame1.png": {"intrinsics": [[2985.29, 0.0, 512.0], [0.0, 2985.29, 512.0], [0.0, 0.0, 1.0]], "pose": [[0.9921680092811584, -0.020445117726922035, 0.12322581559419632, -0.3356180787086487], [0.0035011284053325653, -0.9815743565559387, -0.1910485178232193, 0.522397518157959], [0.12486130744218826, 0.18998366594314575, -0.9738150835037231, 2.83589243888855], [0.0, 0.0, 0.0, 1.0]]}}