{"frame0.png": {"intrinsics": [[2985.29, 0.0, 512.0], [0.0, 2985.29, 512.0], [0.0, 0.0, 1.0]], "pose": [[0.8936554193496704, -0.4486933946609497, 0.0073646861128509045, -0.02093762345612049], [-0.44775545597076416, -0.8926413059234619, -0.052024733275175095, 0.15012870728969574], [0.029917176812887192, 0.04319460690021515, -0.9986186623573303, 2.9205403327941895], [0.0, 0.0, 0.0, 1.0]]}, "frame1.png": {"intrinsics": [[2985.29, 0.0, 512.0], [0.0, 2985.29, 512.0], [0.0, 0.0, 1.0]], "pose": [[0.8985984325408936, -0.43820327520370483, 0.022330885753035545, -0.060033559799194336], [-0.4368366301059723, -0.89825040102005, -0.048165444284677505, 0.13574206829071045], [0.041164983063936234, 0.03352644667029381, -0.9985896944999695, 2.9111263751983643], [0.0, 0.0, 0.0, 1.0]]}, "frame2.png": {"intrinsics": [[2985.29, 0.0, 512.0], [0.0, 2985.29, 512.0], [0.0, 0.0, 1.0]], "pose": [[0.9051528573036194, -0.4240821897983551, 0.029200145974755287, -0.08414284884929657], [-0.4223027527332306, -0.9049499034881592, -0.052211564034223557, 0.14681832492351532], [0.04856666177511215, 0.03492814302444458, -0.9982090592384338, 2.941920518875122], [0.0, 0.0, 0.0, 1.0]]}, "frame3.png": {"intrinsics": [[2985.29, 0.0, 512.0], [0.0, 2985.29, 512.0], [0.0, 0.0, 1.0]], "pose": [[0.9147616028785706, -0.40251484513282776, 0.0345400832593441, -0.09258235991001129], [-0.4014558494091034, -0.9152547717094421, -0.033793751150369644, 0.10049666464328766], [0.045215461403131485, 0.017046907916665077, -0.9988318085670471, 2.909998893737793], [0.0, 0.0, 0.0, 1.0]]}}