{"frame0.png": {"intrinsics": [[2985.29, 0.0, 512.0], [0.0, 2985.29, 512.0], [0.0, 0.0, 1.0]], "pose": [[0.980217456817627, -0.03301725164055824, -0.19515010714530945, 0.5325900316238403], [0.0017728619277477264, -0.9844833612442017, 0.17546868324279785, -0.48865222930908203], [-0.19791553914546967, -0.1723434329032898, -0.9649493098258972, 2.8023946285247803], [0.0, 0.0, 0.0, 1.0]]}, "frame1.png": {"intrinsics": [[2985.29, 0.0, 512.0], [0.0, 2985.29, 512.0], [0.0, 0.0, 1.0]], "pose": [[0.9765557646751404, 0.07264731824398041, -0.2026357352733612, 0.5550119876861572], [0.04513174295425415, -0.9895079731941223, -0.1372484266757965, 0.3809891641139984], [-0.21048040688037872, 0.1248854398727417, -0.9695883989334106, 2.8524603843688965], [0.0, 0.0, 0.0, 1.0]]}, "frame2.png": {"intrinsics": [[2985.29, 0.0, 512.0], [0.0, 2985.29, 512.0], [0.0, 0.0, 1.0]], "pose": [[0.9765780568122864, 0.06545556336641312, -0.20496530830860138, 0.5506315231323242], [0.032660748809576035, -0.9866616129875183, -0.15947440266609192, 0.4326602816581726], [-0.21266989409923553, 0.14904488623142242, -0.965690016746521, 2.7817704677581787], [0.0, 0.0, 0.0, 1.0]]}, "frame3.png": {"intrinsics": [[2985.29, 0.0, 512.0], [0.0, 2985.29, 512.0], [0.0, 0.0, 1.0]], "pose": [[0.9782873392105103, 0.05278652906417847, -0.20041809976100922, 0.5503562688827515], [0.020697902888059616, -0.9870703816413879, -0.15894533693790436, 0.44133108854293823], [-0.2062169462442398, 0.15134596824645996, -0.966731071472168, 2.8476974964141846], [0.0, 0.0, 0.0, 1.0]]}}