{"frame0.png": {"intrinsics": [[2985.29, 0.0, 512.0], [0.0, 2985.29, 512.0], [0.0, 0.0, 1.0]], "pose": [[0.9481652975082397, -0.14291703701019287, -0.28382638096809387, 0.782189130783081], [-0.15555712580680847, -0.9875733256340027, -0.022382738068699837, 0.07293052226305008], [-0.27710047364234924, 0.0653737485408783, -0.9586144685745239, 2.81242299079895], [0.0, 0.0, 0.0, 1.0]]}, "frame1.png": {"intrinsics": [[2985.29, 0.0, 512.0], [0.0, 2985.29, 512.0], [0.0, 0.0, 1.0]], "pose": [[0.9726522564888, -0.12369881570339203, -0.19658629596233368, 0.5300431847572327], [-0.11190098524093628, -0.9912457466125488, 0.07007188349962234, -0.18140938878059387], [-0.2035331428050995, -0.04615738242864609, -0.9779794216156006, 2.8173623085021973], [0.0, 0.0, 0.0, 1.0]]}, "frame2.png": {"intrinsics": [[2985.29, 0.0, 512.0], [0.0, 2985.29, 512.0], [0.0, 0.0, 1.0]], "pose": [[0.9919488430023193, -0.09533850103616714, -0.0833548828959465, 0.22005265951156616], [-0.09491010755300522, -0.9954442381858826, 0.009095972403883934, -0.020238539204001427], [-0.08384232968091965, -0.0011115185916423798, -0.9964783787727356, 2.775846242904663], [0.0, 0.0, 0.0, 1.0]]}}