{"frame0.png": {"intrinsics": [[2985.29, 0.0, 512.0], [0.0, 2985.29, 512.0], [0.0, 0.0, 1.0]], "pose": [[0.9883248805999756, 0.022458476945757866, 0.1506965160369873, -0.41212767362594604], [0.05049087852239609, -0.9814651608467102, -0.1848694533109665, 0.5194649696350098], [0.14375150203704834, 0.19031989574432373, -0.971140444278717, 2.7978665828704834], [0.0, 0.0, 0.0, 1.0]]}, "frame1.png": {"intrinsics": [[2985.29, 0.0, 512.0], [0.0, 2985.29, 512.0], [0.0, 0.0, 1.0]], "pose": [[0.9153666496276855, -0.06601450592279434, 0.3971725106239319, -1.086940884590149], [0.022359289228916168, -0.976609468460083, -0.21385502815246582, 0.6042235493659973], [0.40199998021125793, 0.20463624596595764, -0.8924797177314758, 2.604126214981079], [0.0, 0.0, 0.0, 1.0]]}, "frame2.png": {"intrinsics": [[2985.29, 0.0, 512.0], [0.0, 2985.29, 512.0], [0.0, 0.0, 1.0]], "pose": [[0.8428604602813721, -0.11007042229175568, 0.5267549157142639, -1.5117448568344116], [0.03706634044647217, -0.964658260345459, -0.2608843147754669, 0.7659028172492981], [0.5368541479110718, 0.23941394686698914, -0.808992326259613, 2.4761621952056885], [0.0, 0.0, 0.0, 1.0]]}, "frame3.png": {"intrinsics": [[2985.29, 0.0, 512.0], [0.0, 2985.29, 512.0], [0.0, 0.0, 1.0]], "pose": [[0.9772787094116211, 0.027613027021288872, 0.21015183627605438, -0.5843871235847473], [0.06747628003358841, -0.980426013469696, -0.1849643737077713, 0.5309699773788452], [0.2009309083223343, 0.19494201242923737, -0.9600127339363098, 2.822298049926758], [0.0, 0.0, 0.0, 1.0]]}, "frame4.png": {"intrinsics": [[2985.29, 0.0, 512.0], [0.0, 2985.29, 512.0], [0.0, 0.0, 1.0]], "pose": [[0.9297824501991272, -0.12752237915992737, 0.34531518816947937, -0.9280954599380493], [0.0012098848819732666, -0.9370138049125671, -0.3492901027202606, 0.9571653008460999], [0.368107408285141, 0.32518160343170166, -0.8710647821426392, 2.4798102378845215], [0.0, 0.0, 0.0, 1.0]]}, "frame5.png": {"intrinsics": [[2985.29, 0.0, 512.0], [0.0, 2985.29, 512.0], [0.0, 0.0, 1.0]], "pose": [[0.9115541577339172, -0.0665319412946701, 0.40576156973838806, -1.1005959510803223], [0.10612610727548599, -0.9153176546096802, -0.3884980082511902, 1.0730706453323364], [0.3972482681274414, 0.397198885679245, -0.8273009061813354, 2.390143871307373], [0.0, 0.0, 0.0, 1.0]]}, "frame6.png": {"intrinsics": [[2985.29, 0.0, 512.0], [0.0, 2985.29, 512.0], [0.0, 0.0, 1.0]], "pose": [[0.9787017107009888, -0.0251556895673275, 0.20374050736427307, -0.5447303056716919], [0.006035372614860535, -0.9885088205337524, -0.1510423719882965, 0.4187414348125458], [0.20519886910915375, 0.14905507862567902, -0.967303454875946, 2.738295078277588], [0.0, 0.0, 0.0, 1.0]]}, "frame7.png": {"intrinsics": [[2985.29, 0.0, 512.0], [0.0, 2985.29, 512.0], [0.0, 0.0, 1.0]], "pose": [[0.9665647149085999, 0.16180557012557983, 0.19892632961273193, -0.5619297027587891], [0.2001604586839676, -0.9609852433204651, -0.19090110063552856, 0.5444912910461426], [0.160276398062706, 0.2243354618549347, -0.9612414240837097, 2.8439412117004395], [0.0, 0.0, 0.0, 1.0]]}, "frame8.png": {"intrinsics": [[2985.29, 0.0, 512.0], [0.0, 2985.29, 512.0], [0.0, 0.0, 1.0]], "pose": [[0.9510047435760498, 0.08453052490949631, 0.29739633202552795, -0.852654755115509], [0.15557216107845306, -0.9620863199234009, -0.2240249663591385, 0.6531263589859009], [0.26718398928642273, 0.2593154013156891, -0.9280992746353149, 2.802738666534424], [0.0, 0.0, 0.0, 1.0]]}}