{"frame0.png": {"intrinsics": [[2985.29, 0.0, 512.0], [0.0, 2985.29, 512.0], [0.0, 0.0, 1.0]], "pose": [[0.9367926716804504, -0.12667061388492584, -0.326150506734848, 0.8857139945030212], [-0.13479934632778168, -0.9908701181411743, -0.00234528467990458, 0.01933184824883938], [-0.3228757083415985, 0.04616192355751991, -0.9453149437904358, 2.741909980773926], [0.0, 0.0, 0.0, 1.0]]}, "frame1.png": {"intrinsics": [[2985.29, 0.0, 512.0], [0.0, 2985.29, 512.0], [0.0, 0.0, 1.0]], "pose": [[0.9406991600990295, -0.12636472284793854, -0.3148285746574402, 0.8458728194236755], [-0.13329386711120605, -0.9910764694213867, -0.0004838497843593359, 0.01275232806801796], [-0.31195804476737976, 0.042419880628585815, -0.949148416519165, 2.722975730895996], [0.0, 0.0, 0.0, 1.0]]}, "frame10.png": {"intrinsics": [[2985.29, 0.0, 512.0], [0.0, 2985.29, 512.0], [0.0, 0.0, 1.0]], "pose": [[0.9671606421470642, -0.1419469267129898, -0.2108347862958908, 0.5615208148956299], [-0.14570914208889008, -0.989324688911438, -0.0023361521307379007, 0.016451777890324593], [-0.2082524597644806, 0.03297999128699303, -0.9775189161300659, 2.787705659866333], [0.0, 0.0, 0.0, 1.0]]}, "frame11.png": {"intrinsics": [[2985.29, 0.0, 512.0], [0.0, 2985.29, 512.0], [0.0, 0.0, 1.0]], "pose": [[0.9604523777961731, -0.15345998108386993, -0.23233866691589355, 0.6406758427619934], [-0.15885961055755615, -0.9872905015945435, -0.004594680853188038, 0.014731003902852535], [-0.22868065536022186, 0.04132220149040222, -0.9726241230964661, 2.84979510307312], [0.0, 0.0, 0.0, 1.0]]}, "frame12.png": {"intrinsics": [[2985.29, 0.0, 512.0], [0.0, 2985.29, 512.0], [0.0, 0.0, 1.0]], "pose": [[0.9553757309913635, -0.15457509458065033, -0.25172141194343567, 0.6777923107147217], [-0.16337183117866516, -0.9864609837532043, -0.014298304915428162, 0.04526115581393242], [-0.2461031824350357, 0.054784443229436874, -0.967694103717804, 2.7841100692749023], [0.0, 0.0, 0.0, 1.0]]}, "frame13.png": {"intrinsics": [[2985.29, 0.0, 512.0], [0.0, 2985.29, 512.0], [0.0, 0.0, 1.0]], "pose": [[0.9516054391860962, -0.15123070776462555, -0.26753777265548706, 0.7274482250213623], [-0.15986649692058563, -0.9870811104774475, -0.01066342368721962, 0.03605999797582626], [-0.2624688148498535, 0.05291769653558731, -0.9634883999824524, 2.797424077987671], [0.0, 0.0, 0.0, 1.0]]}, "frame14.png": {"intrinsics": [[2985.29, 0.0, 512.0], [0.0, 2985.29, 512.0], [0.0, 0.0, 1.0]], "pose": [[0.948164701461792, -0.14291483163833618, -0.28382933139801025, 0.782218873500824], [-0.15556301176548004, -0.9875717163085938, -0.0224103182554245, 0.07300728559494019], [-0.27709904313087463, 0.06540201604366302, -0.958612859249115, 2.812490940093994], [0.0, 0.0, 0.0, 1.0]]}, "frame15.png": {"intrinsics": [[2985.29, 0.0, 512.0], [0.0, 2985.29, 512.0], [0.0, 0.0, 1.0]], "pose": [[0.9512264728546143, -0.1408046931028366, -0.27448558807373047, 0.7464866042137146], [-0.14955341815948486, -0.9886913299560547, -0.01110000815242529, 0.037552330642938614], [-0.26981860399246216, 0.05160887539386749, -0.9615271687507629, 2.785093307495117], [0.0, 0.0, 0.0, 1.0]]}, "frame16.png": {"intrinsics": [[2985.29, 0.0, 512.0], [0.0, 2985.29, 512.0], [0.0, 0.0, 1.0]], "pose": [[0.9565867781639099, -0.14838847517967224, -0.2508437931537628, 0.6775319576263428], [-0.15884901583194733, -0.9870607256889343, -0.021863894537091255, 0.06397469341754913], [-0.24435371160507202, 0.06076100096106529, -0.9677806496620178, 2.799752712249756], [0.0, 0.0, 0.0, 1.0]]}, "frame17.png": {"intrinsics": [[2985.29, 0.0, 512.0], [0.0, 2985.29, 512.0], [0.0, 0.0, 1.0]], "pose": [[0.9614394307136536, -0.15457619726657867, -0.22746515274047852, 0.6206871867179871], [-0.16253133118152618, -0.986564576625824, -0.016550326719880104, 0.05118846148252487], [-0.22185078263282776, 0.052882350981235504, -0.9736456274986267, 2.8193674087524414], [0.0, 0.0, 0.0, 1.0]]}, "frame18.png": {"intrinsics": [[2985.29, 0.0, 512.0], [0.0, 2985.29, 512.0], [0.0, 0.0, 1.0]], "pose": [[0.9653249382972717, -0.1604214906692505, -0.20594379305839539, 0.552733838558197], [-0.16799700260162354, -0.9855902194976807, -0.019723037257790565, 0.05871628597378731], [-0.19981218874454498, 0.053637079894542694, -0.9783650636672974, 2.806912660598755], [0.0, 0.0, 0.0, 1.0]]}, "frame19.png": {"intrinsics": [[2985.29, 0.0, 512.0], [0.0, 2985.29, 512.0], [0.0, 0.0, 1.0]], "pose": [[0.9684502482414246, -0.15432904660701752, -0.19566982984542847, 0.5233416557312012], [-0.1624373495578766, -0.9863764047622681, -0.025992494076490402, 0.07677201926708221], [-0.1889927089214325, 0.05695652589201927, -0.9803253412246704, 2.803361654281616], [0.0, 0.0, 0.0, 1.0]]}, "frame2.png": {"intrinsics": [[2985.29, 0.0, 512.0], [0.0, 2985.29, 512.0], [0.0, 0.0, 1.0]], "pose": [[0.9457483291625977, -0.12623506784439087, -0.299373984336853, 0.8258274793624878], [-0.13425983488559723, -0.9909261465072632, -0.0063011301681399345, 0.028546953573822975], [-0.295862078666687, 0.04615318402647972, -0.9541150331497192, 2.7984163761138916], [0.0, 0.0, 0.0, 1.0]]}, "frame20.png": {"intrinsics": [[2985.29, 0.0, 512.0], [0.0, 2985.29, 512.0], [0.0, 0.0, 1.0]], "pose": [[0.9673588275909424, -0.14178025722503662, -0.21003656089305878, 0.5653606653213501], [-0.15161193907260895, -0.9879416227340698, -0.03138747811317444, 0.09439730644226074], [-0.20305372774600983, 0.062206998467445374, -0.9771896004676819, 2.805267572402954], [0.0, 0.0, 0.0, 1.0]]}, "frame21.png": {"intrinsics": [[2985.29, 0.0, 512.0], [0.0, 2985.29, 512.0], [0.0, 0.0, 1.0]], "pose": [[0.9656741619110107, -0.11824509501457214, -0.2312823385000229, 0.6226164102554321], [-0.1254030019044876, -0.991969645023346, -0.01644265092909336, 0.053500015288591385], [-0.22748079895973206, 0.04488174244761467, -0.9727477431297302, 2.7929108142852783], [0.0, 0.0, 0.0, 1.0]]}, "frame22.png": {"intrinsics": [[2985.29, 0.0, 512.0], [0.0, 2985.29, 512.0], [0.0, 0.0, 1.0]], "pose": [[0.9611898064613342, -0.09527844190597534, -0.25891348719596863, 0.706598699092865], [-0.103452667593956, -0.9944696426391602, -0.018099242821335793, 0.056103598326444626], [-0.2557571530342102, 0.044182099401950836, -0.9657309055328369, 2.8065669536590576], [0.0, 0.0, 0.0, 1.0]]}, "frame23.png": {"intrinsics": [[2985.29, 0.0, 512.0], [0.0, 2985.29, 512.0], [0.0, 0.0, 1.0]], "pose": [[0.9510498642921448, -0.08830831199884415, -0.296151727437973, 0.8167880773544312], [-0.09319522976875305, -0.9956449866294861, -0.0023960010148584843, 0.012264530174434185], [-0.2946504056453705, 0.02987864427268505, -0.9551378488540649, 2.808288097381592], [0.0, 0.0, 0.0, 1.0]]}, "frame24.png": {"intrinsics": [[2985.29, 0.0, 512.0], [0.0, 2985.29, 512.0], [0.0, 0.0, 1.0]], "pose": [[0.9471799731254578, -0.07977889478206635, -0.3106210231781006, 0.8523198962211609], [-0.0786355510354042, -0.9967713952064514, 0.016223302111029625, -0.03656952083110809], [-0.3109124004840851, 0.009059470146894455, -0.950395405292511, 2.7825937271118164], [0.0, 0.0, 0.0, 1.0]]}, "frame25.png": {"intrinsics": [[2985.29, 0.0, 512.0], [0.0, 2985.29, 512.0], [0.0, 0.0, 1.0]], "pose": [[0.9441741704940796, -0.07343684881925583, -0.3211576044559479, 0.8467308878898621], [-0.06786168366670609, -0.9972866177558899, 0.02853531390428543, -0.0602712519466877], [-0.32238173484802246, -0.005148010328412056, -0.9465957880020142, 2.690105438232422], [0.0, 0.0, 0.0, 1.0]]}, "frame26.png": {"intrinsics": [[2985.29, 0.0, 512.0], [0.0, 2985.29, 512.0], [0.0, 0.0, 1.0]], "pose": [[0.9459275603294373, -0.07326991111040115, -0.31599441170692444, 0.8612164855003357], [-0.06595500558614731, -0.9972500801086426, 0.03379731625318527, -0.085243821144104], [-0.3176017701625824, -0.01112840324640274, -0.9481589198112488, 2.7612287998199463], [0.0, 0.0, 0.0, 1.0]]}, "frame27.png": {"intrinsics": [[2985.29, 0.0, 512.0], [0.0, 2985.29, 512.0], [0.0, 0.0, 1.0]],