{"w_std_temp": 8.882476604247264, "w_std_res_8": 8.907060489437578, "w_std_8": 10.852322177332601, "w_noise_scale_8": 0.0, "w_std_res_29": 8.921279861936851, "w_std_29": 10.858043814092389, "w_noise_scale_29": 0.0, "w_std_res_25": 8.858039251154851, "w_std_25": 10.832643800972596, "w_noise_scale_25": 0.0, "w_std_res_30": 8.932232276284578, "w_std_30": 10.862455045217677, "w_noise_scale_30": 0.0, "w_std_res_47": 8.927191170099361, "w_std_47": 10.860424222693835, "w_noise_scale_47": 0.0, "w_std_res_9": 8.92735963205247, "w_std_9": 10.860492075638195, "w_noise_scale_9": 0.0, "w_std_res_16": 8.90775031222811, "w_std_16": 10.852599609367793, "w_noise_scale_16": 0.0, "w_std_res_35": 8.90775031222811, "w_std_35": 10.852599609367793, "w_noise_scale_35": 0.0, "w_std_res_0": 8.90978877064434, "w_std_0": 10.853419518030941, "w_noise_scale_0": 0.0, "w_std_res_15": 8.941613126975469, "w_std_15": 10.866236184996396, "w_noise_scale_15": 0.0, "w_std_res_48": 8.906889889293568, "w_std_48": 10.852253567807931, "w_noise_scale_48": 0.0, "w_std_res_42": 8.894992446596007, "w_std_42": 10.847470997022763, "w_noise_scale_42": 0.0, "w_std_res_44": 8.93643262857165, "w_std_44": 10.864147753332979, "w_noise_scale_44": 0.0, "w_std_res_2": 8.895490430549629, "w_std_2": 10.84767109222067, "w_noise_scale_2": 0.0, "w_std_res_22": 8.893224246582339, "w_std_22": 10.84676057631955, "w_noise_scale_22": 0.0, "w_std_res_37": 8.873052603247656, "w_std_37": 10.838662798057701, "w_noise_scale_37": 0.0, "w_std_res_1": 8.895608554927538, "w_std_1": 10.847718556942054, "w_noise_scale_1": 0.0, "w_std_res_33": 8.894548453266191, "w_std_33": 10.847292602159996, "w_noise_scale_33": 0.0, "w_std_res_31": 8.896936797291525, "w_std_31": 10.848252300197945, "w_noise_scale_31": 0.0, "w_std_res_32": 8.908305026069774, "w_std_32": 10.852822713901439, "w_noise_scale_32": 0.0, "w_std_res_10": 8.914713522458252, "w_std_10": 10.855400869929907, "w_noise_scale_10": 0.0, "w_std_res_26": 8.944509489066464, "w_std_26": 10.867404157617402, "w_noise_scale_26": 0.0, "w_std_res_19": 8.885444998000944, "w_std_19": 10.8436361845612, "w_noise_scale_19": 0.0, "w_std_res_40": 8.893224246582339, "w_std_40": 10.84676057631955, "w_noise_scale_40": 0.0, "w_std_res_20": 8.900919896280383, "w_std_20": 10.849853196011455, "w_noise_scale_20": 0.0, "w_std_res_18": 8.916339460507322, "w_std_18": 10.856055186795524, "w_noise_scale_18": 0.0, "w_std_res_38": 8.874660644920457, "w_std_38": 10.839307883376364, "w_noise_scale_38": 0.0, "w_std_res_39": 8.933353058902352, "w_std_39": 10.862906659534087, "w_noise_scale_39": 0.0, "w_std_res_27": 8.90168786663518, "w_std_27": 10.850161915554532, "w_noise_scale_27": 0.0, "w_std_res_6": 8.920034070142332, "w_std_6": 10.857542284196962, "w_noise_scale_6": 0.0, "w_std_res_46": 8.91097067874763, "w_std_46": 10.853894962610196, "w_noise_scale_46": 0.0, "w_std_res_21": 8.885199684728532, "w_std_21": 10.843537688843757, "w_noise_scale_21": 0.0, "w_std_res_45": 8.90401550916776, "w_std_45": 10.851097723128062, "w_noise_scale_45": 0.0, "w_std_res_24": 8.905679367684423, "w_std_24": 10.851766762836364, "w_noise_scale_24": 0.0, "w_std_res_3": 8.916738998927803, "w_std_3": 10.8562159829634, "w_noise_scale_3": 0.0, "w_std_res_28": 8.849328187777871, "w_std_28": 10.829154593907596, "w_noise_scale_28": 0.0, "w_std_res_23": 8.885427852669785, "w_std_23": 10.843629300480996, "w_noise_scale_23": 0.0, "w_std_res_14": 8.86500934150664, "w_std_14": 10.835437325334405, "w_noise_scale_14": 0.0, "w_std_res_13": 8.888616754731864, "w_std_13": 10.844909840709834, "w_noise_scale_13": 0.0, "w_std_res_17": 8.905548656596066, "w_std_17": 10.8517142007035, "w_noise_scale_17": 0.0, "w_std_res_11": 8.894900663441947, "w_std_11": 10.847434118404454, "w_noise_scale_11": 0.0, "w_std_res_49": 8.916477022905402, "w_std_49": 10.856110548902862, "w_noise_scale_49": 0.0, "w_std_res_5": 8.899177454967397, "w_std_5": 10.849152811106958, "w_noise_scale_5": 0.0, "w_std_res_7": 8.910501616772201, "w_std_7": 10.853706268626631, "w_noise_scale_7": 0.0, "w_std_res_36": 8.922497460772965, "w_std_36": 10.85853403938004, "w_noise_scale_36": 0.0, "w_std_res_12": 8.896828349895259, "w_std_12": 10.848208719501805, "w_noise_scale_12": 0.0, "w_std_res_43": 8.87133286913528, "w_std_43": 10.837972992850185, "w_noise_scale_43": 0.0, "w_std_res_34": 8.918055333843808, "w_std_34": 10.85674578243292, "w_noise_scale_34": 0.0, "w_std_res_4": 8.894548453266191, "w_std_4": 10.847292602159996, "w_noise_scale_4": 0.0, "w_std_res_41": 8.88878946341964, "w_std_41": 10.844979202665629, "w_noise_scale_41": 0.0, "l2_loss": 36.34654235839844, "lpips_loss": 16.29555892944336, "noise_reg": 4.85644077036218e-13, "total_delta_reg": 1606.2578125, "total_loss": 17.901817321777344, "step": 199, "t": 0.995, "lr_ramp": 0.0009866357858642205, "lr": 9.866357858642205e-06, "_timestamp": 1677833025.2982507, "_runtime": 1989.853988647461, "_step": 199, "_wandb": {"runtime": 1988}}