{"frame0.png": {"intrinsics": [[2985.29, 0.0, 512.0], [0.0, 2985.29, 512.0], [0.0, 0.0, 1.0]], "pose": [[0.9957609176635742, 0.06653209030628204, -0.06351141631603241, 0.15854188799858093], [0.07092271000146866, -0.9950520396232605, 0.06958066672086716, -0.19219203293323517], [-0.05856781452894211, -0.07379011064767838, -0.9955525398254395, 2.79846453666687], [0.0, 0.0, 0.0, 1.0]]}, "frame1.png": {"intrinsics": [[2985.29, 0.0, 512.0], [0.0, 2985.29, 512.0], [0.0, 0.0, 1.0]], "pose": [[0.9913890957832336, 0.07252601534128189, -0.10903023183345795, 0.2842378616333008], [0.07964809238910675, -0.9948650598526001, 0.06244734674692154, -0.1739531010389328], [-0.10394131392240524, -0.07059367001056671, -0.9920749664306641, 2.7909698486328125], [0.0, 0.0, 0.0, 1.0]]}, "frame2.png": {"intrinsics": [[2985.29, 0.0, 512.0], [0.0, 2985.29, 512.0], [0.0, 0.0, 1.0]], "pose": [[0.9605423808097839, 0.034166574478149414, -0.276027113199234, 0.7423851490020752], [0.04926227778196335, -0.9976346492767334, 0.047940026968717575, -0.136166051030159], [-0.27373626828193665, -0.05964615195989609, -0.9599535465240479, 2.783249855041504], [0.0, 0.0, 0.0, 1.0]]}, "frame3.png": {"intrinsics": [[2985.29, 0.0, 512.0], [0.0, 2985.29, 512.0], [0.0, 0.0, 1.0]], "pose": [[0.991978645324707, 0.055368974804878235, -0.11363352090120316, 0.3006843030452728], [0.06369706243276596, -0.9954394102096558, 0.0710148736834526, -0.20153476297855377], [-0.10918325930833817, -0.07768336683511734, -0.9909814596176147, 2.851107120513916], [0.0, 0.0, 0.0, 1.0]]}}