{"frame0.png": {"intrinsics": [[2985.29, 0.0, 512.0], [0.0, 2985.29, 512.0], [0.0, 0.0, 1.0]], "pose": [[0.9546203017234802, -0.26787087321281433, -0.13017426431179047, 0.3665677607059479], [-0.23667246103286743, -0.9476349353790283, 0.21441608667373657, -0.6113556623458862], [-0.18079350888729095, -0.1738772839307785, -0.9680291414260864, 2.918915271759033], [0.0, 0.0, 0.0, 1.0]]}, "frame1.png": {"intrinsics": [[2985.29, 0.0, 512.0], [0.0, 2985.29, 512.0], [0.0, 0.0, 1.0]], "pose": [[0.9582531452178955, -0.2557915151119232, -0.12775593996047974, 0.3468307852745056], [-0.22756698727607727, -0.9528262615203857, 0.20083679258823395, -0.5515827536582947], [-0.17310157418251038, -0.1633794605731964, -0.9712584614753723, 2.8470113277435303], [0.0, 0.0, 0.0, 1.0]]}, "frame10.png": {"intrinsics": [[2985.29, 0.0, 512.0], [0.0, 2985.29, 512.0], [0.0, 0.0, 1.0]], "pose": [[0.9667695760726929, -0.21322184801101685, -0.14104242622852325, 0.3813490569591522], [-0.20396475493907928, -0.9759225249290466, 0.0772894099354744, -0.21153464913368225], [-0.15412627160549164, -0.04595337063074112, -0.9869819283485413, 2.8607828617095947], [0.0, 0.0, 0.0, 1.0]]}, "frame11.png": {"intrinsics": [[2985.29, 0.0, 512.0], [0.0, 2985.29, 512.0], [0.0, 0.0, 1.0]], "pose": [[0.9689450860023499, -0.2056935727596283, -0.13724291324615479, 0.3797459900379181], [-0.1966453641653061, -0.9774730205535889, 0.07666225731372833, -0.20914313197135925], [-0.14992016553878784, -0.04729333519935608, -0.9875662922859192, 2.897578239440918], [0.0, 0.0, 0.0, 1.0]]}, "frame12.png": {"intrinsics": [[2985.29, 0.0, 512.0], [0.0, 2985.29, 512.0], [0.0, 0.0, 1.0]], "pose": [[0.9698681235313416, -0.2023911029100418, -0.1356234848499298, 0.37334713339805603], [-0.1959119737148285, -0.9788044691085815, 0.05966919660568237, -0.1678599864244461], [-0.14482538402080536, -0.03130098804831505, -0.9889619946479797, 2.909141778945923], [0.0, 0.0, 0.0, 1.0]]}, "frame13.png": {"intrinsics": [[2985.29, 0.0, 512.0], [0.0, 2985.29, 512.0], [0.0, 0.0, 1.0]], "pose": [[0.9695761799812317, -0.20628510415554047, -0.13178949058055878, 0.3537014126777649], [-0.20296034216880798, -0.9784365296363831, 0.0383291132748127, -0.10444928705692291], [-0.1368543803691864, -0.010414961725473404, -0.9905363917350769, 2.840515375137329], [0.0, 0.0, 0.0, 1.0]]}, "frame14.png": {"intrinsics": [[2985.29, 0.0, 512.0], [0.0, 2985.29, 512.0], [0.0, 0.0, 1.0]], "pose": [[0.9707158803939819, -0.20120427012443542, -0.13125360012054443, 0.3550424873828888], [-0.1980331391096115, -0.9794998168945312, 0.03691813722252846, -0.10088913887739182], [-0.1359909623861313, -0.0098444614559412, -0.9906611442565918, 2.8787057399749756], [0.0, 0.0, 0.0, 1.0]]}, "frame15.png": {"intrinsics": [[2985.29, 0.0, 512.0], [0.0, 2985.29, 512.0], [0.0, 0.0, 1.0]], "pose": [[0.9708142280578613, -0.20045773684978485, -0.13166794180870056, 0.35635119676589966], [-0.19770830869674683, -0.9796791076660156, 0.03376845270395279, -0.09389277547597885], [-0.13576148450374603, -0.006751047447323799, -0.9907185435295105, 2.873324394226074], [0.0, 0.0, 0.0, 1.0]]}, "frame16.png": {"intrinsics": [[2985.29, 0.0, 512.0], [0.0, 2985.29, 512.0], [0.0, 0.0, 1.0]], "pose": [[0.9716705679893494, -0.1974756419658661, -0.1298445463180542, 0.35110941529273987], [-0.1952366828918457, -0.9803009033203125, 0.029880471527576447, -0.08516818284988403], [-0.133187398314476, -0.0036835595965385437, -0.9910840392112732, 2.874673366546631], [0.0, 0.0, 0.0, 1.0]]}, "frame17.png": {"intrinsics": [[2985.29, 0.0, 512.0], [0.0, 2985.29, 512.0], [0.0, 0.0, 1.0]], "pose": [[0.9723718762397766, -0.20017457008361816, -0.1200961321592331, 0.3264816701412201], [-0.19703440368175507, -0.9796753525733948, 0.03759812191128731, -0.10325582325458527], [-0.1251814216375351, -0.012896290048956871, -0.992050051689148, 2.888547420501709], [0.0, 0.0, 0.0, 1.0]]}, "frame18.png": {"intrinsics": [[2985.29, 0.0, 512.0], [0.0, 2985.29, 512.0], [0.0, 0.0, 1.0]], "pose": [[0.972762405872345, -0.20481537282466888, -0.10855401307344437, 0.29618993401527405], [-0.2010478675365448, -0.9785609245300293, 0.04470144957304001, -0.1226470023393631], [-0.11538226157426834, -0.021659336984157562, -0.9930849671363831, 2.873798131942749], [0.0, 0.0, 0.0, 1.0]]}, "frame19.png": {"intrinsics": [[2985.29, 0.0, 512.0], [0.0, 2985.29, 512.0], [0.0, 0.0, 1.0]], "pose": [[0.9735907912254333, -0.20164762437343597, -0.1070474311709404, 0.2974286377429962], [-0.1959930658340454, -0.9787025451660156, 0.06105704978108406, -0.16881686449050903], [-0.11707960069179535, -0.038464028388261795, -0.9923774003982544, 2.905465841293335], [0.0, 0.0, 0.0, 1.0]]}, "frame2.png": {"intrinsics": [[2985.29, 0.0, 512.0], [0.0, 2985.29, 512.0], [0.0, 0.0, 1.0]], "pose": [[0.9603585600852966, -0.25031521916389465, -0.12269357591867447, 0.34899163246154785], [-0.2249908149242401, -0.9558500051498413, 0.18902358412742615, -0.5327689051628113], [-0.16459214687347412, -0.15392549335956573, -0.9742773175239563, 2.9222309589385986], [0.0, 0.0, 0.0, 1.0]]}, "frame20.png": {"intrinsics": [[2985.29, 0.0, 512.0], [0.0, 2985.29, 512.0], [0.0, 0.0, 1.0]], "pose": [[0.9738775491714478, -0.2000739872455597, -0.1073915958404541, 0.2978375256061554], [-0.19418233633041382, -0.9789484143257141, 0.06287536025047302, -0.17497359216213226], [-0.11771056056022644, -0.040379345417022705, -0.9922266602516174, 2.913076639175415], [0.0, 0.0, 0.0, 1.0]]}, "frame21.png": {"intrinsics": [[2985.29, 0.0, 512.0], [0.0, 2985.29, 512.0], [0.0, 0.0, 1.0]], "pose": [[0.9729357957839966, -0.20704567432403564, -0.10260629653930664, 0.2814696431159973], [-0.19897478818893433, -0.9764333963394165, 0.08358761668205261, -0.23143433034420013], [-0.11749466508626938, -0.060909319669008255, -0.9912038445472717, 2.8980467319488525], [0.0, 0.0, 0.0, 1.0]]}, "frame22.png": {"intrinsics": [[2985.29, 0.0, 512.0], [0.0, 2985.29, 512.0], [0.0, 0.0, 1.0]], "pose": [[0.9727384448051453, -0.20843316614627838, -0.10166367143392563, 0.27984148263931274], [-0.19854405522346497, -0.9750438332557678, 0.09934747964143753, -0.2791474461555481], [-0.11983384937047958, -0.07645440101623535, -0.9898457527160645, 2.8959615230560303], [0.0, 0.0, 0.0, 1.0]]}, "frame23.png": {"intrinsics": [[2985.29, 0.0, 512.0], [0.0, 2985.29, 512.0], [0.0, 0.0, 1.0]], "pose": [[0.9715889692306519, -0.21473704278469086, -0.099512979388237, 0.27671971917152405], [-0.20133757591247559, -0.9709352254867554, 0.1294141262769699, -0.35920900106430054], [-0.12441065907478333, -0.10570164024829865, -0.9865845441818237, 2.9220423698425293], [0.0, 0.0, 0.0, 1.0]]}, "frame24.png": {"intrinsics": [[2985.29, 0.0, 512.0], [0.0, 2985.29, 512.0], [0.0, 0.0, 1.0]], "pose": [[0.9720737934112549, -0.21455824375152588, -0.09506470710039139, 0.26262664794921875], [-0.20059113204479218, -0.9699144959449768, 0.13794583082199097, -0.37587305903434753], [-0.12180205434560776, -0.11502440273761749, -0.985866904258728, 2.8792784214019775], [0.0, 0.0, 0.0, 1.0]]}, "frame25.png": {"intrinsics": [[2985.29, 0.0, 512.0], [0.0, 2985.29, 512.0], [0.0, 0.0, 1.0]], "pose": [[0.9718026518821716, -0.21544843912124634, -0.09582013636827469, 0.2627379298210144], [-0.2014252096414566, -0.9697800278663635, 0.13767509162425995, -0.37285706400871277], [-0.12258633971214294, -0.11449242383241653, -0.985831618309021, 2.8696224689483643], [0.0, 0.0, 0.0, 1.0]]}, "frame26.png": {"intrinsics": [[2985.29, 0.0, 512.0], [0.0, 2985.29, 512.0], [0.0, 0.0, 1.0]], "pose": [[0.9732061624526978, -0.20945177972316742, -0.09486709535121918, 0.26338401436805725], [-0.19378992915153503, -0.9692177772521973, 0.15186330676078796, -0.42004138231277466], [-0.12375490367412567, -0.1294100135564804, -0.9838383197784424, 2.888125419616699], [0.0, 0.0, 0.0, 1.0]]}, "frame27.png": {"intrinsics": [[2985.29, 0.0, 512.0], [0.0, 2985.29, 512.0], [0.0, 0.0, 1.0]],