{"frame0.png": {"intrinsics": [[2985.29, 0.0, 512.0], [0.0, 2985.29, 512.0], [0.0, 0.0, 1.0]], "pose": [[0.9601119160652161, 0.05781916156411171, -0.2735725939273834, 0.7592438459396362], [-0.022796630859375, -0.9589442610740662, -0.28267693519592285, 0.7943950891494751], [-0.2786850333213806, 0.2776380479335785, -0.9193757772445679, 2.7309093475341797], [0.0, 0.0, 0.0, 1.0]]}, "frame1.png": {"intrinsics": [[2985.29, 0.0, 512.0], [0.0, 2985.29, 512.0], [0.0, 0.0, 1.0]], "pose": [[0.956984281539917, 0.06678347289562225, -0.28234919905662537, 0.7503542304039001], [-0.025683976709842682, -0.9498289823532104, -0.31171339750289917, 0.8320115804672241], [-0.2890007495880127, 0.30555665493011475, -0.9072561264038086, 2.5983989238739014], [0.0, 0.0, 0.0, 1.0]]}, "frame10.png": {"intrinsics": [[2985.29, 0.0, 512.0], [0.0, 2985.29, 512.0], [0.0, 0.0, 1.0]], "pose": [[0.9596644043922424, 0.07197621464729309, -0.2717787027359009, 0.7726926207542419], [-0.03942126780748367, -0.9226764440536499, -0.3835545480251312, 1.0966682434082031], [-0.27837061882019043, 0.3787975013256073, -0.8826223611831665, 2.679816484451294], [0.0, 0.0, 0.0, 1.0]]}, "frame11.png": {"intrinsics": [[2985.29, 0.0, 512.0], [0.0, 2985.29, 512.0], [0.0, 0.0, 1.0]], "pose": [[0.9579440355300903, 0.05886300280690193, -0.2808529734611511, 0.7613419890403748], [-0.04592142999172211, -0.9346747398376465, -0.3525258004665375, 0.9715108275413513], [-0.2832568883895874, 0.3505971431732178, -0.8926630020141602, 2.6039836406707764], [0.0, 0.0, 0.0, 1.0]]}, "frame12.png": {"intrinsics": [[2985.29, 0.0, 512.0], [0.0, 2985.29, 512.0], [0.0, 0.0, 1.0]], "pose": [[0.9564489722251892, 0.05717648193240166, -0.2862449586391449, 0.7788380980491638], [-0.04670996218919754, -0.938012421131134, -0.34343990683555603, 0.951641857624054], [-0.2881380021572113, 0.34185323119163513, -0.8944903016090393, 2.617987632751465], [0.0, 0.0, 0.0, 1.0]]}, "frame13.png": {"intrinsics": [[2985.29, 0.0, 512.0], [0.0, 2985.29, 512.0], [0.0, 0.0, 1.0]], "pose": [[0.9567448496818542, 0.052363187074661255, -0.28617730736732483, 0.7855636477470398], [-0.05380856245756149, -0.9348484873771667, -0.35094574093818665, 0.9647090435028076], [-0.2859090566635132, 0.3511643409729004, -0.891593873500824, 2.6228132247924805], [0.0, 0.0, 0.0, 1.0]]}, "frame14.png": {"intrinsics": [[2985.29, 0.0, 512.0], [0.0, 2985.29, 512.0], [0.0, 0.0, 1.0]], "pose": [[0.9643064737319946, 0.04244440421462059, -0.26136481761932373, 0.7659703493118286], [-0.05331768840551376, -0.935726523399353, -0.34867337346076965, 1.0209472179412842], [-0.2593652307987213, 0.3501633405685425, -0.9000641107559204, 2.8096113204956055], [0.0, 0.0, 0.0, 1.0]]}, "frame15.png": {"intrinsics": [[2985.29, 0.0, 512.0], [0.0, 2985.29, 512.0], [0.0, 0.0, 1.0]], "pose": [[0.9637855887413025, 0.05037873610854149, -0.2618764340877533, 0.7079710364341736], [-0.04950859025120735, -0.9311218857765198, -0.3613322973251343, 0.9803466200828552], [-0.2620423436164856, 0.36121198534965515, -0.8949077129364014, 2.6044602394104004], [0.0, 0.0, 0.0, 1.0]]}, "frame16.png": {"intrinsics": [[2985.29, 0.0, 512.0], [0.0, 2985.29, 512.0], [0.0, 0.0, 1.0]], "pose": [[0.9681525826454163, 0.05406311899423599, -0.24445396661758423, 0.6499778032302856], [-0.03593096137046814, -0.9362944960594177, -0.3493731617927551, 0.9292569160461426], [-0.24776910245418549, 0.34702998399734497, -0.9045333862304688, 2.5850980281829834], [0.0, 0.0, 0.0, 1.0]]}, "frame17.png": {"intrinsics": [[2985.29, 0.0, 512.0], [0.0, 2985.29, 512.0], [0.0, 0.0, 1.0]], "pose": [[0.9703127145767212, 0.05848327651619911, -0.23467642068862915, 0.6379364728927612], [-0.026473775506019592, -0.9388089776039124, -0.34341952204704285, 0.9348730444908142], [-0.24040062725543976, 0.3394370973110199, -0.9093899726867676, 2.658766031265259], [0.0, 0.0, 0.0, 1.0]]}, "frame18.png": {"intrinsics": [[2985.29, 0.0, 512.0], [0.0, 2985.29, 512.0], [0.0, 0.0, 1.0]], "pose": [[0.9721099734306335, 0.059739574790000916, -0.22678899765014648, 0.6195366978645325], [-0.024151645600795746, -0.9363717436790466, -0.35017797350883484, 0.9602422714233398], [-0.233278289437294, 0.3458888530731201, -0.9088135361671448, 2.6673367023468018], [0.0, 0.0, 0.0, 1.0]]}, "frame19.png": {"intrinsics": [[2985.29, 0.0, 512.0], [0.0, 2985.29, 512.0], [0.0, 0.0, 1.0]], "pose": [[0.972740650177002, 0.054705068469047546, -0.2253509908914566, 0.604522168636322], [-0.026162300258874893, -0.9396833181381226, -0.3410438299179077, 0.9206918478012085], [-0.23041538894176483, 0.3376428782939911, -0.9126368761062622, 2.6455183029174805], [0.0, 0.0, 0.0, 1.0]]}, "frame2.png": {"intrinsics": [[2985.29, 0.0, 512.0], [0.0, 2985.29, 512.0], [0.0, 0.0, 1.0]], "pose": [[0.9499751329421997, 0.07916794717311859, -0.3021251857280731, 0.8204034566879272], [-0.02045276015996933, -0.9494957327842712, -0.3131127655506134, 0.8626669049263], [-0.31165504455566406, 0.3036286234855652, -0.9003781676292419, 2.6297969818115234], [0.0, 0.0, 0.0, 1.0]]}, "frame20.png": {"intrinsics": [[2985.29, 0.0, 512.0], [0.0, 2985.29, 512.0], [0.0, 0.0, 1.0]], "pose": [[0.9633486866950989, 0.05303305387496948, -0.2629578411579132, 0.6974702477455139], [-0.022101540118455887, -0.9612385630607605, -0.27483078837394714, 0.7336885333061218], [-0.2673403322696686, 0.2705696225166321, -0.924835741519928, 2.6335086822509766], [0.0, 0.0, 0.0, 1.0]]}, "frame21.png": {"intrinsics": [[2985.29, 0.0, 512.0], [0.0, 2985.29, 512.0], [0.0, 0.0, 1.0]], "pose": [[0.9661328196525574, 0.049984946846961975, -0.2531578838825226, 0.6965540647506714], [-0.029111243784427643, -0.9536838531494141, -0.2993987798690796, 0.828179121017456], [-0.2563980221748352, 0.2966287434101105, -0.9199301600456238, 2.7186572551727295], [0.0, 0.0, 0.0, 1.0]]}, "frame22.png": {"intrinsics": [[2985.29, 0.0, 512.0], [0.0, 2985.29, 512.0], [0.0, 0.0, 1.0]], "pose": [[0.9628463983535767, 0.06365884095430374, -0.26243922114372253, 0.6986390948295593], [-0.02558496594429016, -0.9459434747695923, -0.32332083582878113, 0.8683114647865295], [-0.2688348889350891, 0.31802278757095337, -0.9091695547103882, 2.59999942779541], [0.0, 0.0, 0.0, 1.0]]}, "frame23.png": {"intrinsics": [[2985.29, 0.0, 512.0], [0.0, 2985.29, 512.0], [0.0, 0.0, 1.0]], "pose": [[0.964076817035675, 0.0695447325706482, -0.25635793805122375, 0.6889340877532959], [-0.024937771260738373, -0.937157392501831, -0.3480145335197449, 0.9417613744735718], [-0.2644503116607666, 0.34190574288368225, -0.9017574787139893, 2.613754987716675], [0.0, 0.0, 0.0, 1.0]]}, "frame24.png": {"intrinsics": [[2985.29, 0.0, 512.0], [0.0, 2985.29, 512.0], [0.0, 0.0, 1.0]], "pose": [[0.966306746006012, 0.08020976930856705, -0.24457639455795288, 0.6972807049751282], [-0.013742081820964813, -0.9327735900878906, -0.36020082235336304, 1.04459810256958], [-0.2570260167121887, 0.35142549872398376, -0.9002431631088257, 2.705549955368042], [0.0, 0.0, 0.0, 1.0]]}, "frame25.png": {"intrinsics": [[2985.29, 0.0, 512.0], [0.0, 2985.29, 512.0], [0.0, 0.0, 1.0]], "pose": [[0.9676303267478943, 0.07943636924028397, -0.2395443320274353, 0.650529146194458], [-0.005882233381271362, -0.9418149590492249, -0.33608052134513855, 0.9253136515617371], [-0.25230345129966736, 0.3266107141971588, -0.9108614325523376, 2.6463422775268555], [0.0, 0.0, 0.0, 1.0]]}, "frame26.png": {"intrinsics": [[2985.29, 0.0, 512.0], [0.0, 2985.29, 512.0], [0.0, 0.0, 1.0]], "pose": [[0.9655659794807434, 0.07509760558605194, -0.24908381700515747, 0.7179075479507446], [-0.014825738966464996, -0.93999183177948, -0.34087467193603516, 0.9962838888168335], [-0.259735643863678, 0.3328298032283783, -0.9065107703208923, 2.7590832710266113], [0.0, 0.0, 0.0, 1.0]]}, "frame27.png": {"intrinsics": [[2985.29, 0.0, 512.0], [0.0, 2985.29, 512.0], [0.0, 0.0, 1.0]],