{"w_std_temp": 8.882476604247264, "w_std_res_8": 8.926561925652003, "w_std_8": 10.8601707837918, "w_noise_scale_8": 0.002413371285287074, "w_std_res_29": 8.863008183596582, "w_std_29": 10.834635135325277, "w_noise_scale_29": 0.0024076966967389573, "w_std_res_25": 8.906518417007849, "w_std_25": 10.852104177445266, "w_noise_scale_25": 0.0024115787060989555, "w_std_res_30": 8.91388006496049, "w_std_30": 10.855065497412948, "w_noise_scale_30": 0.0024122367772028844, "w_std_res_47": 8.916705704743205, "w_std_47": 10.85620258337371, "w_noise_scale_47": 0.0024124894629719428, "w_std_res_9": 8.888477442734498, "w_std_9": 10.844853891938794, "w_noise_scale_9": 0.0024099675315419613, "w_std_res_16": 8.890055891275376, "w_std_16": 10.845487843453608, "w_noise_scale_16": 0.002410108409656364, "w_std_res_35": 8.884815874569377, "w_std_35": 10.843383588910337, "w_noise_scale_35": 0.0024096407975356376, "w_std_res_0": 8.93347724153367, "w_std_0": 10.86295670069848, "w_noise_scale_0": 0.0024139903779330026, "w_std_res_15": 8.91216645589051, "w_std_15": 10.85437602925083, "w_noise_scale_15": 0.0024120835620557468, "w_std_res_48": 8.882476604247264, "w_std_48": 10.842444467519767, "w_noise_scale_48": 0.0024094321038932885, "w_std_res_42": 8.896893330680097, "w_std_42": 10.8482348326525, "w_noise_scale_42": 0.0024107188517005626, "w_std_res_44": 8.893532586942042, "w_std_44": 10.846884453323451, "w_noise_scale_44": 0.0024104187674052185, "w_std_res_2": 8.902300440054805, "w_std_2": 10.850408179246068, "w_noise_scale_2": 0.0024112018176102447, "w_std_res_22": 8.931519415110735, "w_std_22": 10.862167820726441, "w_noise_scale_22": 0.002413815071272549, "w_std_res_37": 8.886894318320659, "w_std_37": 10.844218138309925, "w_noise_scale_37": 0.002409826252957768, "w_std_res_1": 8.917559048024296, "w_std_1": 10.856546030794048, "w_noise_scale_1": 0.0024125657846209066, "w_std_res_33": 8.909448548451245, "w_std_33": 10.853282665137538, "w_noise_scale_33": 0.0024118405922527934, "w_std_res_31": 8.896648772150106, "w_std_31": 10.848136555130102, "w_noise_scale_31": 0.0024106970122511413, "w_std_res_32": 8.902395218422962, "w_std_32": 10.850446282584418, "w_noise_scale_32": 0.002411210285018767, "w_std_res_10": 8.890207920796904, "w_std_10": 10.845548906982533, "w_noise_scale_10": 0.002410121979329459, "w_std_res_26": 8.903895302759349, "w_std_26": 10.851049391216732, "w_noise_scale_26": 0.002411344309159281, "w_std_res_19": 8.91097067874763, "w_std_19": 10.853894962610196, "w_noise_scale_19": 0.002411976658357829, "w_std_res_40": 8.9008847874804, "w_std_40": 10.849839082908098, "w_noise_scale_40": 0.002411075351757362, "w_std_res_20": 8.87888691292439, "w_std_20": 10.841003676003666, "w_noise_scale_20": 0.002409111928000822, "w_std_res_18": 8.915914055075902, "w_std_18": 10.855883985626182, "w_noise_scale_18": 0.002412418663472492, "w_std_res_38": 8.949201692748913, "w_std_38": 10.8692968486639, "w_noise_scale_38": 0.002415399299703096, "w_std_res_39": 8.884021822913313, "w_std_39": 10.843064791031178, "w_noise_scale_39": 0.002409569953562491, "w_std_res_27": 8.879605759125797, "w_std_27": 10.841292167420589, "w_noise_scale_27": 0.002409176037204582, "w_std_res_6": 8.901639596164292, "w_std_6": 10.850142510584826, "w_noise_scale_6": 0.0024111427801299682, "w_std_res_46": 8.886104848301082, "w_std_46": 10.843901130070764, "w_noise_scale_46": 0.002409755806682399, "w_std_res_21": 8.888788145045421, "w_std_21": 10.84497867318673, "w_noise_scale_21": 0.0024099952607081697, "w_std_res_45": 8.888593462972644, "w_std_45": 10.844900486518998, "w_noise_scale_45": 0.0024099778858931178, "w_std_res_24": 8.899813024721363, "w_std_24": 10.849408271594816, "w_noise_scale_24": 0.002410979615909966, "w_std_res_3": 8.916576907647912, "w_std_3": 10.85615074796311, "w_noise_scale_3": 0.0024124779439918093, "w_std_res_28": 8.896919235049848, "w_std_28": 10.848245242607211, "w_noise_scale_28": 0.0024107211650238316, "w_std_res_23": 8.88878946341964, "w_std_23": 10.844979202665629, "w_noise_scale_23": 0.002409995378370147, "w_std_res_14": 8.89574336410398, "w_std_14": 10.847772726463253, "w_noise_scale_14": 0.0024106161614362858, "w_std_res_13": 8.885427852669785, "w_std_13": 10.843629300480996, "w_noise_scale_13": 0.0024096954001068954, "w_std_res_17": 8.8862705724899, "w_std_17": 10.843967674328201, "w_noise_scale_17": 0.002409770594295163, "w_std_res_11": 8.915685791065092, "w_std_11": 10.855792124771456, "w_noise_scale_11": 0.00241239824994922, "w_std_res_49": 8.924008173180928, "w_std_49": 10.859142339234255, "w_noise_scale_49": 0.002413142742052064, "w_std_res_5": 8.880279679576539, "w_std_5": 10.841562643220533, "w_noise_scale_5": 0.002409236142937903, "w_std_res_7": 8.879014057033585, "w_std_7": 10.841054701054228, "w_noise_scale_7": 0.0024091232669009466, "w_std_res_36": 8.942349645786615, "w_std_36": 10.866533165958451, "w_noise_scale_36": 0.002414785147990774, "w_std_res_12": 8.91196702473702, "w_std_12": 10.85429579417753, "w_noise_scale_12": 0.0024120657320394583, "w_std_res_43": 8.896648772150106, "w_std_43": 10.848136555130102, "w_noise_scale_43": 0.0024106970122511413, "w_std_res_34": 8.929457920277132, "w_std_34": 10.861337293929326, "w_noise_scale_34": 0.0024136305097620797, "w_std_res_4": 8.887393635087848, "w_std_4": 10.844418646531956, "w_noise_scale_4": 0.002409870810340442, "w_std_res_41": 8.874501306411533, "w_std_41": 10.839243959307078, "w_noise_scale_41": 0.0024087208798460246, "l2_loss": 15.29174518585205, "lpips_loss": 16.06262969970703, "noise_reg": 1.3211280020186678e-05, "total_delta_reg": 3970.220703125, "total_loss": 21.353981018066406, "step": 140, "t": 0.7, "lr_ramp": 1.0, "lr": 0.01, "_timestamp": 1677807472.7190435, "_runtime": 1270.5946395397186, "_step": 140}