{"step": 13, "c_loss": 0.732421875, "i_loss": 0.15932470560073853, "l2_loss": 0.04910688102245331, "total_loss": 0.7333984375, "_timestamp": 1678064984.241533, "_runtime": 60.00674510002136, "_step": 213, "_wandb": {"runtime": 59}}