{"step": 56, "c_loss": 0.796875, "i_loss": 0.06960117816925049, "l2_loss": 0.019487593322992325, "total_loss": 0.8193359375, "_timestamp": 1678026128.0476222, "_runtime": 242.61022925376892, "_step": 956, "_wandb": {"runtime": 241}}