{"frame0.png": {"intrinsics": [[2985.29, 0.0, 512.0], [0.0, 2985.29, 512.0], [0.0, 0.0, 1.0]], "pose": [[0.2388022392988205, 0.14075767993927002, 0.9608125686645508, -2.7034356594085693], [0.32339173555374146, -0.944486677646637, 0.057989541441202164, -0.15817271173000336], [0.9156371355056763, 0.2968708276748657, -0.2710654139518738, 0.9386772513389587], [0.0, 0.0, 0.0, 1.0]]}, "frame1.png": {"intrinsics": [[2985.29, 0.0, 512.0], [0.0, 2985.29, 512.0], [0.0, 0.0, 1.0]], "pose": [[0.418651282787323, 0.15939778089523315, 0.8940489292144775, -2.276472330093384], [0.2606625556945801, -0.9641428589820862, 0.049835655838251114, -0.12095966935157776], [0.869934618473053, 0.21218131482601166, -0.44518864154815674, 1.3314414024353027], [0.0, 0.0, 0.0, 1.0]]}}