{"w_std_temp": 8.882476604247264, "w_std_res_8": 8.941742000303968, "w_std_8": 10.866288148443331, "w_noise_scale_8": 0.0, "w_std_res_29": 8.93295557542407, "w_std_29": 10.86274649101805, "w_noise_scale_29": 0.0, "w_std_res_25": 8.922087672596588, "w_std_25": 10.858369046932186, "w_noise_scale_25": 0.0, "w_std_res_30": 8.879988474795448, "w_std_30": 10.84144576742996, "w_noise_scale_30": 0.0, "w_std_res_47": 8.886133421657588, "w_std_47": 10.843912603247732, "w_noise_scale_47": 0.0, "w_std_res_9": 8.899987710665673, "w_std_9": 10.849478486890511, "w_noise_scale_9": 0.0, "w_std_res_16": 8.902101665477653, "w_std_16": 10.850328267643565, "w_noise_scale_16": 0.0, "w_std_res_35": 8.864144769801541, "w_std_35": 10.835090735660685, "w_noise_scale_35": 0.0, "w_std_res_0": 8.933802994106149, "w_std_0": 10.863087969558885, "w_noise_scale_0": 0.0, "w_std_res_15": 8.894796582834259, "w_std_15": 10.847392298958308, "w_noise_scale_15": 0.0, "w_std_res_48": 8.92285951223037, "w_std_48": 10.85867981587771, "w_noise_scale_48": 0.0, "w_std_res_42": 8.927905251933401, "w_std_42": 10.860711845771206, "w_noise_scale_42": 0.0, "w_std_res_44": 8.916225991836455, "w_std_44": 10.856009521660111, "w_noise_scale_44": 0.0, "w_std_res_2": 8.932429068428139, "w_std_2": 10.862534338984847, "w_noise_scale_2": 0.0, "w_std_res_22": 8.915332649430418, "w_std_22": 10.855650012205626, "w_noise_scale_22": 0.0, "w_std_res_37": 8.884089975202864, "w_std_37": 10.84309215223568, "w_noise_scale_37": 0.0, "w_std_res_1": 8.92957865747315, "w_std_1": 10.8613859325134, "w_noise_scale_1": 0.0, "w_std_res_33": 8.884866434702325, "w_std_33": 10.843403888568616, "w_noise_scale_33": 0.0, "w_std_res_31": 8.907188108488558, "w_std_31": 10.85237350191192, "w_noise_scale_31": 0.0, "w_std_res_32": 8.92459032673209, "w_std_32": 10.859376766186907, "w_noise_scale_32": 0.0, "w_std_res_10": 8.905625855323139, "w_std_10": 10.851745244141608, "w_noise_scale_10": 0.0, "w_std_res_26": 8.89159891414362, "w_std_26": 10.84610763995545, "w_noise_scale_26": 0.0, "w_std_res_19": 8.917603289982123, "w_std_19": 10.856563837576555, "w_noise_scale_19": 0.0, "w_std_res_40": 8.903895302759349, "w_std_40": 10.851049391216732, "w_noise_scale_40": 0.0, "w_std_res_20": 8.884663313119974, "w_std_20": 10.843322336667622, "w_noise_scale_20": 0.0, "w_std_res_18": 8.916576907647912, "w_std_18": 10.85615074796311, "w_noise_scale_18": 0.0, "w_std_res_38": 8.89593481597072, "w_std_38": 10.84784965730536, "w_noise_scale_38": 0.0, "w_std_res_39": 8.899584786662802, "w_std_39": 10.849316532332809, "w_noise_scale_39": 0.0, "w_std_res_27": 8.896745366986739, "w_std_27": 10.848175372211218, "w_noise_scale_27": 0.0, "w_std_res_6": 8.882578630386561, "w_std_6": 10.842485423381948, "w_noise_scale_6": 0.0, "w_std_res_46": 8.87493309833939, "w_std_46": 10.839417189129682, "w_noise_scale_46": 0.0, "w_std_res_21": 8.910632255205014, "w_std_21": 10.853758821112388, "w_noise_scale_21": 0.0, "w_std_res_45": 8.918055333843808, "w_std_45": 10.85674578243292, "w_noise_scale_45": 0.0, "w_std_res_24": 8.89891408403295, "w_std_24": 10.84904695555098, "w_noise_scale_24": 0.0, "w_std_res_3": 8.92459032673209, "w_std_3": 10.859376766186907, "w_noise_scale_3": 0.0, "w_std_res_28": 8.859230708701517, "w_std_28": 10.833121217474675, "w_noise_scale_28": 0.0, "w_std_res_23": 8.896202666025545, "w_std_23": 10.847957288989942, "w_noise_scale_23": 0.0, "w_std_res_14": 8.926084492934178, "w_std_14": 10.859978497619137, "w_noise_scale_14": 0.0, "w_std_res_13": 8.914918150213158, "w_std_13": 10.855483212701772, "w_noise_scale_13": 0.0, "w_std_res_17": 8.91026883011955, "w_std_17": 10.853612625814964, "w_noise_scale_17": 0.0, "w_std_res_11": 8.892512651101487, "w_std_11": 10.84647470091089, "w_noise_scale_11": 0.0, "w_std_res_49": 8.903891793058808, "w_std_49": 10.851047980062802, "w_noise_scale_49": 0.0, "w_std_res_5": 8.912202835158096, "w_std_5": 10.854390665474963, "w_noise_scale_5": 0.0, "w_std_res_7": 8.873052603247656, "w_std_7": 10.838662798057701, "w_noise_scale_7": 0.0, "w_std_res_36": 8.916477022905402, "w_std_36": 10.856110548902862, "w_noise_scale_36": 0.0, "w_std_res_12": 8.883353023352162, "w_std_12": 10.842796294516235, "w_noise_scale_12": 0.0, "w_std_res_43": 8.8862705724899, "w_std_43": 10.843967674328201, "w_noise_scale_43": 0.0, "w_std_res_34": 8.944748371949878, "w_std_34": 10.867500499626168, "w_noise_scale_34": 0.0, "w_std_res_4": 8.871971754491783, "w_std_4": 10.83822924665856, "w_noise_scale_4": 0.0, "w_std_res_41": 8.886740473874546, "w_std_41": 10.84415636126204, "w_noise_scale_41": 0.0, "l2_loss": 447104.625, "lpips_loss": 8.279726028442383, "noise_reg": 2.2066354819771927e-13, "total_delta_reg": 38844.22265625, "total_loss": 8.279726028442383, "step": 199, "t": 0.995, "lr_ramp": 0.0009866357858642205, "lr": 9.866357858642205e-06, "_timestamp": 1677855317.0413435, "_runtime": 1891.150039434433, "_step": 199, "_wandb": {"runtime": 1889}}