{"w_std_temp": 8.8825012313537, "w_std_res_8": 8.919954806499863, "w_std_8": 10.857530523212908, "w_noise_scale_8": 0.2317238292109706, "w_std_res_29": 8.891834386109538, "w_std_29": 10.84622239825922, "w_noise_scale_29": 0.2314824886952923, "w_std_res_25": 8.901630380862823, "w_std_25": 10.850158967009424, "w_noise_scale_25": 0.23156650382035224, "w_std_res_30": 8.932925839975388, "w_std_30": 10.862754646756272, "w_noise_scale_30": 0.2318353236165494, "w_std_res_47": 8.929147758184987, "w_std_47": 10.861232488620939, "w_noise_scale_47": 0.23180283737936777, "w_std_res_9": 8.896646576800721, "w_std_9": 10.848155837658537, "w_noise_scale_9": 0.23152375258860575, "w_std_res_16": 8.898056318657462, "w_std_16": 10.848722375814582, "w_noise_scale_16": 0.2315358437718294, "w_std_res_35": 8.888903721775819, "w_std_35": 10.84504526125871, "w_noise_scale_35": 0.23145736597584143, "w_std_res_0": 8.913231912443432, "w_std_0": 10.854824856083583, "w_noise_scale_0": 0.2316660842618372, "w_std_res_15": 8.896490705609713, "w_std_15": 10.848093200823358, "w_noise_scale_15": 0.23152241577935007, "w_std_res_48": 8.911394566789197, "w_std_48": 10.854085643491578, "w_noise_scale_48": 0.23165030782242912, "w_std_res_42": 8.895500969591314, "w_std_42": 10.847695492591964, "w_noise_scale_42": 0.23151392780189603, "w_std_res_44": 8.893572116984267, "w_std_44": 10.846920501921272, "w_noise_scale_44": 0.23149738777878195, "w_std_res_2": 8.895159322631608, "w_std_2": 10.847558214582211, "w_noise_scale_2": 0.23151099798410568, "w_std_res_22": 8.882650751605626, "w_std_22": 10.84253455003718, "w_noise_scale_22": 0.23140378181901575, "w_std_res_37": 8.892004835806153, "w_std_37": 10.846290869463164, "w_noise_scale_37": 0.23148395002294272, "w_std_res_1": 8.907970886374741, "w_std_1": 10.852708478906314, "w_noise_scale_1": 0.23162091606981386, "w_std_res_33": 8.92775692713461, "w_std_33": 10.860672242660673, "w_noise_scale_33": 0.2317908804855847, "w_std_res_31": 8.894598079733564, "w_std_31": 10.847332707859568, "w_noise_scale_31": 0.23150618516951843, "w_std_res_32": 8.92253073334578, "w_std_32": 10.858567581494116, "w_noise_scale_32": 0.23174596233926553, "w_std_res_10": 8.886896955630801, "w_std_10": 10.844239369361043, "w_noise_scale_10": 0.23144016645187435, "w_std_res_26": 8.897413159874054, "w_std_26": 10.848463899759034, "w_noise_scale_26": 0.23153032731841283, "w_std_res_19": 8.834637973624046, "w_std_19": 10.823295889249724, "w_noise_scale_19": 0.2309931860452319, "w_std_res_40": 8.916773607224757, "w_std_40": 10.856250061168682, "w_noise_scale_40": 0.2316965013054756, "w_std_res_20": 8.869967323079607, "w_std_20": 10.837445505197477, "w_noise_scale_20": 0.23129517029314794, "w_std_res_18": 8.882187670416561, "w_std_18": 10.842348659452202, "w_noise_scale_18": 0.23139981450084213, "w_std_res_38": 8.907259591900306, "w_std_38": 10.852422407433973, "w_noise_scale_38": 0.23161481066887976, "w_std_res_39": 8.94544183858461, "w_std_39": 10.867800314317291, "w_noise_scale_39": 0.23194300937489612, "w_std_res_27": 8.893663035414598, "w_std_27": 10.84695702936427, "w_noise_scale_27": 0.23149816735558765, "w_std_res_6": 8.939523372361638, "w_std_6": 10.865413770595667, "w_noise_scale_6": 0.2318920752284462, "w_std_res_46": 8.902679108700932, "w_std_46": 10.850580575624743, "w_noise_scale_46": 0.2315755018851112, "w_std_res_21": 8.909501160979778, "w_std_21": 10.853323983203255, "w_noise_scale_21": 0.23163405229929793, "w_std_res_45": 8.884898968896607, "w_std_45": 10.843437124448824, "w_noise_scale_45": 0.23142304476268113, "w_std_res_24": 8.938459738679814, "w_std_24": 10.864984986183828, "w_noise_scale_24": 0.23188292401624327, "w_std_res_3": 8.946942127760746, "w_std_3": 10.868405453854534, "w_noise_scale_3": 0.23195592439737545, "w_std_res_28": 8.909334992018204, "w_std_28": 10.853257143595188, "w_noise_scale_28": 0.23163262579352933, "w_std_res_23": 8.931652807571508, "w_std_23": 10.862241704351362, "w_noise_scale_23": 0.23182437628575664, "w_std_res_14": 8.935867857964329, "w_std_14": 10.863940259811354, "w_noise_scale_14": 0.23186062723384054, "w_std_res_13": 8.941768648455405, "w_std_13": 10.866319024427039, "w_noise_scale_13": 0.23191139535688285, "w_std_res_17": 8.911310404480364, "w_std_17": 10.854051785220577, "w_noise_scale_17": 0.23164958521168538, "w_std_res_11": 8.922851632185756, "w_std_11": 10.858696788173985, "w_noise_scale_11": 0.23174871989693988, "w_std_res_49": 8.90736747375452, "w_std_49": 10.852465794837824, "w_noise_scale_49": 0.23161573665249435, "w_std_res_5": 8.91826689301234, "w_std_5": 10.856851084395972, "w_noise_scale_5": 0.23170932847675316, "w_std_res_7": 8.878564425063322, "w_std_7": 10.84089443669202, "w_noise_scale_7": 0.2313687781555337, "w_std_res_36": 8.911219227748806, "w_std_36": 10.854015105307804, "w_noise_scale_36": 0.23164880238083588, "w_std_res_12": 8.883276070797304, "w_std_12": 10.84278557670952, "w_noise_scale_12": 0.23140913928604054, "w_std_res_43": 8.912258937833887, "w_std_43": 10.854433390036995, "w_noise_scale_43": 0.23165772950647842, "w_std_res_34": 8.92506171197152, "w_std_34": 10.859586738942923, "w_noise_scale_34": 0.2317677134240174, "w_std_res_4": 8.911823256214184, "w_std_4": 10.85425810742033, "w_noise_scale_4": 0.2316539885859219, "w_std_res_41": 8.919994657369475, "w_std_41": 10.857546565494204, "w_noise_scale_41": 0.23172417158890296, "l2_loss": 4.69722318649292, "lpips_loss": 13.534899711608887, "noise_reg": 298.2707214355469, "total_delta_reg": 6465.73046875, "total_loss": 24.69784927368164, "step": 52, "t": 0.26, "lr_ramp": 1.0, "lr": 0.01, "_timestamp": 1677743612.934194, "_runtime": 438.05784010887146, "_step": 52, "_wandb": {"runtime": 441}}