{"frame0.png": {"intrinsics": [[2985.29, 0.0, 512.0], [0.0, 2985.29, 512.0], [0.0, 0.0, 1.0]], "pose": [[0.9617810249328613, -0.07779914885759354, -0.262535035610199, 0.6899630427360535], [-0.09830701351165771, -0.9929726719856262, -0.0658859983086586, 0.19567134976387024], [-0.25556424260139465, 0.08917693048715591, -0.9626704454421997, 2.7408981323242188], [0.0, 0.0, 0.0, 1.0]]}, "frame1.png": {"intrinsics": [[2985.29, 0.0, 512.0], [0.0, 2985.29, 512.0], [0.0, 0.0, 1.0]], "pose": [[0.9641770124435425, -0.08374664187431335, -0.2516925036907196, 0.6555027365684509], [-0.10278066992759705, -0.9926794767379761, -0.06343133002519608, 0.18323427438735962], [-0.2445378303527832, 0.0870281532406807, -0.9657263159751892, 2.7271013259887695], [0.0, 0.0, 0.0, 1.0]]}, "frame10.png": {"intrinsics": [[2985.29, 0.0, 512.0], [0.0, 2985.29, 512.0], [0.0, 0.0, 1.0]], "pose": [[0.9648538827896118, -0.0787297859787941, -0.25071609020233154, 0.6647019982337952], [-0.10031130909919739, -0.9921646118164062, -0.07447808235883713, 0.21382242441177368], [-0.24288798868656158, 0.09701012074947357, -0.9651914238929749, 2.7581470012664795], [0.0, 0.0, 0.0, 1.0]]}, "frame11.png": {"intrinsics": [[2985.29, 0.0, 512.0], [0.0, 2985.29, 512.0], [0.0, 0.0, 1.0]], "pose": [[0.9643768668174744, -0.0772516280412674, -0.2530008554458618, 0.6628214120864868], [-0.09671172499656677, -0.993162214756012, -0.06538771837949753, 0.19249732792377472], [-0.24621957540512085, 0.08752655982971191, -0.9652538299560547, 2.7357900142669678], [0.0, 0.0, 0.0, 1.0]]}, "frame12.png": {"intrinsics": [[2985.29, 0.0, 512.0], [0.0, 2985.29, 512.0], [0.0, 0.0, 1.0]], "pose": [[0.9641979336738586, -0.07306977361440659, -0.2549179494380951, 0.6814103126525879], [-0.0925799310207367, -0.9935564994812012, -0.06537960469722748, 0.19235274195671082], [-0.2484980970621109, 0.0866391658782959, -0.9647498726844788, 2.777028799057007], [0.0, 0.0, 0.0, 1.0]]}, "frame13.png": {"intrinsics": [[2985.29, 0.0, 512.0], [0.0, 2985.29, 512.0], [0.0, 0.0, 1.0]], "pose": [[0.9622781276702881, -0.0703451931476593, -0.2628163695335388, 0.6913117170333862], [-0.0873827189207077, -0.9947265386581421, -0.05369623005390167, 0.16242572665214539], [-0.257653146982193, 0.074636310338974, -0.9633505344390869, 2.74288272857666], [0.0, 0.0, 0.0, 1.0]]}, "frame14.png": {"intrinsics": [[2985.29, 0.0, 512.0], [0.0, 2985.29, 512.0], [0.0, 0.0, 1.0]], "pose": [[0.9610522389411926, -0.06239747628569603, -0.26923078298568726, 0.7015966176986694], [-0.07947174459695816, -0.9954280853271484, -0.052981652319431305, 0.15817980468273163], [-0.2646939754486084, 0.07231437414884567, -0.9616172313690186, 2.7079520225524902], [0.0, 0.0, 0.0, 1.0]]}, "frame15.png": {"intrinsics": [[2985.29, 0.0, 512.0], [0.0, 2985.29, 512.0], [0.0, 0.0, 1.0]], "pose": [[0.9599669575691223, -0.052112504839897156, -0.2752231955528259, 0.7331734895706177], [-0.06830772012472153, -0.9964314103126526, -0.049583811312913895, 0.1507507562637329], [-0.2716571092605591, 0.06639868021011353, -0.9601008296012878, 2.761453151702881], [0.0, 0.0, 0.0, 1.0]]}, "frame16.png": {"intrinsics": [[2985.29, 0.0, 512.0], [0.0, 2985.29, 512.0], [0.0, 0.0, 1.0]], "pose": [[0.9645589590072632, -0.05903821811079979, -0.25717785954475403, 0.6804762482643127], [-0.07642336934804916, -0.9953795671463013, -0.058128681033849716, 0.1671435683965683], [-0.25255778431892395, 0.07572293281555176, -0.96461421251297, 2.7302310466766357], [0.0, 0.0, 0.0, 1.0]]}, "frame17.png": {"intrinsics": [[2985.29, 0.0, 512.0], [0.0, 2985.29, 512.0], [0.0, 0.0, 1.0]], "pose": [[0.963728666305542, -0.057032279670238495, -0.26071897149086, 0.6892774105072021], [-0.07761575281620026, -0.9945692420005798, -0.06933894753456116, 0.19553138315677643], [-0.2553485035896301, 0.08705983310937881, -0.9629215002059937, 2.7235352993011475], [0.0, 0.0, 0.0, 1.0]]}, "frame18.png": {"intrinsics": [[2985.29, 0.0, 512.0], [0.0, 2985.29, 512.0], [0.0, 0.0, 1.0]], "pose": [[0.9581804871559143, -0.04987901821732521, -0.2817838788032532, 0.7378553748130798], [-0.07344987243413925, -0.9945712685585022, -0.07370895147323608, 0.21554416418075562], [-0.2765776216983795, 0.09132347255945206, -0.9566424489021301, 2.7048556804656982], [0.0, 0.0, 0.0, 1.0]]}, "frame19.png": {"intrinsics": [[2985.29, 0.0, 512.0], [0.0, 2985.29, 512.0], [0.0, 0.0, 1.0]], "pose": [[0.9559139013290405, -0.04626960679888725, -0.2899790108203888, 0.7550417184829712], [-0.07005313038825989, -0.9949286580085754, -0.07217695564031601, 0.21222710609436035], [-0.2851688265800476, 0.08930888772010803, -0.9543074369430542, 2.692605972290039], [0.0, 0.0, 0.0, 1.0]]}, "frame2.png": {"intrinsics": [[2985.29, 0.0, 512.0], [0.0, 2985.29, 512.0], [0.0, 0.0, 1.0]], "pose": [[0.9641701579093933, -0.08427849411964417, -0.25154122710227966, 0.6587740182876587], [-0.10285040736198425, -0.9927876591682434, -0.06159881502389908, 0.1815776228904724], [-0.24453556537628174, 0.08526286482810974, -0.9658843874931335, 2.7346272468566895], [0.0, 0.0, 0.0, 1.0]]}, "frame20.png": {"intrinsics": [[2985.29, 0.0, 512.0], [0.0, 2985.29, 512.0], [0.0, 0.0, 1.0]], "pose": [[0.9537550806999207, -0.04839872568845749, -0.29666292667388916, 0.7745153307914734], [-0.07260900735855103, -0.9948204755783081, -0.07113514840602875, 0.20876961946487427], [-0.29168349504470825, 0.08938589692115784, -0.9523292183876038, 2.684798002243042], [0.0, 0.0, 0.0, 1.0]]}, "frame21.png": {"intrinsics": [[2985.29, 0.0, 512.0], [0.0, 2985.29, 512.0], [0.0, 0.0, 1.0]], "pose": [[0.9549444913864136, -0.047010187059640884, -0.2930377721786499, 0.7655829787254333], [-0.07534515857696533, -0.9934278726577759, -0.08616367727518082, 0.24746030569076538], [-0.28706130385398865, 0.10436049848794937, -0.9522104263305664, 2.689880132675171], [0.0, 0.0, 0.0, 1.0]]}, "frame22.png": {"intrinsics": [[2985.29, 0.0, 512.0], [0.0, 2985.29, 512.0], [0.0, 0.0, 1.0]], "pose": [[0.9538771510124207, -0.04744705557823181, -0.29642394185066223, 0.7799506187438965], [-0.07597896456718445, -0.9934384226799011, -0.08548185974359512, 0.24249273538589478], [-0.29042309522628784, 0.10406117141246796, -0.9512232542037964, 2.702256917953491], [0.0, 0.0, 0.0, 1.0]]}, "frame23.png": {"intrinsics": [[2985.29, 0.0, 512.0], [0.0, 2985.29, 512.0], [0.0, 0.0, 1.0]], "pose": [[0.9504297971725464, -0.04768450930714607, -0.3072611391544342, 0.8182033896446228], [-0.07661653310060501, -0.9936173558235168, -0.08279108256101608, 0.23810580372810364], [-0.3013521432876587, 0.10222839564085007, -0.9480169415473938, 2.7197680473327637], [0.0, 0.0, 0.0, 1.0]]}, "frame24.png": {"intrinsics": [[2985.29, 0.0, 512.0], [0.0, 2985.29, 512.0], [0.0, 0.0, 1.0]], "pose": [[0.9447309970855713, -0.04784194007515907, -0.3243371844291687, 0.8384577631950378], [-0.07541953772306442, -0.9944769144058228, -0.0729903057217598, 0.20456522703170776], [-0.3190538287162781, 0.09341755509376526, -0.9431213140487671, 2.635307550430298], [0.0, 0.0, 0.0, 1.0]]}, "frame25.png": {"intrinsics": [[2985.29, 0.0, 512.0], [0.0, 2985.29, 512.0], [0.0, 0.0, 1.0]], "pose": [[0.9359670877456665, -0.053004492074251175, -0.3480748236179352, 0.9024462699890137], [-0.08696017414331436, -0.9927769899368286, -0.08265528082847595, 0.23123149573802948], [-0.34117957949638367, 0.10763127356767654, -0.9338158369064331, 2.6202785968780518], [0.0, 0.0, 0.0, 1.0]]}, "frame26.png": {"intrinsics": [[2985.29, 0.0, 512.0], [0.0, 2985.29, 512.0], [0.0, 0.0, 1.0]], "pose": [[0.928120493888855, -0.04851546511054039, -0.3691050708293915, 0.9870360493659973], [-0.09487782418727875, -0.9895580410957336, -0.10850349068641663, 0.29945021867752075], [-0.3599867820739746, 0.13572418689727783, -0.9230322241783142, 2.6590633392333984], [0.0, 0.0, 0.0, 1.0]]}, "frame27.png": {"intrinsics": [[2985.29, 0.0, 512.0], [0.0, 2985.29, 512.0], [0.0, 0.0, 1.0]],