{"frame0.png": {"intrinsics": [[2985.29, 0.0, 512.0], [0.0, 2985.29, 512.0], [0.0, 0.0, 1.0]], "pose": [[0.7883104681968689, -0.07126745581626892, -0.611136257648468, 1.6690518856048584], [-0.049307893961668015, -0.9973918199539185, 0.05270780995488167, -0.1384342610836029], [-0.6132986545562744, -0.011416278779506683, -0.7897685170173645, 2.332854986190796], [0.0, 0.0, 0.0, 1.0]]}, "frame1.png": {"intrinsics": [[2985.29, 0.0, 512.0], [0.0, 2985.29, 512.0], [0.0, 0.0, 1.0]], "pose": [[0.8483163714408875, -0.03972462937235832, -0.5279973745346069, 1.4403510093688965], [-0.020765965804457664, -0.9989104866981506, 0.041790444403886795, -0.10762475430965424], [-0.5290822386741638, -0.024487145245075226, -0.8482170701026917, 2.4904534816741943], [0.0, 0.0, 0.0, 1.0]]}}