{"w_std_temp": 8.882476604247264, "w_std_res_8": 8.892938736716902, "w_std_8": 10.846645874128555, "w_noise_scale_8": 0.0, "w_std_res_29": 8.87975488822749, "w_std_29": 10.8413520187175, "w_noise_scale_29": 0.0, "w_std_res_25": 8.899742798249846, "w_std_25": 10.849380044212204, "w_noise_scale_25": 0.0, "w_std_res_30": 8.891720165412314, "w_std_30": 10.8461563468355, "w_noise_scale_30": 0.0, "w_std_res_47": 8.86555923926968, "w_std_47": 10.835657780275731, "w_noise_scale_47": 0.0, "w_std_res_9": 8.914309511257729, "w_std_9": 10.85523829842648, "w_noise_scale_9": 0.0, "w_std_res_16": 8.892797296126794, "w_std_16": 10.846589051978507, "w_noise_scale_16": 0.0, "w_std_res_35": 8.911229748188518, "w_std_35": 10.853999183768625, "w_noise_scale_35": 0.0, "w_std_res_0": 8.92735963205247, "w_std_0": 10.860492075638195, "w_noise_scale_0": 0.0, "w_std_res_15": 8.905744722509175, "w_std_15": 10.851793043807323, "w_noise_scale_15": 0.0, "w_std_res_48": 8.888508205823968, "w_std_48": 10.844866246581836, "w_noise_scale_48": 0.0, "w_std_res_42": 8.859230708701517, "w_std_42": 10.833121217474675, "w_noise_scale_42": 0.0, "w_std_res_44": 8.913849389433278, "w_std_44": 10.85505315437815, "w_noise_scale_44": 0.0, "w_std_res_2": 8.944748371949878, "w_std_2": 10.867500499626168, "w_noise_scale_2": 0.0, "w_std_res_22": 8.915388732410943, "w_std_22": 10.855672581074836, "w_noise_scale_22": 0.0, "w_std_res_37": 8.865667628554547, "w_std_37": 10.835701234807095, "w_noise_scale_37": 0.0, "w_std_res_1": 8.895183914624813, "w_std_1": 10.847547930004735, "w_noise_scale_1": 0.0, "w_std_res_33": 8.907455181616127, "w_std_33": 10.852480912359395, "w_noise_scale_33": 0.0, "w_std_res_31": 8.921252714725663, "w_std_31": 10.858032884689566, "w_noise_scale_31": 0.0, "w_std_res_32": 8.933353058902352, "w_std_32": 10.862906659534087, "w_noise_scale_32": 0.0, "w_std_res_10": 8.931519415110735, "w_std_10": 10.862167820726441, "w_noise_scale_10": 0.0, "w_std_res_26": 8.899475493673771, "w_std_26": 10.849272603065378, "w_noise_scale_26": 0.0, "w_std_res_19": 8.917756601999182, "w_std_19": 10.856625544022645, "w_noise_scale_19": 0.0, "w_std_res_40": 8.926536544903628, "w_std_40": 10.860160561514503, "w_noise_scale_40": 0.0, "w_std_res_20": 8.898850873848826, "w_std_20": 10.849021550063858, "w_noise_scale_20": 0.0, "w_std_res_18": 8.900919896280383, "w_std_18": 10.849853196011455, "w_noise_scale_18": 0.0, "w_std_res_38": 8.890766365308448, "w_std_38": 10.845773215433974, "w_noise_scale_38": 0.0, "w_std_res_39": 8.858565328962698, "w_std_39": 10.832854594790563, "w_noise_scale_39": 0.0, "w_std_res_27": 8.935949166149054, "w_std_27": 10.863952894780057, "w_noise_scale_27": 0.0, "w_std_res_6": 8.864182227509765, "w_std_6": 10.83510575124327, "w_noise_scale_6": 0.0, "w_std_res_46": 8.884413581520167, "w_std_46": 10.843222072883826, "w_noise_scale_46": 0.0, "w_std_res_21": 8.884717391397432, "w_std_21": 10.843344048597277, "w_noise_scale_21": 0.0, "w_std_res_45": 8.90957481799777, "w_std_45": 10.853333456103474, "w_noise_scale_45": 0.0, "w_std_res_24": 8.928359399268155, "w_std_24": 10.860894778544953, "w_noise_scale_24": 0.0, "w_std_res_3": 8.934852754802398, "w_std_3": 10.863511014515518, "w_noise_scale_3": 0.0, "w_std_res_28": 8.889474112679558, "w_std_28": 10.845254175214153, "w_noise_scale_28": 0.0, "w_std_res_23": 8.90702058069925, "w_std_23": 10.852306127328422, "w_noise_scale_23": 0.0, "w_std_res_14": 8.893224246582339, "w_std_14": 10.84676057631955, "w_noise_scale_14": 0.0, "w_std_res_13": 8.946908072764579, "w_std_13": 10.868371589876057, "w_noise_scale_13": 0.0, "w_std_res_17": 8.907406942399119, "w_std_17": 10.85246151153622, "w_noise_scale_17": 0.0, "w_std_res_11": 8.88776195113258, "w_std_11": 10.844566554270392, "w_noise_scale_11": 0.0, "w_std_res_49": 8.885082740892175, "w_std_49": 10.843490735373226, "w_noise_scale_49": 0.0, "w_std_res_5": 8.889422260473399, "w_std_5": 10.845233349552696, "w_noise_scale_5": 0.0, "w_std_res_7": 8.913539122452988, "w_std_7": 10.854928312608747, "w_noise_scale_7": 0.0, "w_std_res_36": 8.906548240620493, "w_std_36": 10.852116171080413, "w_noise_scale_36": 0.0, "w_std_res_12": 8.910501616772201, "w_std_12": 10.853706268626631, "w_noise_scale_12": 0.0, "w_std_res_43": 8.865667628554547, "w_std_43": 10.835701234807095, "w_noise_scale_43": 0.0, "w_std_res_34": 8.930318793301838, "w_std_34": 10.861684103420611, "w_noise_scale_34": 0.0, "w_std_res_4": 8.885806361130092, "w_std_4": 10.843781278773331, "w_noise_scale_4": 0.0, "w_std_res_41": 8.910662065048815, "w_std_41": 10.853770812919121, "w_noise_scale_41": 0.0, "l2_loss": 530824.625, "lpips_loss": 13.616251945495605, "noise_reg": 3.9812757582878555e-13, "total_delta_reg": 27744.015625, "total_loss": 14.376568794250488, "step": 199, "t": 0.995, "lr_ramp": 0.0009866357858642205, "lr": 9.866357858642205e-06, "_timestamp": 1678384155.0272655, "_runtime": 1820.6806204319, "_step": 199, "_wandb": {"runtime": 1819}}