{"frame0.png": {"intrinsics": [[2985.29, 0.0, 512.0], [0.0, 2985.29, 512.0], [0.0, 0.0, 1.0]], "pose": [[0.9708786010742188, -0.019631128758192062, -0.23876620829105377, 0.6146286129951477], [0.01058381237089634, -0.9921493530273438, 0.1246098056435585, -0.3250860273838043], [-0.2393379658460617, -0.12350805103778839, -0.9630488753318787, 2.6565308570861816], [0.0, 0.0, 0.0, 1.0]]}, "frame1.png": {"intrinsics": [[2985.29, 0.0, 512.0], [0.0, 2985.29, 512.0], [0.0, 0.0, 1.0]], "pose": [[0.9608469009399414, 0.012386051937937737, -0.276802659034729, 0.6926383376121521], [0.05018295720219612, -0.9902582168579102, 0.12988586723804474, -0.3335798680782318], [-0.2724973261356354, -0.13869120180606842, -0.9521081447601318, 2.5862274169921875], [0.0, 0.0, 0.0, 1.0]]}, "frame2.png": {"intrinsics": [[2985.29, 0.0, 512.0], [0.0, 2985.29, 512.0], [0.0, 0.0, 1.0]], "pose": [[0.952276349067688, 0.012008239515125751, -0.3050008714199066, 0.7768948078155518], [0.042220816016197205, -0.9948026537895203, 0.09265565127134323, -0.2425413578748703], [-0.3023030459880829, -0.10111117362976074, -0.9478340148925781, 2.6017653942108154], [0.0, 0.0, 0.0, 1.0]]}, "frame3.png": {"intrinsics": [[2985.29, 0.0, 512.0], [0.0, 2985.29, 512.0], [0.0, 0.0, 1.0]], "pose": [[0.9641242027282715, 0.02673455700278282, -0.2641019821166992, 0.6974793672561646], [0.08368617296218872, -0.9747920632362366, 0.20682625472545624, -0.5592151880264282], [-0.2519150972366333, -0.22150789201259613, -0.9420578479766846, 2.6686031818389893], [0.0, 0.0, 0.0, 1.0]]}}