{"step": 99, "c_loss": 0.7001953125, "i_loss": 0.14671283960342407, "l2_loss": 147.1498565673828, "total_loss": 0.73046875, "_timestamp": 1678374622.5732882, "_runtime": 122.10251832008362, "_step": 99, "_wandb": {"runtime": 121}}