{"step": 15, "c_loss": 0.7958984375, "i_loss": 0.08610695600509644, "l2_loss": 10.62192153930664, "total_loss": 9.3046875, "_timestamp": 1678026095.2536876, "_runtime": 249.49427771568298, "_step": 1015, "_wandb": {"runtime": 248}}