{"step": 99, "c_loss": 0.6630859375, "i_loss": 0.05127763748168945, "l2_loss": 4493.64599609375, "total_loss": 3594.0, "_timestamp": 1678025165.1210575, "_runtime": 1193.98681640625, "_step": 4999, "_wandb": {"runtime": 1193}}