{"frame0.png": {"intrinsics": [[2985.29, 0.0, 512.0], [0.0, 2985.29, 512.0], [0.0, 0.0, 1.0]], "pose": [[0.9918397068977356, -0.010971244424581528, -0.12701813876628876, 0.34434303641319275], [-0.018985584378242493, -0.997891902923584, -0.06205837056040764, 0.1728179156780243], [-0.12606951594352722, 0.06396347284317017, -0.9899570941925049, 2.8600001335144043], [0.0, 0.0, 0.0, 1.0]]}, "frame1.png": {"intrinsics": [[2985.29, 0.0, 512.0], [0.0, 2985.29, 512.0], [0.0, 0.0, 1.0]], "pose": [[0.9792523980140686, 0.19882746040821075, -0.03914542496204376, 0.10346958786249161], [0.20209920406341553, -0.9723827838897705, 0.1167369857430458, -0.2947075664997101], [-0.014853820204734802, -0.12222623080015182, -0.9923911094665527, 2.7266478538513184], [0.0, 0.0, 0.0, 1.0]]}, "frame10.png": {"intrinsics": [[2985.29, 0.0, 512.0], [0.0, 2985.29, 512.0], [0.0, 0.0, 1.0]], "pose": [[0.9910874366760254, 0.05283040553331375, -0.1222897619009018, 0.3303232789039612], [0.05557063966989517, -0.9982720017433167, 0.019104178994894028, -0.040849898010492325], [-0.12106917053461075, -0.025729630142450333, -0.9923105835914612, 2.850571632385254], [0.0, 0.0, 0.0, 1.0]]}, "frame11.png": {"intrinsics": [[2985.29, 0.0, 512.0], [0.0, 2985.29, 512.0], [0.0, 0.0, 1.0]], "pose": [[0.9903784990310669, 0.07223454862833023, -0.1180361807346344, 0.31227973103523254], [0.087823286652565, -0.9872567057609558, 0.1327071636915207, -0.34464046359062195], [-0.10694596916437149, -0.14179666340351105, -0.9841017127037048, 2.7455661296844482], [0.0, 0.0, 0.0, 1.0]]}, "frame12.png": {"intrinsics": [[2985.29, 0.0, 512.0], [0.0, 2985.29, 512.0], [0.0, 0.0, 1.0]], "pose": [[0.9971175193786621, 0.026976116001605988, -0.07091528177261353, 0.19140899181365967], [0.014356156811118126, -0.9848556518554688, -0.1727808564901352, 0.4846467971801758], [-0.07450227439403534, 0.17126475274562836, -0.9824040532112122, 2.8663330078125], [0.0, 0.0, 0.0, 1.0]]}, "frame13.png": {"intrinsics": [[2985.29, 0.0, 512.0], [0.0, 2985.29, 512.0], [0.0, 0.0, 1.0]], "pose": [[0.9930503368377686, 0.0011834363685920835, -0.11768447607755661, 0.32075604796409607], [-0.0021067559719085693, -0.9996104836463928, -0.02782941609621048, 0.08184116333723068], [-0.11767157167196274, 0.027883941307663918, -0.9926610589027405, 2.8418478965759277], [0.0, 0.0, 0.0, 1.0]]}, "frame14.png": {"intrinsics": [[2985.29, 0.0, 512.0], [0.0, 2985.29, 512.0], [0.0, 0.0, 1.0]], "pose": [[0.9857152104377747, 0.1588321477174759, -0.05601678788661957, 0.15358829498291016], [0.15835177898406982, -0.9872980117797852, -0.012940733693540096, 0.044432833790779114], [-0.05736066401004791, 0.003885519690811634, -0.9983459711074829, 2.839031219482422], [0.0, 0.0, 0.0, 1.0]]}, "frame15.png": {"intrinsics": [[2985.29, 0.0, 512.0], [0.0, 2985.29, 512.0], [0.0, 0.0, 1.0]], "pose": [[0.9931223392486572, 0.014734398573637009, -0.11615046858787537, 0.313740998506546], [0.004675140604376793, -0.9962490200996399, -0.0864063948392868, 0.2501062750816345], [-0.11698794364929199, 0.08526909351348877, -0.9894660711288452, 2.80336594581604], [0.0, 0.0, 0.0, 1.0]]}, "frame2.png": {"intrinsics": [[2985.29, 0.0, 512.0], [0.0, 2985.29, 512.0], [0.0, 0.0, 1.0]], "pose": [[0.9955463409423828, 0.0778844878077507, -0.053117938339710236, 0.1430816650390625], [0.07350800931453705, -0.9940897226333618, -0.07988888025283813, 0.2173699289560318], [-0.05902609974145889, 0.07562848925590515, -0.9953874945640564, 2.850670576095581], [0.0, 0.0, 0.0, 1.0]]}, "frame3.png": {"intrinsics": [[2985.29, 0.0, 512.0], [0.0, 2985.29, 512.0], [0.0, 0.0, 1.0]], "pose": [[0.9952253699302673, 0.07246240973472595, -0.0653882771730423, 0.17562070488929749], [0.07038191705942154, -0.996954619884491, -0.03358197584748268, 0.09558158367872238], [-0.0676225796341896, 0.028819484636187553, -0.9972946047782898, 2.87880539894104], [0.0, 0.0, 0.0, 1.0]]}, "frame4.png": {"intrinsics": [[2985.29, 0.0, 512.0], [0.0, 2985.29, 512.0], [0.0, 0.0, 1.0]], "pose": [[0.9942423105239868, 0.060152966529130936, -0.08867853879928589, 0.2382686287164688], [0.055694740265607834, -0.9970968961715698, -0.051920950412750244, 0.14607422053813934], [-0.09154429286718369, 0.04668307676911354, -0.9947061538696289, 2.810930013656616], [0.0, 0.0, 0.0, 1.0]]}, "frame5.png": {"intrinsics": [[2985.29, 0.0, 512.0], [0.0, 2985.29, 512.0], [0.0, 0.0, 1.0]], "pose": [[0.9957818388938904, 0.04801306873559952, -0.0781879723072052, 0.21463032066822052], [0.0325380340218544, -0.981562077999115, -0.18835406005382538, 0.5230653882026672], [-0.08578980714082718, 0.1850154548883438, -0.9789838790893555, 2.859424114227295], [0.0, 0.0, 0.0, 1.0]]}, "frame6.png": {"intrinsics": [[2985.29, 0.0, 512.0], [0.0, 2985.29, 512.0], [0.0, 0.0, 1.0]], "pose": [[0.990166187286377, 0.0639919862151146, -0.12440204620361328, 0.33508700132369995], [0.07113554328680038, -0.9960118532180786, 0.053851477801799774, -0.14117960631847382], [-0.12045985460281372, -0.062171321362257004, -0.9907694458961487, 2.851539373397827], [0.0, 0.0, 0.0, 1.0]]}, "frame7.png": {"intrinsics": [[2985.29, 0.0, 512.0], [0.0, 2985.29, 512.0], [0.0, 0.0, 1.0]], "pose": [[0.9942430257797241, 0.06602798402309418, -0.0843869298696518, 0.22746393084526062], [0.07233919948339462, -0.9946267008781433, 0.07405823469161987, -0.19402195513248444], [-0.07904357463121414, -0.0797363668680191, -0.9936771392822266, 2.7963314056396484], [0.0, 0.0, 0.0, 1.0]]}, "frame8.png": {"intrinsics": [[2985.29, 0.0, 512.0], [0.0, 2985.29, 512.0], [0.0, 0.0, 1.0]], "pose": [[0.9903419017791748, 0.05348224565386772, -0.1279166042804718, 0.33251386880874634], [0.06504428386688232, -0.9939957857131958, 0.08798664063215256, -0.21903932094573975], [-0.12244284152984619, -0.09545709937810898, -0.9878743290901184, 2.683190107345581], [0.0, 0.0, 0.0, 1.0]]}, "frame9.png": {"intrinsics": [[2985.29, 0.0, 512.0], [0.0, 2985.29, 512.0], [0.0, 0.0, 1.0]], "pose": [[0.9905388951301575, 0.03463141992688179, -0.13279074430465698, 0.36486026644706726], [0.028544260188937187, -0.9984645843505859, -0.047473546117544174, 0.13601692020893097], [-0.13423092663288116, 0.04323397949337959, -0.9900065660476685, 2.894388198852539], [0.0, 0.0, 0.0, 1.0]]}}