{"step": 87, "c_loss": 0.7783203125, "i_loss": 0.06880110502243042, "l2_loss": 0.007161768153309822, "total_loss": 0.791015625, "_timestamp": 1678026605.0836873, "_runtime": 439.8145353794098, "_step": 1787, "_wandb": {"runtime": 439}}