{"step": 2, "c_loss": 0.77587890625, "i_loss": 0.08148431777954102, "l2_loss": 4.699768543243408, "total_loss": 4.54296875, "_timestamp": 1678026790.2361827, "_runtime": 594.6815826892853, "_step": 2402, "_wandb": {"runtime": 594}}