{"w_std_temp": 8.8825012313537, "w_std_res_8": 8.904592828282492, "w_std_8": 10.8513500132184, "w_noise_scale_8": 0.500030208609104, "w_std_res_29": 8.932271635060143, "w_std_29": 10.862491042142452, "w_noise_scale_29": 0.5005435872219242, "w_std_res_25": 8.898943933130493, "w_std_25": 10.849079115586262, "w_noise_scale_25": 0.49992556564621493, "w_std_res_30": 8.913378725965817, "w_std_30": 10.854883927436765, "w_noise_scale_30": 0.5001930513762861, "w_std_res_47": 8.891354209989613, "w_std_47": 10.846029511847872, "w_noise_scale_47": 0.4997850399059499, "w_std_res_9": 8.932925839975388, "w_std_9": 10.862754646756272, "w_noise_scale_9": 0.500555734122529, "w_std_res_16": 8.9308804157261, "w_std_16": 10.861930508661892, "w_noise_scale_16": 0.50051775783914, "w_std_res_35": 8.905724107280665, "w_std_35": 10.851804911799235, "w_noise_scale_35": 0.5000511703357087, "w_std_res_0": 8.90224164185628, "w_std_0": 10.850404701553762, "w_noise_scale_0": 0.49998664864759734, "w_std_res_15": 8.919447677687224, "w_std_15": 10.857326378706222, "w_noise_scale_15": 0.5003055995307827, "w_std_res_48": 8.896099478844647, "w_std_48": 10.847935989596131, "w_noise_scale_48": 0.49987289040058974, "w_std_res_42": 8.898619977277376, "w_std_42": 10.848948912221866, "w_noise_scale_42": 0.49991956587518366, "w_std_res_44": 8.903444733641019, "w_std_44": 10.850888392488883, "w_noise_scale_44": 0.5000089371258878, "w_std_res_2": 8.896685214870761, "w_std_2": 10.848171364480052, "w_noise_scale_2": 0.4998837364752408, "w_std_res_22": 8.93150235822619, "w_std_22": 10.862181087090658, "w_noise_scale_22": 0.5005293044931376, "w_std_res_37": 8.901017322474999, "w_std_37": 10.849912521248731, "w_noise_scale_37": 0.4999639689791416, "w_std_res_1": 8.906478067255318, "w_std_1": 10.852108108133875, "w_noise_scale_1": 0.500065141622809, "w_std_res_33": 8.926076615736614, "w_std_33": 10.859995467885794, "w_noise_scale_33": 0.5004285911601773, "w_std_res_31": 8.917137643324791, "w_std_31": 10.85639657356436, "w_noise_scale_31": 0.5002627541098458, "w_std_res_32": 8.886725968403661, "w_std_32": 10.844170708697598, "w_noise_scale_32": 0.4996993862567853, "w_std_res_10": 8.932925839975388, "w_std_10": 10.862754646756272, "w_noise_scale_10": 0.500555734122529, "w_std_res_26": 8.920429501991482, "w_std_26": 10.857721618737514, "w_noise_scale_26": 0.5003238121914246, "w_std_res_19": 8.88405875712222, "w_std_19": 10.843099793186449, "w_noise_scale_19": 0.49965003847003153, "w_std_res_40": 8.90270016975187, "w_std_40": 10.850589042910297, "w_noise_scale_40": 0.49999514309730647, "w_std_res_20": 8.940957373234703, "w_std_20": 10.86599191572035, "w_noise_scale_20": 0.5007049074763937, "w_std_res_18": 8.910649352039389, "w_std_18": 10.853785853044549, "w_noise_scale_18": 0.5001424521082928, "w_std_res_38": 8.881717088350653, "w_std_38": 10.842159764519936, "w_noise_scale_38": 0.4996067219490787, "w_std_res_39": 8.919954806499863, "w_std_39": 10.857530523212908, "w_noise_scale_39": 0.5003150065096508, "w_std_res_27": 8.913745091851125, "w_std_27": 10.85503133991906, "w_noise_scale_27": 0.5001998441434703, "w_std_res_6": 8.903916360933541, "w_std_6": 10.851078017442552, "w_noise_scale_6": 0.5000176750437528, "w_std_res_46": 8.884104045287852, "w_std_46": 10.843117975097153, "w_noise_scale_46": 0.49965087629247684, "w_std_res_21": 8.892975194640993, "w_std_21": 10.846680688262424, "w_noise_scale_21": 0.4998150461151325, "w_std_res_45": 8.920083992737961, "w_std_45": 10.857582528324388, "w_noise_scale_45": 0.5003174029051878, "w_std_res_24": 8.899452230334179, "w_std_24": 10.849283415276789, "w_noise_scale_24": 0.4999349797759544, "w_std_res_3": 8.934666946087022, "w_std_3": 10.863456269041404, "w_noise_scale_3": 0.5005880648774279, "w_std_res_28": 8.89291765254801, "w_std_28": 10.846657571286649, "w_noise_scale_28": 0.49981398088488876, "w_std_res_23": 8.901731748654303, "w_std_23": 10.850199717343916, "w_noise_scale_23": 0.49997720297520765, "w_std_res_14": 8.886555857023575, "w_std_14": 10.844102400613894, "w_noise_scale_14": 0.49969623862028817, "w_std_res_13": 8.870401977926367, "w_std_13": 10.837619823443706, "w_noise_scale_13": 0.499397521464286, "w_std_res_17": 8.930444330351094, "w_std_17": 10.861754818369588, "w_noise_scale_17": 0.5005096620304706, "w_std_res_11": 8.903142440312859, "w_std_11": 10.850766854380614, "w_noise_scale_11": 0.5000033366498587, "w_std_res_49": 8.929770696244109, "w_std_49": 10.861483435602846, "w_noise_scale_49": 0.5004971567125791, "w_std_res_5": 8.898764837043398, "w_std_5": 10.849007133431613, "w_noise_scale_5": 0.49992224870852875, "w_std_res_7": 8.92925056345716, "w_std_7": 10.861273902321495, "w_noise_scale_7": 0.5004875014189745, "w_std_res_36": 8.885938681422465, "w_std_36": 10.84385458162825, "w_noise_scale_36": 0.4996848191214297, "w_std_res_12": 8.918043507406766, "w_std_12": 10.856761171039915, "w_noise_scale_12": 0.5002795547615193, "w_std_res_43": 8.852584809675646, "w_std_43": 10.830478957697345, "w_noise_scale_43": 0.49906847037069363, "w_std_res_34": 8.886328597204809, "w_std_34": 10.844011145990905, "w_noise_scale_34": 0.49969203360726094, "w_std_res_4": 8.88597912444093, "w_std_4": 10.843870820652558, "w_noise_scale_4": 0.4996855674156699, "w_std_res_41": 8.8825012313537, "w_std_41": 10.842474528734202, "w_noise_scale_41": 0.4996212262840721, "l2_loss": 28.135663986206055, "lpips_loss": 24.608823776245117, "noise_reg": 5.489841461181641, "total_delta_reg": 10614.0224609375, "total_loss": 63.3585205078125, "step": 6, "t": 0.03, "lr_ramp": 0.6, "lr": 0.006, "_timestamp": 1677746884.0660574, "_runtime": 68.84981656074524, "_step": 6}