{"w_std_8": 8.904731888159239, "w_noise_scale_8": 0.0, "w_std_29": 8.913849389433278, "w_noise_scale_29": 0.0, "w_std_25": 8.9154816190714, "w_noise_scale_25": 0.0, "w_std_30": 8.923377828770896, "w_noise_scale_30": 0.0, "w_std_47": 8.871695687691277, "w_noise_scale_47": 0.0, "w_std_9": 8.896936797291525, "w_noise_scale_9": 0.0, "w_std_16": 8.887586145855353, "w_noise_scale_16": 0.0, "w_std_35": 8.951845567395585, "w_noise_scale_35": 0.0, "w_std_0": 8.888616754731864, "w_noise_scale_0": 0.0, "w_std_15": 8.90401550916776, "w_noise_scale_15": 0.0, "w_std_48": 8.9226143520271, "w_noise_scale_48": 0.0, "w_std_42": 8.922660757868137, "w_noise_scale_42": 0.0, "w_std_44": 8.901725605184648, "w_noise_scale_44": 0.0, "w_std_2": 8.880522049688295, "w_noise_scale_2": 0.0, "w_std_22": 8.915388732410943, "w_noise_scale_22": 0.0, "w_std_37": 8.936828209018007, "w_noise_scale_37": 0.0, "w_std_1": 8.906717531588166, "w_noise_scale_1": 0.0, "w_std_33": 8.896893330680097, "w_noise_scale_33": 0.0, "w_std_31": 8.912202835158096, "w_noise_scale_31": 0.0, "w_std_32": 8.922416467807363, "w_noise_scale_32": 0.0, "w_std_10": 8.90978877064434, "w_noise_scale_10": 0.0, "w_std_26": 8.928554964270534, "w_noise_scale_26": 0.0, "w_std_19": 8.904731888159239, "w_noise_scale_19": 0.0, "w_std_40": 8.873529807804784, "w_noise_scale_40": 0.0, "w_std_20": 8.889482461735328, "w_noise_scale_20": 0.0, "w_std_18": 8.910730890336662, "w_noise_scale_18": 0.0, "w_std_38": 8.932060407599135, "w_noise_scale_38": 0.0, "w_std_39": 8.921208490866022, "w_noise_scale_39": 0.0, "w_std_27": 8.910662065048815, "w_noise_scale_27": 0.0, "w_std_6": 8.899669937699937, "w_noise_scale_6": 0.0, "w_std_46": 8.879215988053225, "w_noise_scale_46": 0.0, "w_std_21": 8.886740473874546, "w_noise_scale_21": 0.0, "w_std_45": 8.917640523142879, "w_noise_scale_45": 0.0, "w_std_24": 8.922533797918616, "w_noise_scale_24": 0.0, "w_std_3": 8.905548656596066, "w_noise_scale_3": 0.0, "w_std_28": 8.895504921728726, "w_noise_scale_28": 0.0, "w_std_23": 8.929830625493409, "w_noise_scale_23": 0.0, "w_std_14": 8.890070830707707, "w_noise_scale_14": 0.0, "w_std_13": 8.934672629705018, "w_noise_scale_13": 0.0, "w_std_17": 8.913849389433278, "w_noise_scale_17": 0.0, "w_std_11": 8.916225991836455, "w_noise_scale_11": 0.0, "w_std_49": 8.908064727397305, "w_noise_scale_49": 0.0, "w_std_5": 8.91712712985522, "w_noise_scale_5": 0.0, "w_std_7": 8.858582526284891, "w_noise_scale_7": 0.0, "w_std_36": 8.875580526788093, "w_noise_scale_36": 0.0, "w_std_12": 8.926660822362413, "w_noise_scale_12": 0.0, "w_std_43": 8.937343093028263, "w_noise_scale_43": 0.0, "w_std_34": 8.90724424274983, "w_noise_scale_34": 0.0, "w_std_4": 8.92249877416635, "w_noise_scale_4": 0.0, "w_std_41": 8.91137221125344, "w_noise_scale_41": 0.0, "l2_loss": 22.80800437927246, "lpips_loss": 12.584931373596191, "noise_reg": 1.1307667042298464e-12, "total_delta_reg": 3929.529296875, "total_loss": 12.584931373596191, "step": 199, "t": 0.995, "lr_ramp": 0.0009866357858642205, "lr": 9.866357858642205e-06, "_timestamp": 1677756481.7990274, "_runtime": 1728.4743494987488, "_step": 199, "_wandb": {"runtime": 1727}}