{"frame0.png": {"intrinsics": [[2985.29, 0.0, 512.0], [0.0, 2985.29, 512.0], [0.0, 0.0, 1.0]], "pose": [[0.986083984375, -0.14493335783481598, -0.08144102245569229, 0.2233511209487915], [-0.1625707745552063, -0.9431061744689941, -0.2900369167327881, 0.8214269876480103], [-0.03477150946855545, 0.29924070835113525, -0.9535439014434814, 2.847447395324707], [0.0, 0.0, 0.0, 1.0]]}, "frame1.png": {"intrinsics": [[2985.29, 0.0, 512.0], [0.0, 2985.29, 512.0], [0.0, 0.0, 1.0]], "pose": [[0.9777022004127502, -0.1558566689491272, -0.1407376527786255, 0.39581185579299927], [-0.19205021858215332, -0.934714138507843, -0.2990421652793884, 0.8620470762252808], [-0.08494175970554352, 0.31940287351608276, -0.9438043236732483, 2.8856213092803955], [0.0, 0.0, 0.0, 1.0]]}, "frame2.png": {"intrinsics": [[2985.29, 0.0, 512.0], [0.0, 2985.29, 512.0], [0.0, 0.0, 1.0]], "pose": [[0.9708417654037476, -0.1704529970884323, -0.16855885088443756, 0.4521545171737671], [-0.21974268555641174, -0.9138083457946777, -0.34156620502471924, 0.9404407739639282], [-0.09580950438976288, 0.3686462938785553, -0.9246191382408142, 2.6947507858276367], [0.0, 0.0, 0.0, 1.0]]}, "frame3.png": {"intrinsics": [[2985.29, 0.0, 512.0], [0.0, 2985.29, 512.0], [0.0, 0.0, 1.0]], "pose": [[0.9751303791999817, -0.04752172529697418, -0.21647746860980988, 0.5883188247680664], [-0.15068277716636658, -0.8584218621253967, -0.49031269550323486, 1.3432486057281494], [-0.16252848505973816, 0.5107381939888, -0.8442339301109314, 2.4834537506103516], [0.0, 0.0, 0.0, 1.0]]}, "frame4.png": {"intrinsics": [[2985.29, 0.0, 512.0], [0.0, 2985.29, 512.0], [0.0, 0.0, 1.0]], "pose": [[0.9876050353050232, -0.08647660166025162, -0.13098885118961334, 0.3264531195163727], [-0.13085907697677612, -0.9144707918167114, -0.38290858268737793, 0.9913023114204407], [-0.08667285740375519, 0.39530351758003235, -0.9144522547721863, 2.5153377056121826], [0.0, 0.0, 0.0, 1.0]]}, "frame5.png": {"intrinsics": [[2985.29, 0.0, 512.0], [0.0, 2985.29, 512.0], [0.0, 0.0, 1.0]], "pose": [[0.9929935932159424, -0.09147165715694427, -0.0748106986284256, 0.18258324265480042], [-0.1113722026348114, -0.9360516667366028, -0.3337717056274414, 0.8755841851234436], [-0.03949602693319321, 0.3397650122642517, -0.9396806955337524, 2.5840461254119873], [0.0, 0.0, 0.0, 1.0]]}, "frame6.png": {"intrinsics": [[2985.29, 0.0, 512.0], [0.0, 2985.29, 512.0], [0.0, 0.0, 1.0]], "pose": [[0.9935311079025269, -0.1134086474776268, -0.005873275455087423, -0.005931519903242588], [-0.10949772596359253, -0.942992627620697, -0.31428518891334534, 0.8009787797927856], [0.030104201287031174, 0.3128952085971832, -0.9493104815483093, 2.5407841205596924], [0.0, 0.0, 0.0, 1.0]]}, "frame7.png": {"intrinsics": [[2985.29, 0.0, 512.0], [0.0, 2985.29, 512.0], [0.0, 0.0, 1.0]], "pose": [[0.9838095307350159, -0.13193854689598083, -0.12128886580467224, 0.34013301134109497], [-0.1663883477449417, -0.9238753318786621, -0.34462904930114746, 0.9978970885276794], [-0.06658594310283661, 0.3592303991317749, -0.9308704733848572, 2.820323944091797], [0.0, 0.0, 0.0, 1.0]]}}