{"step": 21, "c_loss": 0.7744140625, "i_loss": 0.06700479984283447, "l2_loss": 2.0764613151550293, "total_loss": 0.79150390625, "_timestamp": 1678027576.2807553, "_runtime": 227.03920936584473, "_step": 921}