{"frame0.png": {"intrinsics": [[2985.29, 0.0, 512.0], [0.0, 2985.29, 512.0], [0.0, 0.0, 1.0]], "pose": [[0.9792318344116211, -0.12411529570817947, -0.16031330823898315, 0.4111374020576477], [-0.1339608132839203, -0.9896162152290344, -0.052099138498306274, 0.132101371884346], [-0.15218235552310944, 0.07249283790588379, -0.9856902360916138, 2.7482943534851074], [0.0, 0.0, 0.0, 1.0]]}, "frame1.png": {"intrinsics": [[2985.29, 0.0, 512.0], [0.0, 2985.29, 512.0], [0.0, 0.0, 1.0]], "pose": [[0.9793898463249207, -0.1240164265036583, -0.15942256152629852, 0.4087844789028168], [-0.13376766443252563, -0.989651620388031, -0.051922548562288284, 0.13162396848201752], [-0.15133355557918549, 0.07217799872159958, -0.985844075679779, 2.748176336288452], [0.0, 0.0, 0.0, 1.0]]}, "frame10.png": {"intrinsics": [[2985.29, 0.0, 512.0], [0.0, 2985.29, 512.0], [0.0, 0.0, 1.0]], "pose": [[0.9882146120071411, -0.13396762311458588, -0.07405789941549301, 0.18578895926475525], [-0.13569402694702148, -0.9905729293823242, -0.018770728260278702, 0.04628216475248337], [-0.07084507495164871, 0.02859872207045555, -0.9970772862434387, 2.758742570877075], [0.0, 0.0, 0.0, 1.0]]}, "frame11.png": {"intrinsics": [[2985.29, 0.0, 512.0], [0.0, 2985.29, 512.0], [0.0, 0.0, 1.0]], "pose": [[0.9895156025886536, -0.13335630297660828, -0.05545206740498543, 0.13213509321212769], [-0.13446442782878876, -0.9907770156860352, -0.016740435734391212, 0.03564700856804848], [-0.05270819365978241, 0.024021252989768982, -0.9983210563659668, 2.7568230628967285], [0.0, 0.0, 0.0, 1.0]]}, "frame12.png": {"intrinsics": [[2985.29, 0.0, 512.0], [0.0, 2985.29, 512.0], [0.0, 0.0, 1.0]], "pose": [[0.9892004132270813, -0.13637036085128784, -0.05371786281466484, 0.13185109198093414], [-0.1367521435022354, -0.9905991554260254, -0.003479541512206197, 0.0045789312571287155], [-0.052738361060619354, 0.010787997394800186, -0.9985500574111938, 2.7647478580474854], [0.0, 0.0, 0.0, 1.0]]}, "frame13.png": {"intrinsics": [[2985.29, 0.0, 512.0], [0.0, 2985.29, 512.0], [0.0, 0.0, 1.0]], "pose": [[0.9892799854278564, -0.13698291778564453, -0.05060345679521561, 0.12053843587636948], [-0.1364675760269165, -0.9905523061752319, 0.01351907104253769, -0.03648066893219948], [-0.0519772507250309, -0.006468417122960091, -0.9986273050308228, 2.740875482559204], [0.0, 0.0, 0.0, 1.0]]}, "frame14.png": {"intrinsics": [[2985.29, 0.0, 512.0], [0.0, 2985.29, 512.0], [0.0, 0.0, 1.0]], "pose": [[0.9895132184028625, -0.13762930035591125, -0.043837882578372955, 0.10680439323186874], [-0.13739605247974396, -0.9904813766479492, 0.008304179646074772, -0.027607275173068047], [-0.044563502073287964, -0.0021939431317150593, -0.9990041255950928, 2.760699510574341], [0.0, 0.0, 0.0, 1.0]]}, "frame15.png": {"intrinsics": [[2985.29, 0.0, 512.0], [0.0, 2985.29, 512.0], [0.0, 0.0, 1.0]], "pose": [[0.9905080795288086, -0.13063116371631622, -0.04276946187019348, 0.1022280901670456], [-0.12943218648433685, -0.9911432266235352, 0.029707221314311028, -0.08378178626298904], [-0.046271346509456635, -0.02388949692249298, -0.9986432194709778, 2.7497873306274414], [0.0, 0.0, 0.0, 1.0]]}, "frame16.png": {"intrinsics": [[2985.29, 0.0, 512.0], [0.0, 2985.29, 512.0], [0.0, 0.0, 1.0]], "pose": [[0.9907991290092468, -0.1290518194437027, -0.0407768115401268, 0.10355520248413086], [-0.1276821345090866, -0.9912118911743164, 0.03458692505955696, -0.0981028750538826], [-0.04488196596503258, -0.029062220826745033, -0.9985694289207458, 2.7781007289886475], [0.0, 0.0, 0.0, 1.0]]}, "frame17.png": {"intrinsics": [[2985.29, 0.0, 512.0], [0.0, 2985.29, 512.0], [0.0, 0.0, 1.0]], "pose": [[0.9917922616004944, -0.12219885736703873, -0.037622515112161636, 0.09295296669006348], [-0.12084037065505981, -0.9920010566711426, 0.03649008274078369, -0.10392774641513824], [-0.04178062081336975, -0.03164426237344742, -0.9986255764961243, 2.759422779083252], [0.0, 0.0, 0.0, 1.0]]}, "frame18.png": {"intrinsics": [[2985.29, 0.0, 512.0], [0.0, 2985.29, 512.0], [0.0, 0.0, 1.0]], "pose": [[0.9928892850875854, -0.11477319151163101, -0.03158840164542198, 0.07597071677446365], [-0.11401484906673431, -0.9931681752204895, 0.024849535897374153, -0.07202070206403732], [-0.034224655479192734, -0.021071292459964752, -0.9991919994354248, 2.798417329788208], [0.0, 0.0, 0.0, 1.0]]}, "frame19.png": {"intrinsics": [[2985.29, 0.0, 512.0], [0.0, 2985.29, 512.0], [0.0, 0.0, 1.0]], "pose": [[0.9932787418365479, -0.11391512304544449, -0.020510394126176834, 0.04519527405500412], [-0.11353126913309097, -0.9933527112007141, 0.019000262022018433, -0.05959236994385719], [-0.022538471966981888, -0.016543984413146973, -0.999609112739563, 2.7839879989624023], [0.0, 0.0, 0.0, 1.0]]}, "frame2.png": {"intrinsics": [[2985.29, 0.0, 512.0], [0.0, 2985.29, 512.0], [0.0, 0.0, 1.0]], "pose": [[0.9794978499412537, -0.12578758597373962, -0.15735764801502228, 0.41026219725608826], [-0.13433516025543213, -0.9899193048477173, -0.04487511143088341, 0.11265569925308228], [-0.1501266360282898, 0.0650937408208847, -0.9865215420722961, 2.7937259674072266], [0.0, 0.0, 0.0, 1.0]]}, "frame20.png": {"intrinsics": [[2985.29, 0.0, 512.0], [0.0, 2985.29, 512.0], [0.0, 0.0, 1.0]], "pose": [[0.9935259222984314, -0.11338833719491959, -0.007024586200714111, 0.01417679712176323], [-0.11332596838474274, -0.9935196042060852, 0.008718984201550484, -0.02782307378947735], [-0.007967695593833923, -0.007866468280553818, -0.9999372959136963, 2.873018980026245], [0.0, 0.0, 0.0, 1.0]]}, "frame21.png": {"intrinsics": [[2985.29, 0.0, 512.0], [0.0, 2985.29, 512.0], [0.0, 0.0, 1.0]], "pose": [[0.9936679601669312, -0.11218593269586563, 0.006188273895531893, -0.0224070455878973], [-0.11217746883630753, -0.9936867356300354, -0.0016982837114483118, 0.0002495310618542135], [0.00633972929790616, 0.0009933451656252146, -0.9999794363975525, 2.782632827758789], [0.0, 0.0, 0.0, 1.0]]}, "frame22.png": {"intrinsics": [[2985.29, 0.0, 512.0], [0.0, 2985.29, 512.0], [0.0, 0.0, 1.0]], "pose": [[0.9934837222099304, -0.11254895478487015, 0.017964957281947136, -0.05065659061074257], [-0.11221589148044586, -0.9935100674629211, -0.018583860248327255, 0.04148890823125839], [0.019939960911870003, 0.016446810215711594, -0.9996658563613892, 2.715791940689087], [0.0, 0.0, 0.0, 1.0]]}, "frame23.png": {"intrinsics": [[2985.29, 0.0, 512.0], [0.0, 2985.29, 512.0], [0.0, 0.0, 1.0]], "pose": [[0.9931066036224365, -0.11319564282894135, 0.030430328100919724, -0.08524539321660995], [-0.11255313456058502, -0.9934006929397583, -0.022062543779611588, 0.05609177052974701], [0.032726895064115524, 0.018485430628061295, -0.999293327331543, 2.786113739013672], [0.0, 0.0, 0.0, 1.0]]}, "frame24.png": {"intrinsics": [[2985.29, 0.0, 512.0], [0.0, 2985.29, 512.0], [0.0, 0.0, 1.0]], "pose": [[0.993233859539032, -0.11092082411050797, 0.03439478203654289, -0.09270601719617844], [-0.10982850193977356, -0.9934296607971191, -0.03217485919594765, 0.07487177103757858], [0.0377376563847065, 0.028179632499814034, -0.998890221118927, 2.7194039821624756], [0.0, 0.0, 0.0, 1.0]]}, "frame25.png": {"intrinsics": [[2985.29, 0.0, 512.0], [0.0, 2985.29, 512.0], [0.0, 0.0, 1.0]], "pose": [[0.9928568601608276, -0.1102687194943428, 0.04556385427713394, -0.12266018241643906], [-0.10847777873277664, -0.9932907819747925, -0.0400753952562809, 0.09532196074724197], [0.04967721924185753, 0.0348464660346508, -0.998157262802124, 2.7549936771392822], [0.0, 0.0, 0.0, 1.0]]}, "frame26.png": {"intrinsics": [[2985.29, 0.0, 512.0], [0.0, 2985.29, 512.0], [0.0, 0.0, 1.0]], "pose": [[0.9923578500747681, -0.11273505538702011, 0.050167012959718704, -0.13307958841323853], [-0.11029215902090073, -0.9926874041557312, -0.04906386882066727, 0.11749153584241867], [0.05533137917518616, 0.043155886232852936, -0.997534990310669, 2.741905450820923], [0.0, 0.0, 0.0, 1.0]]}, "frame27.png": {"intrinsics": [[2985.29, 0.0, 512.0], [0.0, 2985.29, 512.0], [0.0, 0.0, 1.0]],