{"w_std_temp": 8.882476604247264, "w_std_res_8": 8.897129979661981, "w_std_8": 10.848329933392973, "w_noise_scale_8": 0.0, "w_std_res_29": 8.926660822362413, "w_std_29": 10.860210615332235, "w_noise_scale_29": 0.0, "w_std_res_25": 8.932587810931388, "w_std_25": 10.862598302201919, "w_noise_scale_25": 0.0, "w_std_res_30": 8.882601058389373, "w_std_30": 10.842494426589528, "w_noise_scale_30": 0.0, "w_std_res_47": 8.925052083181363, "w_std_47": 10.859562717801992, "w_noise_scale_47": 0.0, "w_std_res_9": 8.919974075074434, "w_std_9": 10.857518132612075, "w_noise_scale_9": 0.0, "w_std_res_16": 8.91091281449325, "w_std_16": 10.853871684651288, "w_noise_scale_16": 0.0, "w_std_res_35": 8.911342842131033, "w_std_35": 10.854044681016381, "w_noise_scale_35": 0.0, "w_std_res_0": 8.89122856035655, "w_std_0": 10.845958870847936, "w_noise_scale_0": 0.0, "w_std_res_15": 8.931519415110735, "w_std_15": 10.862167820726441, "w_noise_scale_15": 0.0, "w_std_res_48": 8.874505267900854, "w_std_48": 10.83924554858409, "w_noise_scale_48": 0.0, "w_std_res_42": 8.908647484326675, "w_std_42": 10.852960454410585, "w_noise_scale_42": 0.0, "w_std_res_44": 8.901132740415683, "w_std_44": 10.849938756307568, "w_noise_scale_44": 0.0, "w_std_res_2": 8.904063328054221, "w_std_2": 10.851116949996438, "w_noise_scale_2": 0.0, "w_std_res_22": 8.888908555750813, "w_std_22": 10.845027032152801, "w_noise_scale_22": 0.0, "w_std_res_37": 8.890055891275376, "w_std_37": 10.845487843453608, "w_noise_scale_37": 0.0, "w_std_res_1": 8.933028164485993, "w_std_1": 10.862775740890308, "w_noise_scale_1": 0.0, "w_std_res_33": 8.923043377962477, "w_std_33": 10.858753849141715, "w_noise_scale_33": 0.0, "w_std_res_31": 8.907060489437578, "w_std_31": 10.852322177332601, "w_noise_scale_31": 0.0, "w_std_res_32": 8.892095330966713, "w_std_32": 10.84630705441949, "w_noise_scale_32": 0.0, "w_std_res_10": 8.861949030828377, "w_std_10": 10.834210609511429, "w_noise_scale_10": 0.0, "w_std_res_26": 8.884866434702325, "w_std_26": 10.843403888568616, "w_noise_scale_26": 0.0, "w_std_res_19": 8.903107779028623, "w_std_19": 10.850732758954576, "w_noise_scale_19": 0.0, "w_std_res_40": 8.902357482712093, "w_std_40": 10.850431111826847, "w_noise_scale_40": 0.0, "w_std_res_20": 8.922929994542152, "w_std_20": 10.858708195355238, "w_noise_scale_20": 0.0, "w_std_res_18": 8.910315300257338, "w_std_18": 10.853631319171479, "w_noise_scale_18": 0.0, "w_std_res_38": 8.907905109367746, "w_std_38": 10.85266186745791, "w_noise_scale_38": 0.0, "w_std_res_39": 8.910263569333962, "w_std_39": 10.853610509583897, "w_noise_scale_39": 0.0, "w_std_res_27": 8.927008702527404, "w_std_27": 10.860350729545985, "w_noise_scale_27": 0.0, "w_std_res_6": 8.874260092396435, "w_std_6": 10.839147189556703, "w_noise_scale_6": 0.0, "w_std_res_46": 8.890634995600708, "w_std_46": 10.845720447773399, "w_noise_scale_46": 0.0, "w_std_res_21": 8.922533797918616, "w_std_21": 10.858548669999596, "w_noise_scale_21": 0.0, "w_std_res_45": 8.942349645786615, "w_std_45": 10.866533165958451, "w_noise_scale_45": 0.0, "w_std_res_24": 8.909734844539427, "w_std_24": 10.853397826256993, "w_noise_scale_24": 0.0, "w_std_res_3": 8.893511504181012, "w_std_3": 10.846875983146022, "w_noise_scale_3": 0.0, "w_std_res_28": 8.919117021179844, "w_std_28": 10.857173129289917, "w_noise_scale_28": 0.0, "w_std_res_23": 8.907823106685493, "w_std_23": 10.852628886587802, "w_noise_scale_23": 0.0, "w_std_res_14": 8.910562552386914, "w_std_14": 10.853730781394939, "w_noise_scale_14": 0.0, "w_std_res_13": 8.910001841329777, "w_std_13": 10.85350522656736, "w_noise_scale_13": 0.0, "w_std_res_17": 8.933306708604603, "w_std_17": 10.862887982139004, "w_noise_scale_17": 0.0, "w_std_res_11": 8.910200001262599, "w_std_11": 10.853584938425875, "w_noise_scale_11": 0.0, "w_std_res_49": 8.889316797425998, "w_std_49": 10.845190992151775, "w_noise_scale_49": 0.0, "w_std_res_5": 8.89929596934499, "w_std_5": 10.849200445770185, "w_noise_scale_5": 0.0, "w_std_res_7": 8.939522061469505, "w_std_7": 10.86539310940359, "w_noise_scale_7": 0.0, "w_std_res_36": 8.92285951223037, "w_std_36": 10.85867981587771, "w_noise_scale_36": 0.0, "w_std_res_12": 8.90943934122681, "w_std_12": 10.853278961620308, "w_noise_scale_12": 0.0, "w_std_res_43": 8.886796297738572, "w_std_43": 10.844178777545812, "w_noise_scale_43": 0.0, "w_std_res_34": 8.891846686712496, "w_std_34": 10.846207171172788, "w_noise_scale_34": 0.0, "w_std_res_4": 8.902415402574741, "w_std_4": 10.850454397166967, "w_noise_scale_4": 0.0, "w_std_res_41": 8.926561925652003, "w_std_41": 10.8601707837918, "w_noise_scale_41": 0.0, "l2_loss": 40419.78125, "lpips_loss": 34.35652542114258, "noise_reg": 478.80279541015625, "total_delta_reg": 32285.330078125, "total_loss": 40486.42578125, "step": 199, "t": 0.995, "lr_ramp": 0.0009866357858642205, "lr": 9.866357858642205e-06, "_timestamp": 1677850812.5447927, "_runtime": 1742.468362569809, "_step": 199, "_wandb": {"runtime": 1741}}