{"w_std_temp": 8.882476604247264, "w_std_res_8": 8.883872765438506, "w_std_8": 10.84300494918844, "w_noise_scale_8": 0.0, "w_std_res_29": 8.910947007052616, "w_std_29": 10.853885439814858, "w_noise_scale_29": 0.0, "w_std_res_25": 8.920484677134981, "w_std_25": 10.857723683799932, "w_noise_scale_25": 0.0, "w_std_res_30": 8.895618215587941, "w_std_30": 10.84772243880599, "w_noise_scale_30": 0.0, "w_std_res_47": 8.898023832570916, "w_std_47": 10.848689156126191, "w_noise_scale_47": 0.0, "w_std_res_9": 8.912680573205796, "w_std_9": 10.854582874297842, "w_noise_scale_9": 0.0, "w_std_res_16": 8.858609865548884, "w_std_16": 10.832872440516413, "w_noise_scale_16": 0.0, "w_std_res_35": 8.934672629705018, "w_std_35": 10.863438423215737, "w_noise_scale_35": 0.0, "w_std_res_0": 8.915658188686912, "w_std_0": 10.855781016784329, "w_noise_scale_0": 0.0, "w_std_res_15": 8.885082740892175, "w_std_15": 10.843490735373226, "w_noise_scale_15": 0.0, "w_std_res_48": 8.911444976124804, "w_std_48": 10.854085769452212, "w_noise_scale_48": 0.0, "w_std_res_42": 8.910315300257338, "w_std_42": 10.853631319171479, "w_noise_scale_42": 0.0, "w_std_res_44": 8.885806361130092, "w_std_44": 10.843781278773331, "w_noise_scale_44": 0.0, "w_std_res_2": 8.892977390896707, "w_std_2": 10.846661403111558, "w_noise_scale_2": 0.0, "w_std_res_22": 8.935527754419432, "w_std_22": 10.863783051382239, "w_noise_scale_22": 0.0, "w_std_res_37": 8.926660822362413, "w_std_37": 10.860210615332235, "w_noise_scale_37": 0.0, "w_std_res_1": 8.90556927223072, "w_std_1": 10.85172249072123, "w_noise_scale_1": 0.0, "w_std_res_33": 8.929830625493409, "w_std_33": 10.861487438422051, "w_noise_scale_33": 0.0, "w_std_res_31": 8.863008183596582, "w_std_31": 10.834635135325277, "w_noise_scale_31": 0.0, "w_std_res_32": 8.92251672385656, "w_std_32": 10.858541795373585, "w_noise_scale_32": 0.0, "w_std_res_10": 8.916907658347707, "w_std_10": 10.856283862209711, "w_noise_scale_10": 0.0, "w_std_res_26": 8.926536544903628, "w_std_26": 10.860160561514503, "w_noise_scale_26": 0.0, "w_std_res_19": 8.872301526379726, "w_std_19": 10.838361521408576, "w_noise_scale_19": 0.0, "w_std_res_40": 8.895569912181006, "w_std_40": 10.847703029472415, "w_noise_scale_40": 0.0, "w_std_res_20": 8.901433785492088, "w_std_20": 10.850059774460922, "w_noise_scale_20": 0.0, "w_std_res_18": 8.896791029635349, "w_std_18": 10.84819372205576, "w_noise_scale_18": 0.0, "w_std_res_38": 8.873529807804784, "w_std_38": 10.838854226231664, "w_noise_scale_38": 0.0, "w_std_res_39": 8.882628763491132, "w_std_39": 10.842505548188575, "w_noise_scale_39": 0.0, "w_std_res_27": 8.93643262857165, "w_std_27": 10.864147753332979, "w_noise_scale_27": 0.0, "w_std_res_6": 8.90401550916776, "w_std_6": 10.851097723128062, "w_noise_scale_6": 0.0, "w_std_res_46": 8.894992446596007, "w_std_46": 10.847470997022763, "w_noise_scale_46": 0.0, "w_std_res_21": 8.913139440595552, "w_std_21": 10.854767497366076, "w_noise_scale_21": 0.0, "w_std_res_45": 8.907823106685493, "w_std_45": 10.852628886587802, "w_noise_scale_45": 0.0, "w_std_res_24": 8.910794454620754, "w_std_24": 10.853824070488935, "w_noise_scale_24": 0.0, "w_std_res_3": 8.944830909525345, "w_std_3": 10.867533787617134, "w_noise_scale_3": 0.0, "w_std_res_28": 8.896648772150106, "w_std_28": 10.848136555130102, "w_noise_scale_28": 0.0, "w_std_res_23": 8.882476604247264, "w_std_23": 10.842444467519767, "w_noise_scale_23": 0.0, "w_std_res_14": 8.869930330194258, "w_std_14": 10.837410484780255, "w_noise_scale_14": 0.0, "w_std_res_13": 8.928607464212995, "w_std_13": 10.860994702949634, "w_noise_scale_13": 0.0, "w_std_res_17": 8.915927198698967, "w_std_17": 10.855889275095109, "w_noise_scale_17": 0.0, "w_std_res_11": 8.864144769801541, "w_std_11": 10.835090735660685, "w_noise_scale_11": 0.0, "w_std_res_49": 8.918483703102227, "w_std_49": 10.856918204104929, "w_noise_scale_49": 0.0, "w_std_res_5": 8.885692942168326, "w_std_5": 10.843735738463245, "w_noise_scale_5": 0.0, "w_std_res_7": 8.899507974461285, "w_std_7": 10.84928565836825, "w_noise_scale_7": 0.0, "w_std_res_36": 8.91196702473702, "w_std_36": 10.85429579417753, "w_noise_scale_36": 0.0, "w_std_res_12": 8.874904488922683, "w_std_12": 10.839405711194456, "w_noise_scale_12": 0.0, "w_std_res_43": 8.922416467807363, "w_std_43": 10.858501428892017, "w_noise_scale_43": 0.0, "w_std_res_34": 8.898225771186073, "w_std_34": 10.8487703148214, "w_noise_scale_34": 0.0, "w_std_res_4": 8.908558911238114, "w_std_4": 10.852924828991952, "w_noise_scale_4": 0.0, "w_std_res_41": 8.877752214102397, "w_std_41": 10.840548324173922, "w_noise_scale_41": 0.0, "l2_loss": 37.05803680419922, "lpips_loss": 9.858162879943848, "noise_reg": 3.9714770101034746e-13, "total_delta_reg": 25644.41796875, "total_loss": 9.858162879943848, "step": 199, "t": 0.995, "lr_ramp": 0.0009866357858642205, "lr": 9.866357858642205e-06, "_timestamp": 1677817160.0845246, "_runtime": 1852.8301675319672, "_step": 199, "_wandb": {"runtime": 1851}}