{"w_std_temp": 8.882476604247264, "w_std_res_8": 8.90724424274983, "w_std_8": 12.579244437763343, "w_noise_scale_8": 0.0, "w_std_res_29": 8.908305026069774, "w_std_29": 12.579995590718623, "w_noise_scale_29": 0.0, "w_std_res_25": 8.940930285770044, "w_std_25": 12.603119653482626, "w_noise_scale_25": 0.0, "w_std_res_30": 8.898733231477388, "w_std_30": 12.573219307321414, "w_noise_scale_30": 0.0, "w_std_res_47": 8.865690980544043, "w_std_47": 12.54985526559968, "w_noise_scale_47": 0.0, "w_std_res_9": 8.88633607005722, "w_std_9": 12.564448232015604, "w_noise_scale_9": 0.0, "w_std_res_16": 8.943474401763556, "w_std_16": 12.604924632856793, "w_noise_scale_16": 0.0, "w_std_res_35": 8.885526767586715, "w_std_35": 12.563875857493182, "w_noise_scale_35": 0.0, "w_std_res_0": 8.889474112679558, "w_std_0": 12.566667840959274, "w_noise_scale_0": 0.0, "w_std_res_15": 8.877201751537475, "w_std_15": 12.55798955097909, "w_noise_scale_15": 0.0, "w_std_res_48": 8.924220904370308, "w_std_48": 12.591271158028485, "w_noise_scale_48": 0.0, "w_std_res_42": 8.933464560992, "w_std_42": 12.597824402947518, "w_noise_scale_42": 0.0, "w_std_res_44": 8.896745366986739, "w_std_44": 12.571812468773148, "w_noise_scale_44": 0.0, "w_std_res_2": 8.935846000799254, "w_std_2": 12.599513259447765, "w_noise_scale_2": 0.0, "w_std_res_22": 8.896863913761972, "w_std_22": 12.571896361527962, "w_noise_scale_22": 0.0, "w_std_res_37": 8.927047646758698, "w_std_37": 12.593274804930607, "w_noise_scale_37": 0.0, "w_std_res_1": 8.893236545262923, "w_std_1": 12.569329611200432, "w_noise_scale_1": 0.0, "w_std_res_33": 8.911752686060133, "w_std_33": 12.582437226646514, "w_noise_scale_33": 0.0, "w_std_res_31": 8.912261129337493, "w_std_31": 12.582797346476658, "w_noise_scale_31": 0.0, "w_std_res_32": 8.863469181844094, "w_std_32": 12.54828580175396, "w_noise_scale_32": 0.0, "w_std_res_10": 8.898533499262674, "w_std_10": 12.57307794704622, "w_noise_scale_10": 0.0, "w_std_res_26": 8.923409347048919, "w_std_26": 12.590695969643617, "w_noise_scale_26": 0.0, "w_std_res_19": 8.876223067132777, "w_std_19": 12.557297741253889, "w_noise_scale_19": 0.0, "w_std_res_40": 8.901531206062247, "w_std_40": 12.575199737479322, "w_noise_scale_40": 0.0, "w_std_res_20": 8.912122186942906, "w_std_20": 12.582698935443064, "w_noise_scale_20": 0.0, "w_std_res_18": 8.875002640844677, "w_std_18": 12.55643510316523, "w_noise_scale_18": 0.0, "w_std_res_38": 8.911229748188518, "w_std_38": 12.582066851276862, "w_noise_scale_38": 0.0, "w_std_res_39": 8.879738171815653, "w_std_39": 12.559782666312344, "w_noise_scale_39": 0.0, "w_std_res_27": 8.861949030828377, "w_std_27": 12.54721209073952, "w_noise_scale_27": 0.0, "w_std_res_6": 8.895618215587941, "w_std_6": 12.571014838210159, "w_noise_scale_6": 0.0, "w_std_res_46": 8.933464560992, "w_std_46": 12.597824402947518, "w_noise_scale_46": 0.0, "w_std_res_21": 8.91391556079594, "w_std_21": 12.58396921682503, "w_noise_scale_21": 0.0, "w_std_res_45": 8.912929951059866, "w_std_45": 12.583271074625232, "w_noise_scale_45": 0.0, "w_std_res_24": 8.893191303604123, "w_std_24": 12.569297601198723, "w_noise_scale_24": 0.0, "w_std_res_3": 8.90521836130367, "w_std_3": 12.577810011583892, "w_noise_scale_3": 0.0, "w_std_res_28": 8.941613126975469, "w_std_28": 12.603604085240857, "w_noise_scale_28": 0.0, "w_std_res_23": 8.884663313119974, "w_std_23": 12.563265213012897, "w_noise_scale_23": 0.0, "w_std_res_14": 8.903891793058808, "w_std_14": 12.576870822565523, "w_noise_scale_14": 0.0, "w_std_res_13": 8.904653365656634, "w_std_13": 12.577409995205691, "w_noise_scale_13": 0.0, "w_std_res_17": 8.905998242055743, "w_std_17": 12.57836218720466, "w_noise_scale_17": 0.0, "w_std_res_11": 8.896916161653992, "w_std_11": 12.571933336305122, "w_noise_scale_11": 0.0, "w_std_res_49": 8.903704022062952, "w_std_49": 12.576737889353502, "w_noise_scale_49": 0.0, "w_std_res_5": 8.934741707234743, "w_std_5": 12.598730094735739, "w_noise_scale_5": 0.0, "w_std_res_7": 8.922087672596588, "w_std_7": 12.58975929327086, "w_noise_scale_7": 0.0, "w_std_res_36": 8.883387761715685, "w_std_36": 12.562363183334575, "w_noise_scale_36": 0.0, "w_std_res_12": 8.879215988053225, "w_std_12": 12.559413488993028, "w_noise_scale_12": 0.0, "w_std_res_43": 8.906717531588166, "w_std_43": 12.578871484060086, "w_noise_scale_43": 0.0, "w_std_res_34": 8.92459032673209, "w_std_34": 12.591532993444444, "w_noise_scale_34": 0.0, "w_std_res_4": 8.957533055339512, "w_std_4": 12.614903450383599, "w_noise_scale_4": 0.0, "w_std_res_41": 8.896916161653992, "w_std_41": 12.571933336305122, "w_noise_scale_41": 0.0, "l2_loss": 37.39165496826172, "lpips_loss": 9.939289093017578, "noise_reg": 6.794861440000133e-13, "total_delta_reg": 27931.337890625, "total_loss": 9.939289093017578, "step": 199, "t": 0.995, "lr_ramp": 0.0009866357858642205, "lr": 9.866357858642205e-06, "_timestamp": 1677817594.3453412, "_runtime": 2185.0868101119995, "_step": 199, "_wandb": {"runtime": 2184}}