{"frame0.png": {"intrinsics": [[2985.29, 0.0, 512.0], [0.0, 2985.29, 512.0], [0.0, 0.0, 1.0]], "pose": [[0.9935604929924011, -0.028167344629764557, 0.10974591225385666, -0.28334346413612366], [-0.04066622257232666, -0.9927200675010681, 0.11337157338857651, -0.28651127219200134], [0.1057535856962204, -0.11710447072982788, -0.9874728322029114, 2.7111611366271973], [0.0, 0.0, 0.0, 1.0]]}, "frame1.png": {"intrinsics": [[2985.29, 0.0, 512.0], [0.0, 2985.29, 512.0], [0.0, 0.0, 1.0]], "pose": [[0.8317432403564453, -0.05425208806991577, 0.5525032877922058, -1.4677281379699707], [-0.11441284418106079, -0.9906006455421448, 0.07496780902147293, -0.19532261788845062], [0.5432429909706116, -0.1255674511194229, -0.8301324844360352, 2.3665578365325928], [0.0, 0.0, 0.0, 1.0]]}, "frame2.png": {"intrinsics": [[2985.29, 0.0, 512.0], [0.0, 2985.29, 512.0], [0.0, 0.0, 1.0]], "pose": [[0.9402377605438232, -0.08164862543344498, 0.33058515191078186, -0.8523798584938049], [-0.11485137045383453, -0.9899802207946777, 0.082148477435112, -0.20413513481616974], [0.32056543231010437, -0.1152072548866272, -0.9401941895484924, 2.585693120956421], [0.0, 0.0, 0.0, 1.0]]}, "frame3.png": {"intrinsics": [[2985.29, 0.0, 512.0], [0.0, 2985.29, 512.0], [0.0, 0.0, 1.0]], "pose": [[0.6427607536315918, -0.06485208123922348, 0.7633169889450073, -2.020658016204834], [-0.17576417326927185, -0.9823139905929565, 0.06454620510339737, -0.17960281670093536], [0.7456309795379639, -0.17565155029296875, -0.6427915692329407, 1.8643172979354858], [0.0, 0.0, 0.0, 1.0]]}, "frame4.png": {"intrinsics": [[2985.29, 0.0, 512.0], [0.0, 2985.29, 512.0], [0.0, 0.0, 1.0]], "pose": [[0.8451643586158752, -0.05618210509419441, 0.5315456986427307, -1.390116810798645], [-0.08010666072368622, -0.9965426325798035, 0.022040309384465218, -0.0500556118786335], [0.5284696817398071, -0.061208032071590424, -0.8467428088188171, 2.375760793685913], [0.0, 0.0, 0.0, 1.0]]}}