{"w_std_temp": 8.882476604247264, "w_std_res_8": 8.894750909946833, "w_std_8": 10.847373947758047, "w_noise_scale_8": 0.0, "w_std_res_29": 8.92249877416635, "w_std_29": 10.858534568197959, "w_noise_scale_29": 0.0, "w_std_res_25": 8.904702935808695, "w_std_25": 10.851374128134648, "w_noise_scale_25": 0.0, "w_std_res_30": 8.903243790888801, "w_std_30": 10.850787442623691, "w_noise_scale_30": 0.0, "w_std_res_47": 8.948757769936563, "w_std_47": 10.86911775542293, "w_noise_scale_47": 0.0, "w_std_res_9": 8.899987710665673, "w_std_9": 10.849478486890511, "w_noise_scale_9": 0.0, "w_std_res_16": 8.881609774556637, "w_std_16": 10.8420965129847, "w_noise_scale_16": 0.0, "w_std_res_35": 8.939012546836478, "w_std_35": 10.865187703308443, "w_noise_scale_35": 0.0, "w_std_res_0": 8.90115643821071, "w_std_0": 10.849948282566833, "w_noise_scale_0": 0.0, "w_std_res_15": 8.886796297738572, "w_std_15": 10.844178777545812, "w_noise_scale_15": 0.0, "w_std_res_48": 8.895117164770793, "w_std_48": 10.847521109394071, "w_noise_scale_48": 0.0, "w_std_res_42": 8.912437762756046, "w_std_42": 10.854485183266407, "w_noise_scale_42": 0.0, "w_std_res_44": 8.920034070142332, "w_std_44": 10.857542284196962, "w_noise_scale_44": 0.0, "w_std_res_2": 8.886796297738572, "w_std_2": 10.844178777545812, "w_noise_scale_2": 0.0, "w_std_res_22": 8.896665017718718, "w_std_22": 10.848143083467097, "w_noise_scale_22": 0.0, "w_std_res_37": 8.873529807804784, "w_std_37": 10.838854226231664, "w_noise_scale_37": 0.0, "w_std_res_1": 8.947084022182871, "w_std_1": 10.868442563219443, "w_noise_scale_1": 0.0, "w_std_res_33": 8.90691050182385, "w_std_33": 10.852261857413641, "w_noise_scale_33": 0.0, "w_std_res_31": 8.885481486672514, "w_std_31": 10.843650835281446, "w_noise_scale_31": 0.0, "w_std_res_32": 8.903495626718755, "w_std_32": 10.850888694883475, "w_noise_scale_32": 0.0, "w_std_res_10": 8.91974985635808, "w_std_10": 10.857427872198828, "w_noise_scale_10": 0.0, "w_std_res_26": 8.917601099791357, "w_std_26": 10.856562956053358, "w_noise_scale_26": 0.0, "w_std_res_19": 8.913647804771063, "w_std_19": 10.854972042657456, "w_noise_scale_19": 0.0, "w_std_res_40": 8.920969853384776, "w_std_40": 10.857919006708883, "w_noise_scale_40": 0.0, "w_std_res_20": 8.899606293960424, "w_std_20": 10.849325177027142, "w_noise_scale_20": 0.0, "w_std_res_18": 8.892816623545096, "w_std_18": 10.846596816513463, "w_noise_scale_18": 0.0, "w_std_res_38": 8.873229576935334, "w_std_38": 10.8387337893432, "w_noise_scale_38": 0.0, "w_std_res_39": 8.916266297475643, "w_std_39": 10.85602574250241, "w_noise_scale_39": 0.0, "w_std_res_27": 8.935846000799254, "w_std_27": 10.863911315106545, "w_noise_scale_27": 0.0, "w_std_res_6": 8.893231713640436, "w_std_6": 10.84676357620673, "w_noise_scale_6": 0.0, "w_std_res_46": 8.878389317607107, "w_std_46": 10.840803987424088, "w_noise_scale_46": 0.0, "w_std_res_21": 8.878871074776342, "w_std_21": 10.840997319925183, "w_noise_scale_21": 0.0, "w_std_res_45": 8.889422699900146, "w_std_45": 10.845233526041522, "w_noise_scale_45": 0.0, "w_std_res_24": 8.925582088861209, "w_std_24": 10.859776161654992, "w_noise_scale_24": 0.0, "w_std_res_3": 8.934672629705018, "w_std_3": 10.863438423215737, "w_noise_scale_3": 0.0, "w_std_res_28": 8.870384363149096, "w_std_28": 10.837592574575776, "w_noise_scale_28": 0.0, "w_std_res_23": 8.873627094514395, "w_std_23": 10.838893253147436, "w_noise_scale_23": 0.0, "w_std_res_14": 8.912758586711524, "w_std_14": 10.854614262204347, "w_noise_scale_14": 0.0, "w_std_res_13": 8.887275841055008, "w_std_13": 10.844371343870055, "w_noise_scale_13": 0.0, "w_std_res_17": 8.905150809363084, "w_std_17": 10.85155421975926, "w_noise_scale_17": 0.0, "w_std_res_11": 8.9476917414493, "w_std_11": 10.868687708274628, "w_noise_scale_11": 0.0, "w_std_res_49": 8.899606293960424, "w_std_49": 10.849325177027142, "w_noise_scale_49": 0.0, "w_std_res_5": 8.893882641315884, "w_std_5": 10.847025092594512, "w_noise_scale_5": 0.0, "w_std_res_7": 8.932900477308587, "w_std_7": 10.862724289255205, "w_noise_scale_7": 0.0, "w_std_res_36": 8.931028688650597, "w_std_36": 10.861970107184746, "w_noise_scale_36": 0.0, "w_std_res_12": 8.908766311195956, "w_std_12": 10.853008248724175, "w_noise_scale_12": 0.0, "w_std_res_43": 8.90434804252956, "w_std_43": 10.851231428534966, "w_noise_scale_43": 0.0, "w_std_res_34": 8.905910958458994, "w_std_34": 10.851859892433186, "w_noise_scale_34": 0.0, "w_std_res_4": 8.945429175003287, "w_std_4": 10.867775078471674, "w_noise_scale_4": 0.0, "w_std_res_41": 8.896863913761972, "w_std_41": 10.848223011166391, "w_noise_scale_41": 0.0, "l2_loss": 13.226086616516113, "lpips_loss": 13.41563892364502, "noise_reg": 6.914395813718832e-13, "total_delta_reg": 2787.65673828125, "total_loss": 16.203298568725586, "step": 199, "t": 0.995, "lr_ramp": 0.0009866357858642205, "lr": 9.866357858642205e-06, "_timestamp": 1677813817.493508, "_runtime": 1798.0551931858063, "_step": 199, "_wandb": {"runtime": 1797}}