{"frame0.png": {"intrinsics": [[2985.29, 0.0, 512.0], [0.0, 2985.29, 512.0], [0.0, 0.0, 1.0]], "pose": [[0.9878685474395752, 0.1552497297525406, 0.0036441239062696695, -0.013459555804729462], [0.15520519018173218, -0.9862545728683472, -0.0566861629486084, 0.14162181317806244], [-0.005206477828323841, 0.05656406283378601, -0.9983854293823242, 2.656357765197754], [0.0, 0.0, 0.0, 1.0]]}, "frame1.png": {"intrinsics": [[2985.29, 0.0, 512.0], [0.0, 2985.29, 512.0], [0.0, 0.0, 1.0]], "pose": [[0.9758405685424805, 0.21258698403835297, -0.05041775852441788, 0.1216963678598404], [0.21339400112628937, -0.9769026637077332, 0.011141454800963402, -0.029899438843131065], [-0.04688471555709839, -0.021631130948662758, -0.9986660480499268, 2.6948866844177246], [0.0, 0.0, 0.0, 1.0]]}, "frame2.png": {"intrinsics": [[2985.29, 0.0, 512.0], [0.0, 2985.29, 512.0], [0.0, 0.0, 1.0]], "pose": [[0.9788047075271606, 0.19762976467609406, -0.05370153486728668, 0.12850718200206757], [0.19758279621601105, -0.9802663326263428, -0.006235064938664436, 0.014160471968352795], [-0.053874045610427856, -0.004507589153945446, -0.998537540435791, 2.6215007305145264], [0.0, 0.0, 0.0, 1.0]]}, "frame3.png": {"intrinsics": [[2985.29, 0.0, 512.0], [0.0, 2985.29, 512.0], [0.0, 0.0, 1.0]], "pose": [[0.9259170889854431, 0.3755556344985962, -0.04044158011674881, 0.1023653894662857], [0.37652990221977234, -0.9261943101882935, 0.01973257213830948, -0.04642492160201073], [-0.03004608117043972, -0.033498190343379974, -0.998987078666687, 2.7146403789520264], [0.0, 0.0, 0.0, 1.0]]}}