{"frame0.png": {"intrinsics": [[2985.29, 0.0, 512.0], [0.0, 2985.29, 512.0], [0.0, 0.0, 1.0]], "pose": [[0.9994748830795288, -0.03138457238674164, 0.008061829023063183, -0.023549290373921394], [-0.031231166794896126, -0.9993410110473633, -0.018497496843338013, 0.048239849507808685], [0.008637052029371262, 0.018236003816127777, -0.9997963905334473, 2.8417975902557373], [0.0, 0.0, 0.0, 1.0]]}, "frame1.png": {"intrinsics": [[2985.29, 0.0, 512.0], [0.0, 2985.29, 512.0], [0.0, 0.0, 1.0]], "pose": [[0.9998651146888733, 0.004751231987029314, -0.01572394371032715, 0.039462506771087646], [0.007137462496757507, -0.9878299236297607, 0.15537391602993011, -0.42888858914375305], [-0.014794365502893925, -0.15546518564224243, -0.9877305626869202, 2.8749701976776123], [0.0, 0.0, 0.0, 1.0]]}, "frame2.png": {"intrinsics": [[2985.29, 0.0, 512.0], [0.0, 2985.29, 512.0], [0.0, 0.0, 1.0]], "pose": [[0.9999241232872009, -0.011567467823624611, 0.004238185938447714, -0.01391748245805502], [-0.012115906924009323, -0.9856542944908142, 0.1683417558670044, -0.4490010440349579], [0.0022300980053842068, -0.16838033497333527, -0.9857195615768433, 2.8138842582702637], [0.0, 0.0, 0.0, 1.0]]}, "frame3.png": {"intrinsics": [[2985.29, 0.0, 512.0], [0.0, 2985.29, 512.0], [0.0, 0.0, 1.0]], "pose": [[0.9996987581253052, -0.009787416085600853, 0.022506505250930786, -0.06384692341089249], [-0.013570988550782204, -0.9845364689826965, 0.17465317249298096, -0.45154625177383423], [0.020449072122573853, -0.17490600049495697, -0.9843727350234985, 2.768937349319458], [0.0, 0.0, 0.0, 1.0]]}, "frame4.png": {"intrinsics": [[2985.29, 0.0, 512.0], [0.0, 2985.29, 512.0], [0.0, 0.0, 1.0]], "pose": [[0.9991823434829712, -0.009175376035273075, 0.03937661647796631, -0.11011482775211334], [-0.013494717888534069, -0.9937431812286377, 0.11087075620889664, -0.2884765863418579], [0.03811296820640564, -0.11131147295236588, -0.9930543899536133, 2.823704957962036], [0.0, 0.0, 0.0, 1.0]]}, "frame5.png": {"intrinsics": [[2985.29, 0.0, 512.0], [0.0, 2985.29, 512.0], [0.0, 0.0, 1.0]], "pose": [[0.9988716244697571, -0.002767154946923256, 0.047410931438207626, -0.1350741982460022], [-0.009601788595318794, -0.9894517660140991, 0.14454446732997894, -0.39370977878570557], [0.04651084914803505, -0.14483660459518433, -0.9883618354797363, 2.8681507110595703], [0.0, 0.0, 0.0, 1.0]]}, "frame6.png": {"intrinsics": [[2985.29, 0.0, 512.0], [0.0, 2985.29, 512.0], [0.0, 0.0, 1.0]], "pose": [[0.9990041851997375, -0.008109004236757755, 0.04387408867478371, -0.12559667229652405], [-0.01384042389690876, -0.9911593198776245, 0.1319531947374344, -0.3645022213459015], [0.042416203767061234, -0.13242901861667633, -0.9902845621109009, 2.8801276683807373], [0.0, 0.0, 0.0, 1.0]]}}