{"w_std_temp": 8.882476604247264, "w_std_res_8": 8.908064727397305, "w_std_8": 10.852726065227806, "w_noise_scale_8": 0.0, "w_std_res_29": 8.920484677134981, "w_std_29": 10.857723683799932, "w_noise_scale_29": 0.0, "w_std_res_25": 8.930512565776949, "w_std_25": 10.861762169274146, "w_noise_scale_25": 0.0, "w_std_res_30": 8.916130484268386, "w_std_30": 10.855971085219645, "w_noise_scale_30": 0.0, "w_std_res_47": 8.902616802800175, "w_std_47": 10.850535366256128, "w_noise_scale_47": 0.0, "w_std_res_9": 8.931630940091512, "w_std_9": 10.862212755120385, "w_noise_scale_9": 0.0, "w_std_res_16": 8.893236545262923, "w_std_16": 10.846765517309757, "w_noise_scale_16": 0.0, "w_std_res_35": 8.889837069654314, "w_std_35": 10.845399953724622, "w_noise_scale_35": 0.0, "w_std_res_0": 8.881454519108905, "w_std_0": 10.84203419422527, "w_noise_scale_0": 0.0, "w_std_res_15": 8.883387761715685, "w_std_15": 10.842810240258288, "w_noise_scale_15": 0.0, "w_std_res_48": 8.89113454163753, "w_std_48": 10.845921104699915, "w_noise_scale_48": 0.0, "w_std_res_42": 8.937974637746517, "w_std_42": 10.864769304097074, "w_noise_scale_42": 0.0, "w_std_res_44": 8.907720931164155, "w_std_44": 10.852587792636141, "w_noise_scale_44": 0.0, "w_std_res_2": 8.914309511257729, "w_std_2": 10.85523829842648, "w_noise_scale_2": 0.0, "w_std_res_22": 8.914389263292243, "w_std_22": 10.855270389740415, "w_noise_scale_22": 0.0, "w_std_res_37": 8.875527713184157, "w_std_37": 10.83965575084721, "w_noise_scale_37": 0.0, "w_std_res_1": 8.875771093262827, "w_std_1": 10.839753398947781, "w_noise_scale_1": 0.0, "w_std_res_33": 8.886991458727751, "w_std_33": 10.844257145921752, "w_noise_scale_33": 0.0, "w_std_res_31": 8.886796297738572, "w_std_31": 10.844178777545812, "w_noise_scale_31": 0.0, "w_std_res_32": 8.890055891275376, "w_std_32": 10.845487843453608, "w_noise_scale_32": 0.0, "w_std_res_10": 8.865667628554547, "w_std_10": 10.835701234807095, "w_noise_scale_10": 0.0, "w_std_res_26": 8.927927128538853, "w_std_26": 10.860720657632486, "w_noise_scale_26": 0.0, "w_std_res_19": 8.90434804252956, "w_std_19": 10.851231428534966, "w_noise_scale_19": 0.0, "w_std_res_40": 8.855651444134418, "w_std_40": 10.83168713774544, "w_noise_scale_40": 0.0, "w_std_res_20": 8.907406942399119, "w_std_20": 10.85246151153622, "w_noise_scale_20": 0.0, "w_std_res_18": 8.935527754419432, "w_std_18": 10.863783051382239, "w_noise_scale_18": 0.0, "w_std_res_38": 8.85654066213214, "w_std_38": 10.832043378328947, "w_noise_scale_38": 0.0, "w_std_res_39": 8.900427921594556, "w_std_39": 10.84965543447694, "w_noise_scale_39": 0.0, "w_std_res_27": 8.890070830707707, "w_std_27": 10.845493843931221, "w_noise_scale_27": 0.0, "w_std_res_6": 8.917728129966735, "w_std_6": 10.856614084280604, "w_noise_scale_6": 0.0, "w_std_res_46": 8.88567096158191, "w_std_46": 10.84372691279963, "w_noise_scale_46": 0.0, "w_std_res_21": 8.928359399268155, "w_std_21": 10.860894778544953, "w_noise_scale_21": 0.0, "w_std_res_45": 8.928554964270534, "w_std_45": 10.860973555004174, "w_noise_scale_45": 0.0, "w_std_res_24": 8.895490430549629, "w_std_24": 10.84767109222067, "w_noise_scale_24": 0.0, "w_std_res_3": 8.902101665477653, "w_std_3": 10.850328267643565, "w_noise_scale_3": 0.0, "w_std_res_28": 8.907733648352986, "w_std_28": 10.852592907342466, "w_noise_scale_28": 0.0, "w_std_res_23": 8.861949030828377, "w_std_23": 10.834210609511429, "w_noise_scale_23": 0.0, "w_std_res_14": 8.86194153741154, "w_std_14": 10.834207606148453, "w_noise_scale_14": 0.0, "w_std_res_13": 8.885481486672514, "w_std_13": 10.843650835281446, "w_noise_scale_13": 0.0, "w_std_res_17": 8.898421998450063, "w_std_17": 10.848849179319666, "w_noise_scale_17": 0.0, "w_std_res_11": 8.903704022062952, "w_std_11": 10.850972483059985, "w_noise_scale_11": 0.0, "w_std_res_49": 8.896654480055972, "w_std_49": 10.848138848870574, "w_noise_scale_49": 0.0, "w_std_res_5": 8.896202666025545, "w_std_5": 10.847957288989942, "w_noise_scale_5": 0.0, "w_std_res_7": 8.882691649353815, "w_std_7": 10.842530792410736, "w_noise_scale_7": 0.0, "w_std_res_36": 8.892938736716902, "w_std_36": 10.846645874128555, "w_noise_scale_36": 0.0, "w_std_res_12": 8.885427852669785, "w_std_12": 10.843629300480996, "w_noise_scale_12": 0.0, "w_std_res_43": 8.911773287342985, "w_std_43": 10.854217850966968, "w_noise_scale_43": 0.0, "w_std_res_34": 8.937463723702603, "w_std_34": 10.864563357683778, "w_noise_scale_34": 0.0, "w_std_res_4": 8.9154816190714, "w_std_4": 10.855709960661256, "w_noise_scale_4": 0.0, "w_std_res_41": 8.919353956425319, "w_std_41": 10.857268504324649, "w_noise_scale_41": 0.0, "l2_loss": 18.175214767456055, "lpips_loss": 17.68610954284668, "noise_reg": 2.3517548470408656e-05, "total_delta_reg": 0.0, "total_loss": 20.037857055664062, "step": 154, "t": 0.77, "lr_ramp": 0.9842915805643155, "lr": 0.009842915805643155, "_timestamp": 1677807391.1098063, "_runtime": 1402.136991262436, "_step": 154, "_wandb": {"runtime": 1402}}