{"frame0.png": {"intrinsics": [[2985.29, 0.0, 512.0], [0.0, 2985.29, 512.0], [0.0, 0.0, 1.0]], "pose": [[0.9764491319656372, 0.04202236607670784, -0.21161571145057678, 0.5834974646568298], [-0.029077641665935516, -0.9462658762931824, -0.32207992672920227, 0.8802193999290466], [-0.2137792706489563, 0.3206479251384735, -0.9227585792541504, 2.698892116546631], [0.0, 0.0, 0.0, 1.0]]}, "frame1.png": {"intrinsics": [[2985.29, 0.0, 512.0], [0.0, 2985.29, 512.0], [0.0, 0.0, 1.0]], "pose": [[0.9764928817749023, 0.04215637594461441, -0.21138706803321838, 0.5825103521347046], [-0.029006216675043106, -0.9460686445236206, -0.32266494631767273, 0.8812241554260254], [-0.21358905732631683, 0.321211576461792, -0.9226065874099731, 2.6968679428100586], [0.0, 0.0, 0.0, 1.0]]}, "frame10.png": {"intrinsics": [[2985.29, 0.0, 512.0], [0.0, 2985.29, 512.0], [0.0, 0.0, 1.0]], "pose": [[0.9755373001098633, 0.04970976337790489, -0.21414001286029816, 0.5844860672950745], [-0.027276039123535156, -0.9392012357711792, -0.3422819972038269, 0.9268900752067566], [-0.21813532710075378, 0.3397497236728668, -0.914870023727417, 2.66165828704834], [0.0, 0.0, 0.0, 1.0]]}, "frame11.png": {"intrinsics": [[2985.29, 0.0, 512.0], [0.0, 2985.29, 512.0], [0.0, 0.0, 1.0]], "pose": [[0.9761949777603149, 0.04943636432290077, -0.2111857831478119, 0.5769256949424744], [-0.026596449315547943, -0.9390459060668945, -0.34276139736175537, 0.9262232780456543], [-0.21525803208351135, 0.34021875262260437, -0.9153770804405212, 2.660567045211792], [0.0, 0.0, 0.0, 1.0]]}, "frame12.png": {"intrinsics": [[2985.29, 0.0, 512.0], [0.0, 2985.29, 512.0], [0.0, 0.0, 1.0]], "pose": [[0.9762038588523865, 0.047906748950481415, -0.21149680018424988, 0.5793559551239014], [-0.028309915214776993, -0.93879234790802, -0.343318372964859, 0.9328990578651428], [-0.21499884128570557, 0.34113621711730957, -0.9150965213775635, 2.6653389930725098], [0.0, 0.0, 0.0, 1.0]]}, "frame13.png": {"intrinsics": [[2985.29, 0.0, 512.0], [0.0, 2985.29, 512.0], [0.0, 0.0, 1.0]], "pose": [[0.9770341515541077, 0.051210276782512665, -0.20683735609054565, 0.5656947493553162], [-0.026666760444641113, -0.9336735606193542, -0.35713091492652893, 0.9711811542510986], [-0.2114073485136032, 0.35444480180740356, -0.9108653664588928, 2.648066997528076], [0.0, 0.0, 0.0, 1.0]]}, "frame14.png": {"intrinsics": [[2985.29, 0.0, 512.0], [0.0, 2985.29, 512.0], [0.0, 0.0, 1.0]], "pose": [[0.9770278930664062, 0.0512157678604126, -0.2068658322095871, 0.5655637979507446], [-0.02670934423804283, -0.9336110353469849, -0.3572913408279419, 0.9712864756584167], [-0.21143117547035217, 0.3546088635921478, -0.910796046257019, 2.6471080780029297], [0.0, 0.0, 0.0, 1.0]]}, "frame15.png": {"intrinsics": [[2985.29, 0.0, 512.0], [0.0, 2985.29, 512.0], [0.0, 0.0, 1.0]], "pose": [[0.9771072864532471, 0.04870613291859627, -0.20709659159183502, 0.5718251466751099], [-0.02824627235531807, -0.935122549533844, -0.35319676995277405, 0.9617643356323242], [-0.21086353063583374, 0.3509608507156372, -0.9123393297195435, 2.672837734222412], [0.0, 0.0, 0.0, 1.0]]}, "frame16.png": {"intrinsics": [[2985.29, 0.0, 512.0], [0.0, 2985.29, 512.0], [0.0, 0.0, 1.0]], "pose": [[0.9763849973678589, 0.049708809703588486, -0.2102411687374115, 0.5661709308624268], [-0.028353959321975708, -0.935265064239502, -0.3528105616569519, 0.9444315433502197], [-0.21416902542114258, 0.3504400849342346, -0.9117693901062012, 2.6201465129852295], [0.0, 0.0, 0.0, 1.0]]}, "frame17.png": {"intrinsics": [[2985.29, 0.0, 512.0], [0.0, 2985.29, 512.0], [0.0, 0.0, 1.0]], "pose": [[0.9752223491668701, 0.049927663058042526, -0.2155194729566574, 0.5962271094322205], [-0.030767537653446198, -0.9341228008270264, -0.35562336444854736, 0.9721554517745972], [-0.21907709538936615, 0.35344284772872925, -0.9094412326812744, 2.6716814041137695], [0.0, 0.0, 0.0, 1.0]]}, "frame18.png": {"intrinsics": [[2985.29, 0.0, 512.0], [0.0, 2985.29, 512.0], [0.0, 0.0, 1.0]], "pose": [[0.9763787388801575, 0.05124311149120331, -0.20990175008773804, 0.5803655982017517], [-0.029200918972492218, -0.9312617182731628, -0.36317896842956543, 0.9895607233047485], [-0.21408388018608093, 0.3607295751571655, -0.9077677726745605, 2.6609067916870117], [0.0, 0.0, 0.0, 1.0]]}, "frame19.png": {"intrinsics": [[2985.29, 0.0, 512.0], [0.0, 2985.29, 512.0], [0.0, 0.0, 1.0]], "pose": [[0.9762728214263916, 0.0501442514359951, -0.2106584906578064, 0.5828557014465332], [-0.030004069209098816, -0.9321115612983704, -0.3609263300895691, 0.9842689037322998], [-0.21445558965206146, 0.35868313908576965, -0.9084905982017517, 2.6687676906585693], [0.0, 0.0, 0.0, 1.0]]}, "frame2.png": {"intrinsics": [[2985.29, 0.0, 512.0], [0.0, 2985.29, 512.0], [0.0, 0.0, 1.0]], "pose": [[0.9764103293418884, 0.042375583201646805, -0.2117244303226471, 0.5872986912727356], [-0.028872326016426086, -0.9461246728897095, -0.3225127160549164, 0.8851863741874695], [-0.21398437023162842, 0.32101771235466003, -0.9225824475288391, 2.7119028568267822], [0.0, 0.0, 0.0, 1.0]]}, "frame20.png": {"intrinsics": [[2985.29, 0.0, 512.0], [0.0, 2985.29, 512.0], [0.0, 0.0, 1.0]], "pose": [[0.9762492179870605, 0.05062301829457283, -0.21065299212932587, 0.5824176669120789], [-0.029622051864862442, -0.9319971799850464, -0.3612529933452606, 0.9845587015151978], [-0.21461571753025055, 0.3589129149913788, -0.9083620309829712, 2.6667237281799316], [0.0, 0.0, 0.0, 1.0]]}, "frame21.png": {"intrinsics": [[2985.29, 0.0, 512.0], [0.0, 2985.29, 512.0], [0.0, 0.0, 1.0]], "pose": [[0.9758807420730591, 0.053739506751298904, -0.21158668398857117, 0.5716817378997803], [-0.025543618947267532, -0.9344604015350342, -0.3551497459411621, 0.9500014781951904], [-0.21680495142936707, 0.3519884943962097, -0.9105491638183594, 2.6248397827148438], [0.0, 0.0, 0.0, 1.0]]}, "frame22.png": {"intrinsics": [[2985.29, 0.0, 512.0], [0.0, 2985.29, 512.0], [0.0, 0.0, 1.0]], "pose": [[0.9759236574172974, 0.05252043530344963, -0.2116946578025818, 0.5821805000305176], [-0.02740112692117691, -0.9333640336990356, -0.3578838109970093, 0.9695767164230347], [-0.2163843810558319, 0.3550679683685303, -0.9094528555870056, 2.657435894012451], [0.0, 0.0, 0.0, 1.0]]}, "frame23.png": {"intrinsics": [[2985.29, 0.0, 512.0], [0.0, 2985.29, 512.0], [0.0, 0.0, 1.0]], "pose": [[0.975746214389801, 0.0532563142478466, -0.2123279869556427, 0.5878272652626038], [-0.025745831429958344, -0.9353037476539612, -0.3529079258441925, 0.9621197581291199], [-0.21738573908805847, 0.34981510043144226, -0.911247968673706, 2.677684783935547], [0.0, 0.0, 0.0, 1.0]]}, "frame24.png": {"intrinsics": [[2985.29, 0.0, 512.0], [0.0, 2985.29, 512.0], [0.0, 0.0, 1.0]], "pose": [[0.9747310876846313, 0.05645151808857918, -0.216130793094635, 0.585830569267273], [-0.024207498878240585, -0.9351490139961243, -0.35342666506767273, 0.951768159866333], [-0.2220659703016281, 0.34972792863845825, -0.9101522564888, 2.631838321685791], [0.0, 0.0, 0.0, 1.0]]}, "frame25.png": {"intrinsics": [[2985.29, 0.0, 512.0], [0.0, 2985.29, 512.0], [0.0, 0.0, 1.0]], "pose": [[0.9744831323623657, 0.06157716363668442, -0.21584929525852203, 0.5857374668121338], [-0.019846107810735703, -0.9342315793037415, -0.35611432790756226, 0.9579679369926453], [-0.22358174622058868, 0.35131117701530457, -0.9091708660125732, 2.629892110824585], [0.0, 0.0, 0.0, 1.0]]}, "frame26.png": {"intrinsics": [[2985.29, 0.0, 512.0], [0.0, 2985.29, 512.0], [0.0, 0.0, 1.0]], "pose": [[0.9743240475654602, 0.06049008294939995, -0.2168722301721573, 0.5882821083068848], [-0.021428853273391724, -0.9339470267295837, -0.35676848888397217, 0.9618116021156311], [-0.2241281270980835, 0.3522554636001587, -0.9086708426475525, 2.6316163539886475], [0.0, 0.0, 0.0, 1.0]]}, "frame27.png": {"intrinsics": [[2985.29, 0.0, 512.0], [0.0, 2985.29, 512.0], [0.0, 0.0, 1.0]],