{"frame0.png": {"intrinsics": [[2985.29, 0.0, 512.0], [0.0, 2985.29, 512.0], [0.0, 0.0, 1.0]], "pose": [[0.9966397881507874, -0.06379276514053345, -0.05137661099433899, 0.13510183990001678], [-0.0678771361708641, -0.9943076968193054, -0.08212713897228241, 0.2241145521402359], [-0.045845042914152145, 0.08533847332000732, -0.9952967166900635, 2.8013217449188232], [0.0, 0.0, 0.0, 1.0]]}, "frame1.png": {"intrinsics": [[2985.29, 0.0, 512.0], [0.0, 2985.29, 512.0], [0.0, 0.0, 1.0]], "pose": [[0.7618251442909241, 0.15047863125801086, -0.6300624012947083, 1.6716386079788208], [0.16047264635562897, -0.9861676096916199, -0.04149599373340607, 0.10256006568670273], [-0.6275913715362549, -0.06949508190155029, -0.7754349708557129, 2.2261879444122314], [0.0, 0.0, 0.0, 1.0]]}, "frame2.png": {"intrinsics": [[2985.29, 0.0, 512.0], [0.0, 2985.29, 512.0], [0.0, 0.0, 1.0]], "pose": [[0.9962021112442017, -0.03248055279254913, -0.08078623563051224, 0.21658889949321747], [-0.039702486246824265, -0.9951988458633423, -0.08945945650339127, 0.24414865672588348], [-0.07749268412590027, 0.09232711046934128, -0.992708683013916, 2.820797920227051], [0.0, 0.0, 0.0, 1.0]]}, "frame3.png": {"intrinsics": [[2985.29, 0.0, 512.0], [0.0, 2985.29, 512.0], [0.0, 0.0, 1.0]], "pose": [[0.9980323910713196, -0.02935662865638733, -0.05540284886956215, 0.14706264436244965], [-0.035532690584659576, -0.9928445219993591, -0.11400514096021652, 0.30081337690353394], [-0.051659610122442245, 0.11574944853782654, -0.9919341206550598, 2.7809228897094727], [0.0, 0.0, 0.0, 1.0]]}, "frame4.png": {"intrinsics": [[2985.29, 0.0, 512.0], [0.0, 2985.29, 512.0], [0.0, 0.0, 1.0]], "pose": [[0.9963531494140625, -0.0019331155344843864, -0.08530374616384506, 0.22748136520385742], [-0.010547226294875145, -0.9948663115501404, -0.10064704716205597, 0.2735096514225006], [-0.0846712589263916, 0.10117971897125244, -0.9912585020065308, 2.818789005279541], [0.0, 0.0, 0.0, 1.0]]}, "frame5.png": {"intrinsics": [[2985.29, 0.0, 512.0], [0.0, 2985.29, 512.0], [0.0, 0.0, 1.0]], "pose": [[0.9926903247833252, -0.02113204076886177, -0.11882499605417252, 0.30630919337272644], [-0.027100177481770515, -0.9984390735626221, -0.04883675277233124, 0.11836456507444382], [-0.1176074966788292, 0.05169995129108429, -0.9917134642601013, 2.7310104370117188], [0.0, 0.0, 0.0, 1.0]]}, "frame6.png": {"intrinsics": [[2985.29, 0.0, 512.0], [0.0, 2985.29, 512.0], [0.0, 0.0, 1.0]], "pose": [[0.9933891892433167, 0.00952153094112873, 0.11439913511276245, -0.3010519742965698], [0.023026831448078156, -0.9928270578384399, -0.11732059717178345, 0.31080999970436096], [0.11246148496866226, 0.11917927116155624, -0.9864829778671265, 2.757636070251465], [0.0, 0.0, 0.0, 1.0]]}, "frame7.png": {"intrinsics": [[2985.29, 0.0, 512.0], [0.0, 2985.29, 512.0], [0.0, 0.0, 1.0]], "pose": [[0.9915885329246521, 0.02908838540315628, 0.1261194795370102, -0.3357216715812683], [0.05372774973511696, -0.979005753993988, -0.1966240406036377, 0.5304328799247742], [0.11775222420692444, 0.20174625515937805, -0.9723337292671204, 2.761056661605835], [0.0, 0.0, 0.0, 1.0]]}}