{"w_std_temp": 8.882476604247264, "w_std_res_8": 8.901543054437248, "w_std_8": 10.850103700541299, "w_noise_scale_8": 0.0, "w_std_res_29": 8.894796582834259, "w_std_29": 10.847392298958308, "w_noise_scale_29": 0.0, "w_std_res_25": 8.90552102279816, "w_std_25": 10.85170308854214, "w_noise_scale_25": 0.0, "w_std_res_30": 8.920484677134981, "w_std_30": 10.857723683799932, "w_noise_scale_30": 0.0, "w_std_res_47": 8.91388006496049, "w_std_47": 10.855065497412948, "w_noise_scale_47": 0.0, "w_std_res_9": 8.930455265550576, "w_std_9": 10.8617390843962, "w_noise_scale_9": 0.0, "w_std_res_16": 8.889282961099843, "w_std_16": 10.845177402450593, "w_noise_scale_16": 0.0, "w_std_res_35": 8.919986774794006, "w_std_35": 10.85752324499584, "w_noise_scale_35": 0.0, "w_std_res_0": 8.922660757868137, "w_std_0": 10.858599788877017, "w_noise_scale_0": 0.0, "w_std_res_15": 8.910662065048815, "w_std_15": 10.853770812919121, "w_noise_scale_15": 0.0, "w_std_res_48": 8.907905109367746, "w_std_48": 10.85266186745791, "w_noise_scale_48": 0.0, "w_std_res_42": 8.901672507877382, "w_std_42": 10.850155741249754, "w_noise_scale_42": 0.0, "w_std_res_44": 8.929167881863348, "w_std_44": 10.861220454701442, "w_noise_scale_44": 0.0, "w_std_res_2": 8.904268200559775, "w_std_2": 10.851199325276216, "w_noise_scale_2": 0.0, "w_std_res_22": 8.87674366673951, "w_std_22": 10.840143629410544, "w_noise_scale_22": 0.0, "w_std_res_37": 8.912432503250725, "w_std_37": 10.854483067205457, "w_noise_scale_37": 0.0, "w_std_res_1": 8.90134250759401, "w_std_1": 10.850023081052639, "w_noise_scale_1": 0.0, "w_std_res_33": 8.91196702473702, "w_std_33": 10.85429579417753, "w_noise_scale_33": 0.0, "w_std_res_31": 8.926337434804939, "w_std_31": 10.860080369177753, "w_noise_scale_31": 0.0, "w_std_res_32": 8.903668046793973, "w_std_32": 10.850958018620982, "w_noise_scale_32": 0.0, "w_std_res_10": 8.87888691292439, "w_std_10": 10.841003676003666, "w_noise_scale_10": 0.0, "w_std_res_26": 8.911615050735753, "w_std_26": 10.854154191051691, "w_noise_scale_26": 0.0, "w_std_res_19": 8.90580305896105, "w_std_19": 10.851816502606834, "w_noise_scale_19": 0.0, "w_std_res_40": 8.901672507877382, "w_std_40": 10.850155741249754, "w_noise_scale_40": 0.0, "w_std_res_20": 8.882476604247264, "w_std_20": 10.842444467519767, "w_noise_scale_20": 0.0, "w_std_res_18": 8.878253364964305, "w_std_18": 10.840749429957553, "w_noise_scale_18": 0.0, "w_std_res_38": 8.925125174192237, "w_std_38": 10.859592152505083, "w_noise_scale_38": 0.0, "w_std_res_39": 8.88633607005722, "w_std_39": 10.84399397420065, "w_noise_scale_39": 0.0, "w_std_res_27": 8.935846000799254, "w_std_27": 10.863911315106545, "w_noise_scale_27": 0.0, "w_std_res_6": 8.872761601525198, "w_std_6": 10.838546067594814, "w_noise_scale_6": 0.0, "w_std_res_46": 8.863008183596582, "w_std_46": 10.834635135325277, "w_noise_scale_46": 0.0, "w_std_res_21": 8.918935702341395, "w_std_21": 10.857100143022768, "w_noise_scale_21": 0.0, "w_std_res_45": 8.885231338434583, "w_std_45": 10.843550398018861, "w_noise_scale_45": 0.0, "w_std_res_24": 8.917640523142879, "w_std_24": 10.856578823459994, "w_noise_scale_24": 0.0, "w_std_res_3": 8.935527754419432, "w_std_3": 10.863783051382239, "w_noise_scale_3": 0.0, "w_std_res_28": 8.923773550186043, "w_std_28": 10.859047861978969, "w_noise_scale_28": 0.0, "w_std_res_23": 8.905910958458994, "w_std_23": 10.851859892433186, "w_noise_scale_23": 0.0, "w_std_res_14": 8.908695278350248, "w_std_14": 10.852979677978993, "w_noise_scale_14": 0.0, "w_std_res_13": 8.873144612396441, "w_std_13": 10.83869970652038, "w_noise_scale_13": 0.0, "w_std_res_17": 8.897802572826619, "w_std_17": 10.848600233728313, "w_noise_scale_17": 0.0, "w_std_res_11": 8.932060407599135, "w_std_11": 10.862385794854186, "w_noise_scale_11": 0.0, "w_std_res_49": 8.941613126975469, "w_std_49": 10.866236184996396, "w_noise_scale_49": 0.0, "w_std_res_5": 8.91026883011955, "w_std_5": 10.853612625814964, "w_noise_scale_5": 0.0, "w_std_res_7": 8.883231657876541, "w_std_7": 10.842747572542441, "w_noise_scale_7": 0.0, "w_std_res_36": 8.888908555750813, "w_std_36": 10.845027032152801, "w_noise_scale_36": 0.0, "w_std_res_12": 8.927191170099361, "w_std_12": 10.860424222693835, "w_noise_scale_12": 0.0, "w_std_res_43": 8.912751136012943, "w_std_43": 10.85461126448686, "w_noise_scale_43": 0.0, "w_std_res_34": 8.885526767586715, "w_std_34": 10.843669016268203, "w_noise_scale_34": 0.0, "w_std_res_4": 8.892977390896707, "w_std_4": 10.846661403111558, "w_noise_scale_4": 0.0, "w_std_res_41": 8.899177454967397, "w_std_41": 10.849152811106958, "w_noise_scale_41": 0.0, "l2_loss": 19.003541946411133, "lpips_loss": 8.175702095031738, "noise_reg": 1.0700762379054624e-13, "total_delta_reg": 37317.65625, "total_loss": 8.175702095031738, "step": 199, "t": 0.995, "lr_ramp": 0.0009866357858642205, "lr": 9.866357858642205e-06, "_timestamp": 1677774347.0846608, "_runtime": 2372.3368606567383, "_step": 199, "_wandb": {"runtime": 2371}}