{"frame0.png": {"intrinsics": [[2985.29, 0.0, 512.0], [0.0, 2985.29, 512.0], [0.0, 0.0, 1.0]], "pose": [[0.7443580627441406, -0.16168978810310364, -0.6479100584983826, 1.8054752349853516], [-0.2166345864534378, -0.9762386083602905, -0.005256731063127518, 0.02740960381925106], [-0.6316648721694946, 0.1442726105451584, -0.7616987228393555, 2.2859113216400146], [0.0, 0.0, 0.0, 1.0]]}, "frame1.png": {"intrinsics": [[2985.29, 0.0, 512.0], [0.0, 2985.29, 512.0], [0.0, 0.0, 1.0]], "pose": [[0.746788501739502, -0.15673421323299408, -0.6463291049003601, 1.7970272302627563], [-0.21315431594848633, -0.9769735932350159, -0.00936985295265913, 0.0393865741789341], [-0.6299778819084167, 0.14476512372493744, -0.7630012631416321, 2.285278081893921], [0.0, 0.0, 0.0, 1.0]]}, "frame10.png": {"intrinsics": [[2985.29, 0.0, 512.0], [0.0, 2985.29, 512.0], [0.0, 0.0, 1.0]], "pose": [[0.7637816071510315, -0.11144103109836578, -0.6357818245887756, 1.7933214902877808], [-0.1714000701904297, -0.9846379160881042, -0.03331828862428665, 0.10251197218894958], [-0.6223018765449524, 0.1344209462404251, -0.7711493968963623, 2.3361501693725586], [0.0, 0.0, 0.0, 1.0]]}, "frame11.png": {"intrinsics": [[2985.29, 0.0, 512.0], [0.0, 2985.29, 512.0], [0.0, 0.0, 1.0]], "pose": [[0.7709859609603882, -0.10414578020572662, -0.6282787919044495, 1.7080776691436768], [-0.16691334545612335, -0.9850963950157166, -0.04153284803032875, 0.11656498163938522], [-0.6145896911621094, 0.13688935339450836, -0.776878833770752, 2.2723705768585205], [0.0, 0.0, 0.0, 1.0]]}, "frame12.png": {"intrinsics": [[2985.29, 0.0, 512.0], [0.0, 2985.29, 512.0], [0.0, 0.0, 1.0]], "pose": [[0.7678312659263611, -0.10262467712163925, -0.6323790550231934, 1.7203795909881592], [-0.16570214927196503, -0.9853107929229736, -0.041294991970062256, 0.11473196744918823], [-0.6188520789146423, 0.13649415969848633, -0.7735576629638672, 2.265434503555298], [0.0, 0.0, 0.0, 1.0]]}, "frame13.png": {"intrinsics": [[2985.29, 0.0, 512.0], [0.0, 2985.29, 512.0], [0.0, 0.0, 1.0]], "pose": [[0.7627565264701843, -0.10278849303722382, -0.6384645700454712, 1.760480284690857], [-0.1626938283443451, -0.9860333204269409, -0.03562123328447342, 0.09762707352638245], [-0.6258859038352966, 0.13104458153247833, -0.768826425075531, 2.277357578277588], [0.0, 0.0, 0.0, 1.0]]}, "frame14.png": {"intrinsics": [[2985.29, 0.0, 512.0], [0.0, 2985.29, 512.0], [0.0, 0.0, 1.0]], "pose": [[0.7647626996040344, -0.08423766493797302, -0.638781726360321, 1.771600365638733], [-0.13600800931453705, -0.9901825785636902, -0.03225388377904892, 0.09498625993728638], [-0.6297934651374817, 0.11154600232839584, -0.7687116265296936, 2.300649642944336], [0.0, 0.0, 0.0, 1.0]]}, "frame15.png": {"intrinsics": [[2985.29, 0.0, 512.0], [0.0, 2985.29, 512.0], [0.0, 0.0, 1.0]], "pose": [[0.7768815755844116, -0.07289358973503113, -0.6254130601882935, 1.7270559072494507], [-0.11634927242994308, -0.9927902817726135, -0.028815453872084618, 0.08763452619314194], [-0.6188035011291504, 0.09515254944562912, -0.779761552810669, 2.3250956535339355], [0.0, 0.0, 0.0, 1.0]]}, "frame16.png": {"intrinsics": [[2985.29, 0.0, 512.0], [0.0, 2985.29, 512.0], [0.0, 0.0, 1.0]], "pose": [[0.7814511060714722, -0.06432725489139557, -0.6206417679786682, 1.6986690759658813], [-0.11175088584423065, -0.9930176734924316, -0.03778306767344475, 0.11109862476587296], [-0.6138777136802673, 0.09888288378715515, -0.7831833958625793, 2.3135435581207275], [0.0, 0.0, 0.0, 1.0]]}, "frame17.png": {"intrinsics": [[2985.29, 0.0, 512.0], [0.0, 2985.29, 512.0], [0.0, 0.0, 1.0]], "pose": [[0.7876908779144287, -0.05765451863408089, -0.6133669018745422, 1.7101677656173706], [-0.10333786904811859, -0.9938700795173645, -0.03928676247596741, 0.11749253422021866], [-0.6073419451713562, 0.09432985633611679, -0.7888203859329224, 2.368377923965454], [0.0, 0.0, 0.0, 1.0]]}, "frame18.png": {"intrinsics": [[2985.29, 0.0, 512.0], [0.0, 2985.29, 512.0], [0.0, 0.0, 1.0]], "pose": [[0.7993491291999817, -0.048005521297454834, -0.5989460945129395, 1.6797229051589966], [-0.0926297977566719, -0.9947325587272644, -0.043895259499549866, 0.12990592420101166], [-0.5936838984489441, 0.09056789427995682, -0.7995854020118713, 2.4137816429138184], [0.0, 0.0, 0.0, 1.0]]}, "frame19.png": {"intrinsics": [[2985.29, 0.0, 512.0], [0.0, 2985.29, 512.0], [0.0, 0.0, 1.0]], "pose": [[0.7983945608139038, -0.04853169247508049, -0.600175678730011, 1.6760810613632202], [-0.08913838863372803, -0.9952904582023621, -0.03809630125761032, 0.11284370720386505], [-0.5955002903938293, 0.08391456305980682, -0.7989605069160461, 2.4012258052825928], [0.0, 0.0, 0.0, 1.0]]}, "frame2.png": {"intrinsics": [[2985.29, 0.0, 512.0], [0.0, 2985.29, 512.0], [0.0, 0.0, 1.0]], "pose": [[0.7491938471794128, -0.15490123629570007, -0.6439830660820007, 1.7992030382156372], [-0.20928891003131866, -0.9778187870979309, -0.008280686102807522, 0.03462161123752594], [-0.6284160614013672, 0.14098234474658966, -0.7649949193000793, 2.3009254932403564], [0.0, 0.0, 0.0, 1.0]]}, "frame20.png": {"intrinsics": [[2985.29, 0.0, 512.0], [0.0, 2985.29, 512.0], [0.0, 0.0, 1.0]], "pose": [[0.8039709329605103, -0.04864049330353737, -0.592676043510437, 1.6502445936203003], [-0.09308543801307678, -0.9946568608283997, -0.04464053735136986, 0.129198357462883], [-0.5873379707336426, 0.09105919301509857, -0.8042029142379761, 2.4111082553863525], [0.0, 0.0, 0.0, 1.0]]}, "frame21.png": {"intrinsics": [[2985.29, 0.0, 512.0], [0.0, 2985.29, 512.0], [0.0, 0.0, 1.0]], "pose": [[0.805025041103363, -0.04773451387882233, -0.5913172364234924, 1.6506575345993042], [-0.09319145977497101, -0.9945577383041382, -0.046585358679294586, 0.13653692603111267], [-0.585875391960144, 0.09260809421539307, -0.8050923943519592, 2.4182047843933105], [0.0, 0.0, 0.0, 1.0]]}, "frame22.png": {"intrinsics": [[2985.29, 0.0, 512.0], [0.0, 2985.29, 512.0], [0.0, 0.0, 1.0]], "pose": [[0.8022431135177612, -0.047529950737953186, -0.5951023697853088, 1.6629427671432495], [-0.09433098137378693, -0.9943953156471252, -0.04774441942572594, 0.14106762409210205], [-0.5894977450370789, 0.09443922340869904, -0.8022304177284241, 2.412073850631714], [0.0, 0.0, 0.0, 1.0]]}, "frame23.png": {"intrinsics": [[2985.29, 0.0, 512.0], [0.0, 2985.29, 512.0], [0.0, 0.0, 1.0]], "pose": [[0.8099187612533569, -0.04304565116763115, -0.584960401058197, 1.6389816999435425], [-0.0911567360162735, -0.9944232702255249, -0.053035981953144073, 0.15548822283744812], [-0.5794153213500977, 0.09627791494131088, -0.8093259334564209, 2.4376211166381836], [0.0, 0.0, 0.0, 1.0]]}, "frame24.png": {"intrinsics": [[2985.29, 0.0, 512.0], [0.0, 2985.29, 512.0], [0.0, 0.0, 1.0]], "pose": [[0.8041999936103821, -0.03988936170935631, -0.5930187106132507, 1.6545130014419556], [-0.09030114114284515, -0.9943628311157227, -0.055572737008333206, 0.1643819957971573], [-0.5874589681625366, 0.09824186563491821, -0.8032686114311218, 2.4098615646362305], [0.0, 0.0, 0.0, 1.0]]}, "frame25.png": {"intrinsics": [[2985.29, 0.0, 512.0], [0.0, 2985.29, 512.0], [0.0, 0.0, 1.0]], "pose": [[0.800825297832489, -0.037861768156290054, -0.5977000594139099, 1.655827522277832], [-0.08931038528680801, -0.9943903088569641, -0.0566716305911541, 0.16647179424762726], [-0.5922014713287354, 0.09876489639282227, -0.7997142672538757, 2.3856303691864014], [0.0, 0.0, 0.0, 1.0]]}, "frame26.png": {"intrinsics": [[2985.29, 0.0, 512.0], [0.0, 2985.29, 512.0], [0.0, 0.0, 1.0]], "pose": [[0.8043583631515503, -0.03599221259355545, -0.5930533409118652, 1.6565157175064087], [-0.0860849916934967, -0.9946906566619873, -0.05638962984085083, 0.1650829017162323], [-0.5878750681877136, 0.09641046077013016, -0.8031861186027527, 2.414649248123169], [0.0, 0.0, 0.0, 1.0]]}, "frame27.png": {"intrinsics": [[2985.29, 0.0, 512.0], [0.0, 2985.29, 512.0], [0.0, 0.0, 1.0]],