{"frame0.png": {"intrinsics": [[2985.29, 0.0, 512.0], [0.0, 2985.29, 512.0], [0.0, 0.0, 1.0]], "pose": [[0.9165535569190979, -0.1260736584663391, -0.37951937317848206, 0.9679663181304932], [-0.1167890802025795, -0.9920204877853394, 0.04749220237135887, -0.11462084949016571], [-0.3824785053730011, 0.0007945708930492401, -0.9239640235900879, 2.539846658706665], [0.0, 0.0, 0.0, 1.0]]}, "frame1.png": {"intrinsics": [[2985.29, 0.0, 512.0], [0.0, 2985.29, 512.0], [0.0, 0.0, 1.0]], "pose": [[0.9120844602584839, -0.12447614967823029, -0.3906502425670624, 1.0176262855529785], [-0.10906441509723663, -0.9921310544013977, 0.061489004641771317, -0.15735335648059845], [-0.39523017406463623, -0.013477124273777008, -0.9184832572937012, 2.5793697834014893], [0.0, 0.0, 0.0, 1.0]]}, "frame2.png": {"intrinsics": [[2985.29, 0.0, 512.0], [0.0, 2985.29, 512.0], [0.0, 0.0, 1.0]], "pose": [[0.9127367734909058, -0.11956333369016647, -0.3906611204147339, 1.0321236848831177], [-0.1072506383061409, -0.9928038120269775, 0.0532720610499382, -0.14076897501945496], [-0.3942192494869232, -0.006724715232849121, -0.9189918041229248, 2.607553243637085], [0.0, 0.0, 0.0, 1.0]]}}