{"w_std_temp": 8.882476604247264, "w_std_res_8": 8.931820310692553, "w_std_8": 10.86228905505764, "w_noise_scale_8": 0.0, "w_std_res_29": 8.871971754491783, "w_std_29": 10.83822924665856, "w_noise_scale_29": 0.0, "w_std_res_25": 8.922365244849596, "w_std_25": 10.858480804911201, "w_noise_scale_25": 0.0, "w_std_res_30": 8.914061048422317, "w_std_30": 10.855138321032578, "w_noise_scale_30": 0.0, "w_std_res_47": 8.863569223230561, "w_std_47": 10.834860023034446, "w_noise_scale_47": 0.0, "w_std_res_9": 8.891938501389896, "w_std_9": 10.846244053962874, "w_noise_scale_9": 0.0, "w_std_res_16": 8.944509489066464, "w_std_16": 10.867404157617402, "w_noise_scale_16": 0.0, "w_std_res_35": 8.915873747844346, "w_std_35": 10.85586776457207, "w_noise_scale_35": 0.0, "w_std_res_0": 8.875771093262827, "w_std_0": 10.839753398947781, "w_noise_scale_0": 0.0, "w_std_res_15": 8.858565328962698, "w_std_15": 10.832854594790563, "w_noise_scale_15": 0.0, "w_std_res_48": 8.898371515339198, "w_std_48": 10.848828889850278, "w_noise_scale_48": 0.0, "w_std_res_42": 8.901115625302257, "w_std_42": 10.849931876226227, "w_noise_scale_42": 0.0, "w_std_res_44": 8.875827426217795, "w_std_44": 10.83977600091441, "w_noise_scale_44": 0.0, "w_std_res_2": 8.909721253355796, "w_std_2": 10.853392359217693, "w_noise_scale_2": 0.0, "w_std_res_22": 8.937974637746517, "w_std_22": 10.864769304097074, "w_noise_scale_22": 0.0, "w_std_res_37": 8.905582431121504, "w_std_37": 10.8517277822186, "w_noise_scale_37": 0.0, "w_std_res_1": 8.93237571631982, "w_std_1": 10.862512841620719, "w_noise_scale_1": 0.0, "w_std_res_33": 8.890055891275376, "w_std_33": 10.845487843453608, "w_noise_scale_33": 0.0, "w_std_res_31": 8.864954261726341, "w_std_31": 10.835415244263832, "w_noise_scale_31": 0.0, "w_std_res_32": 8.88878946341964, "w_std_32": 10.844979202665629, "w_noise_scale_32": 0.0, "w_std_res_10": 8.880929357336427, "w_std_10": 10.841823402338742, "w_noise_scale_10": 0.0, "w_std_res_26": 8.930104895100616, "w_std_26": 10.861597930754709, "w_noise_scale_26": 0.0, "w_std_res_19": 8.934741707234743, "w_std_19": 10.86346626168416, "w_noise_scale_19": 0.0, "w_std_res_40": 8.910662065048815, "w_std_40": 10.853770812919121, "w_noise_scale_40": 0.0, "w_std_res_20": 8.884098769008594, "w_std_20": 10.843095682708652, "w_noise_scale_20": 0.0, "w_std_res_18": 8.900919896280383, "w_std_18": 10.849853196011455, "w_noise_scale_18": 0.0, "w_std_res_38": 8.849328187777871, "w_std_38": 10.829154593907596, "w_noise_scale_38": 0.0, "w_std_res_39": 8.910506439030275, "w_std_39": 10.85370820848801, "w_noise_scale_39": 0.0, "w_std_res_27": 8.863569223230561, "w_std_27": 10.834860023034446, "w_noise_scale_27": 0.0, "w_std_res_6": 8.901639596164292, "w_std_6": 10.850142510584826, "w_noise_scale_6": 0.0, "w_std_res_46": 8.896893330680097, "w_std_46": 10.8482348326525, "w_noise_scale_46": 0.0, "w_std_res_21": 8.876223067132777, "w_std_21": 10.839934743086555, "w_noise_scale_21": 0.0, "w_std_res_45": 8.879082247760746, "w_std_45": 10.841082067331886, "w_noise_scale_45": 0.0, "w_std_res_24": 8.902679547473333, "w_std_24": 10.85056059179663, "w_noise_scale_24": 0.0, "w_std_res_3": 8.9226143520271, "w_std_3": 10.858581104073865, "w_noise_scale_3": 0.0, "w_std_res_28": 8.905410486749052, "w_std_28": 10.851658639782906, "w_noise_scale_28": 0.0, "w_std_res_23": 8.91712712985522, "w_std_23": 10.856372192749289, "w_noise_scale_23": 0.0, "w_std_res_14": 8.914389263292243, "w_std_14": 10.855270389740415, "w_noise_scale_14": 0.0, "w_std_res_13": 8.92957865747315, "w_std_13": 10.8613859325134, "w_noise_scale_13": 0.0, "w_std_res_17": 8.888477442734498, "w_std_17": 10.844853891938794, "w_noise_scale_17": 0.0, "w_std_res_11": 8.903072678856441, "w_std_11": 10.850718646995231, "w_noise_scale_11": 0.0, "w_std_res_49": 8.889837069654314, "w_std_49": 10.845399953724622, "w_noise_scale_49": 0.0, "w_std_res_5": 8.941230427771114, "w_std_5": 10.866081878516516, "w_noise_scale_5": 0.0, "w_std_res_7": 8.906488154710587, "w_std_7": 10.852092007419584, "w_noise_scale_7": 0.0, "w_std_res_36": 8.875860433642476, "w_std_36": 10.839789244232334, "w_noise_scale_36": 0.0, "w_std_res_12": 8.886133421657588, "w_std_12": 10.843912603247732, "w_noise_scale_12": 0.0, "w_std_res_43": 8.858206382360935, "w_std_43": 10.83271076776838, "w_noise_scale_43": 0.0, "w_std_res_34": 8.891819449640215, "w_std_34": 10.846196229842516, "w_noise_scale_34": 0.0, "w_std_res_4": 8.936801983232034, "w_std_4": 10.86429662573123, "w_noise_scale_4": 0.0, "w_std_res_41": 8.883231657876541, "w_std_41": 10.842747572542441, "w_noise_scale_41": 0.0, "l2_loss": 447380.15625, "lpips_loss": 8.512595176696777, "noise_reg": 2.1074010321097542e-13, "total_delta_reg": 36540.046875, "total_loss": 9.40660572052002, "step": 199, "t": 0.995, "lr_ramp": 0.0009866357858642205, "lr": 9.866357858642205e-06, "_timestamp": 1678378676.4851482, "_runtime": 1807.1947762966156, "_step": 199, "_wandb": {"runtime": 1806}}