{"w_std_temp": 8.882476604247264, "w_std_res_8": 8.912929951059866, "w_std_8": 12.583271074625232, "w_noise_scale_8": 0.0, "w_std_res_29": 8.884885779372743, "w_std_29": 12.563422540752978, "w_noise_scale_29": 0.0, "w_std_res_25": 8.922929994542152, "w_std_25": 12.590356242477812, "w_noise_scale_25": 0.0, "w_std_res_30": 8.881873218809194, "w_std_30": 12.561292230499216, "w_noise_scale_30": 0.0, "w_std_res_47": 8.939012546836478, "w_std_47": 12.601759239784737, "w_noise_scale_47": 0.0, "w_std_res_9": 8.900548613709157, "w_std_9": 12.574504214878612, "w_noise_scale_9": 0.0, "w_std_res_16": 8.903841779675782, "w_std_16": 12.576835415258483, "w_noise_scale_16": 0.0, "w_std_res_35": 8.864182227509765, "w_std_35": 12.548789471000777, "w_noise_scale_35": 0.0, "w_std_res_0": 8.92957865747315, "w_std_0": 12.595069099651656, "w_noise_scale_0": 0.0, "w_std_res_15": 8.90733063619511, "w_std_15": 12.579305612294345, "w_noise_scale_15": 0.0, "w_std_res_48": 8.898941738347318, "w_std_48": 12.573366879539465, "w_noise_scale_48": 0.0, "w_std_res_42": 8.9057210369234, "w_std_42": 12.578165916082519, "w_noise_scale_42": 0.0, "w_std_res_44": 8.912751136012943, "w_std_44": 12.583144417732, "w_noise_scale_44": 0.0, "w_std_res_2": 8.945218694923003, "w_std_2": 12.60616230757799, "w_noise_scale_2": 0.0, "w_std_res_22": 8.898442191614215, "w_std_22": 12.573013324676786, "w_noise_scale_22": 0.0, "w_std_res_37": 8.90724424274983, "w_std_37": 12.579244437763343, "w_noise_scale_37": 0.0, "w_std_res_1": 8.915562236897907, "w_std_1": 12.58513570149325, "w_noise_scale_1": 0.0, "w_std_res_33": 8.918405301678098, "w_std_33": 12.587149945480112, "w_noise_scale_33": 0.0, "w_std_res_31": 8.90956999523546, "w_std_31": 12.58089138833175, "w_noise_scale_31": 0.0, "w_std_res_32": 8.928102576975693, "w_std_32": 12.594022639728738, "w_noise_scale_32": 0.0, "w_std_res_10": 8.944509489066464, "w_std_10": 12.605659071425023, "w_noise_scale_10": 0.0, "w_std_res_26": 8.915332649430418, "w_std_26": 12.584973058175374, "w_noise_scale_26": 0.0, "w_std_res_19": 8.928513401597156, "w_std_19": 12.59431388315775, "w_noise_scale_19": 0.0, "w_std_res_40": 8.900427921594556, "w_std_40": 12.574418786270003, "w_noise_scale_40": 0.0, "w_std_res_20": 8.921252714725663, "w_std_20": 12.589167590631241, "w_noise_scale_20": 0.0, "w_std_res_18": 8.889474112679558, "w_std_18": 12.566667840959274, "w_noise_scale_18": 0.0, "w_std_res_38": 8.903107779028623, "w_std_38": 12.576315786032092, "w_noise_scale_38": 0.0, "w_std_res_39": 8.904063328054221, "w_std_39": 12.576992262659623, "w_noise_scale_39": 0.0, "w_std_res_27": 8.926660822362413, "w_std_27": 12.593000598050489, "w_noise_scale_27": 0.0, "w_std_res_6": 8.88731276174075, "w_std_6": 12.56513902629016, "w_noise_scale_6": 0.0, "w_std_res_46": 8.91024997895682, "w_std_46": 12.581372950218908, "w_noise_scale_46": 0.0, "w_std_res_21": 8.892253036351361, "w_std_21": 12.568633763758891, "w_noise_scale_21": 0.0, "w_std_res_45": 8.898533499262674, "w_std_45": 12.57307794704622, "w_noise_scale_45": 0.0, "w_std_res_24": 8.910776042943734, "w_std_24": 12.581745519302956, "w_noise_scale_24": 0.0, "w_std_res_3": 8.90007373564961, "w_std_3": 12.574168088784244, "w_noise_scale_3": 0.0, "w_std_res_28": 8.902357482712093, "w_std_28": 12.575784642518334, "w_noise_scale_28": 0.0, "w_std_res_23": 8.911615050735753, "w_std_23": 12.582339744161258, "w_noise_scale_23": 0.0, "w_std_res_14": 8.915494763331983, "w_std_14": 12.58508790195762, "w_noise_scale_14": 0.0, "w_std_res_13": 8.942781656173878, "w_std_13": 12.604433123905256, "w_noise_scale_13": 0.0, "w_std_res_17": 8.893532586942042, "w_std_17": 12.56953907269475, "w_noise_scale_17": 0.0, "w_std_res_11": 8.911590942418755, "w_std_11": 12.582322669125919, "w_noise_scale_11": 0.0, "w_std_res_49": 8.826610600196432, "w_std_49": 12.522277960199574, "w_noise_scale_49": 0.0, "w_std_res_5": 8.944546173507073, "w_std_5": 12.605685101373904, "w_noise_scale_5": 0.0, "w_std_res_7": 8.90691050182385, "w_std_7": 12.579008121171558, "w_noise_scale_7": 0.0, "w_std_res_36": 8.911820187958238, "w_std_36": 12.582485036251782, "w_noise_scale_36": 0.0, "w_std_res_12": 8.951019058604444, "w_std_12": 12.610278855461525, "w_noise_scale_12": 0.0, "w_std_res_43": 8.927927128538853, "w_std_43": 12.593898262154575, "w_noise_scale_43": 0.0, "w_std_res_34": 8.914389263292243, "w_std_34": 12.58430477072532, "w_noise_scale_34": 0.0, "w_std_res_4": 8.912759024987716, "w_std_4": 12.583150005562993, "w_noise_scale_4": 0.0, "w_std_res_41": 8.904268200559775, "w_std_41": 12.577137305941285, "w_noise_scale_41": 0.0, "l2_loss": 18.640775680541992, "lpips_loss": 8.353882789611816, "noise_reg": 6.842213969883437e-13, "total_delta_reg": 38143.5, "total_loss": 8.353882789611816, "step": 199, "t": 0.995, "lr_ramp": 0.0009866357858642205, "lr": 9.866357858642205e-06, "_timestamp": 1677809433.0524209, "_runtime": 1835.1006197929382, "_step": 199, "_wandb": {"runtime": 1834}}