{"step": 53, "c_loss": 0.7626953125, "i_loss": 0.07108640670776367, "l2_loss": 0.15840154886245728, "total_loss": 0.89697265625, "_timestamp": 1678026825.968313, "_runtime": 614.9814648628235, "_step": 2553, "_wandb": {"runtime": 614}}