{"w_std_temp": 8.882476604247264, "w_std_res_8": 8.879118322643302, "w_std_8": 10.841096544947609, "w_noise_scale_8": 0.0, "w_std_res_29": 8.910562552386914, "w_std_29": 10.853730781394939, "w_noise_scale_29": 0.0, "w_std_res_25": 8.893511504181012, "w_std_25": 10.846875983146022, "w_noise_scale_25": 0.0, "w_std_res_30": 8.895504921728726, "w_std_30": 10.847676915041534, "w_noise_scale_30": 0.0, "w_std_res_47": 8.878253364964305, "w_std_47": 10.840749429957553, "w_noise_scale_47": 0.0, "w_std_res_9": 8.880279679576539, "w_std_9": 10.841562643220533, "w_noise_scale_9": 0.0, "w_std_res_16": 8.926052108855291, "w_std_16": 10.859965455170656, "w_noise_scale_16": 0.0, "w_std_res_35": 8.879082247760746, "w_std_35": 10.841082067331886, "w_noise_scale_35": 0.0, "w_std_res_0": 8.928504651536, "w_std_0": 10.860953288184467, "w_noise_scale_0": 0.0, "w_std_res_15": 8.966758054057218, "w_std_15": 10.876384423373421, "w_noise_scale_15": 0.0, "w_std_res_48": 8.895152735479027, "w_std_48": 10.847535401964587, "w_noise_scale_48": 0.0, "w_std_res_42": 8.935891900784164, "w_std_42": 10.863929814557208, "w_noise_scale_42": 0.0, "w_std_res_44": 8.912202835158096, "w_std_44": 10.854390665474963, "w_noise_scale_44": 0.0, "w_std_res_2": 8.88656289011674, "w_std_2": 10.844085052460628, "w_noise_scale_2": 0.0, "w_std_res_22": 8.89929596934499, "w_std_22": 10.849200445770185, "w_noise_scale_22": 0.0, "w_std_res_37": 8.895785518997185, "w_std_37": 10.847789665411106, "w_noise_scale_37": 0.0, "w_std_res_1": 8.93521080822943, "w_std_1": 10.863655314712217, "w_noise_scale_1": 0.0, "w_std_res_33": 8.898334201551434, "w_std_33": 10.848813893261557, "w_noise_scale_33": 0.0, "w_std_res_31": 8.887275841055008, "w_std_31": 10.844371343870055, "w_noise_scale_31": 0.0, "w_std_res_32": 8.88567096158191, "w_std_32": 10.84372691279963, "w_noise_scale_32": 0.0, "w_std_res_10": 8.926945691276496, "w_std_10": 10.860325350501705, "w_noise_scale_10": 0.0, "w_std_res_26": 8.912759024987716, "w_std_26": 10.854614438540644, "w_noise_scale_26": 0.0, "w_std_res_19": 8.910085139183575, "w_std_19": 10.853538733835846, "w_noise_scale_19": 0.0, "w_std_res_40": 8.940895334081482, "w_std_40": 10.86594677047288, "w_noise_scale_40": 0.0, "w_std_res_20": 8.908172160999134, "w_std_20": 10.852769275051413, "w_noise_scale_20": 0.0, "w_std_res_18": 8.909082444337352, "w_std_18": 10.853135405264233, "w_noise_scale_18": 0.0, "w_std_res_38": 8.91137221125344, "w_std_38": 10.854056496161931, "w_noise_scale_38": 0.0, "w_std_res_39": 8.883243970391671, "w_std_39": 10.842752515361354, "w_noise_scale_39": 0.0, "w_std_res_27": 8.923409347048919, "w_std_27": 10.85890120908879, "w_noise_scale_27": 0.0, "w_std_res_6": 8.911229748188518, "w_std_6": 10.853999183768625, "w_noise_scale_6": 0.0, "w_std_res_46": 8.885954067375096, "w_std_46": 10.84384058679742, "w_noise_scale_46": 0.0, "w_std_res_21": 8.898519451993124, "w_std_21": 10.848888346709767, "w_noise_scale_21": 0.0, "w_std_res_45": 8.912121748635395, "w_std_45": 10.85435804253872, "w_noise_scale_45": 0.0, "w_std_res_24": 8.92285951223037, "w_std_24": 10.85867981587771, "w_noise_scale_24": 0.0, "w_std_res_3": 8.897009241172002, "w_std_3": 10.848281412711186, "w_noise_scale_3": 0.0, "w_std_res_28": 8.916827052685276, "w_std_28": 10.856251421272216, "w_noise_scale_28": 0.0, "w_std_res_23": 8.91024997895682, "w_std_23": 10.853605042651727, "w_noise_scale_23": 0.0, "w_std_res_14": 8.899669937699937, "w_std_14": 10.849350758225121, "w_noise_scale_14": 0.0, "w_std_res_13": 8.886894318320659, "w_std_13": 10.844218138309925, "w_noise_scale_13": 0.0, "w_std_res_17": 8.90266419042637, "w_std_17": 10.85055441771871, "w_noise_scale_17": 0.0, "w_std_res_11": 8.887184417744463, "w_std_11": 10.844334631214124, "w_noise_scale_11": 0.0, "w_std_res_49": 8.916738998927803, "w_std_49": 10.8562159829634, "w_noise_scale_49": 0.0, "w_std_res_5": 8.909734844539427, "w_std_5": 10.853397826256993, "w_noise_scale_5": 0.0, "w_std_res_7": 8.949201692748913, "w_std_7": 10.8692968486639, "w_noise_scale_7": 0.0, "w_std_res_36": 8.87674366673951, "w_std_36": 10.840143629410544, "w_noise_scale_36": 0.0, "w_std_res_12": 8.918055333843808, "w_std_12": 10.85674578243292, "w_noise_scale_12": 0.0, "w_std_res_43": 8.957533055339512, "w_std_43": 10.872659097910457, "w_noise_scale_43": 0.0, "w_std_res_34": 8.888241002864403, "w_std_34": 10.844758937212482, "w_noise_scale_34": 0.0, "w_std_res_4": 8.945429175003287, "w_std_4": 10.867775078471674, "w_noise_scale_4": 0.0, "w_std_res_41": 8.935949166149054, "w_std_41": 10.863952894780057, "w_noise_scale_41": 0.0, "l2_loss": 896329.125, "lpips_loss": 9.896378517150879, "noise_reg": 1.4082473251755823e-12, "total_delta_reg": 26291.19921875, "total_loss": 10.7462797164917, "step": 199, "t": 0.995, "lr_ramp": 0.0009866357858642205, "lr": 9.866357858642205e-06, "_timestamp": 1678382305.858538, "_runtime": 1772.2349088191986, "_step": 199, "_wandb": {"runtime": 1771}}