{"frame0.png": {"intrinsics": [[2985.29, 0.0, 512.0], [0.0, 2985.29, 512.0], [0.0, 0.0, 1.0]], "pose": [[0.978201150894165, 0.07558929175138474, -0.19341377913951874, 0.5411396026611328], [0.03206583112478256, -0.9752084612846375, -0.21895277500152588, 0.6304458975791931], [-0.205169215798378, 0.20797786116600037, -0.9563738107681274, 2.84456205368042], [0.0, 0.0, 0.0, 1.0]]}, "frame1.png": {"intrinsics": [[2985.29, 0.0, 512.0], [0.0, 2985.29, 512.0], [0.0, 0.0, 1.0]], "pose": [[0.978140652179718, 0.08203919976949692, -0.1910771280527115, 0.5267147421836853], [0.035476408898830414, -0.9712507128715515, -0.23540085554122925, 0.6718446016311646], [-0.20489588379859924, 0.22347640991210938, -0.952930212020874, 2.7901227474212646], [0.0, 0.0, 0.0, 1.0]]}}