{"frame0.png": {"intrinsics": [[2985.29, 0.0, 512.0], [0.0, 2985.29, 512.0], [0.0, 0.0, 1.0]], "pose": [[0.9870728850364685, 0.12843497097492218, -0.09587210416793823, 0.24896538257598877], [0.11002445966005325, -0.9779759049415588, -0.17736294865608215, 0.46919116377830505], [-0.11654021590948105, 0.16452188789844513, -0.979464590549469, 2.7267205715179443], [0.0, 0.0, 0.0, 1.0]]}, "frame1.png": {"intrinsics": [[2985.29, 0.0, 512.0], [0.0, 2985.29, 512.0], [0.0, 0.0, 1.0]], "pose": [[0.9868869185447693, 0.12764306366443634, -0.09880026429891586, 0.27188244462013245], [0.10524897277355194, -0.9729442596435547, -0.20567506551742554, 0.5781475305557251], [-0.12238014489412308, 0.19257940351963043, -0.9736201763153076, 2.8790459632873535], [0.0, 0.0, 0.0, 1.0]]}, "frame10.png": {"intrinsics": [[2985.29, 0.0, 512.0], [0.0, 2985.29, 512.0], [0.0, 0.0, 1.0]], "pose": [[0.9903368949890137, 0.08829598128795624, -0.10694196075201035, 0.2972780764102936], [0.07250647991895676, -0.9869963526725769, -0.14346066117286682, 0.40605369210243225], [-0.1182183250784874, 0.13432040810585022, -0.983860969543457, 2.921424150466919], [0.0, 0.0, 0.0, 1.0]]}, "frame11.png": {"intrinsics": [[2985.29, 0.0, 512.0], [0.0, 2985.29, 512.0], [0.0, 0.0, 1.0]], "pose": [[0.9904444813728333, 0.08709316700696945, -0.10693280398845673, 0.2979259788990021], [0.06857161223888397, -0.9837253093719482, -0.1660798192024231, 0.47839242219924927], [-0.11965692043304443, 0.15716028213500977, -0.9802973866462708, 2.9129414558410645], [0.0, 0.0, 0.0, 1.0]]}, "frame12.png": {"intrinsics": [[2985.29, 0.0, 512.0], [0.0, 2985.29, 512.0], [0.0, 0.0, 1.0]], "pose": [[0.9874826073646545, 0.08746694773435593, -0.1312541663646698, 0.33899977803230286], [0.06725945323705673, -0.9862146377563477, -0.15118485689163208, 0.3975980579853058], [-0.1426684558391571, 0.14046432077884674, -0.979752779006958, 2.727508544921875], [0.0, 0.0, 0.0, 1.0]]}, "frame13.png": {"intrinsics": [[2985.29, 0.0, 512.0], [0.0, 2985.29, 512.0], [0.0, 0.0, 1.0]], "pose": [[0.9884143471717834, 0.07130084931850433, -0.13398979604244232, 0.3488045632839203], [0.05325152724981308, -0.9895810484886169, -0.13376691937446594, 0.35377660393714905], [-0.14213144779205322, 0.12508197128772736, -0.9819130301475525, 2.756190776824951], [0.0, 0.0, 0.0, 1.0]]}, "frame14.png": {"intrinsics": [[2985.29, 0.0, 512.0], [0.0, 2985.29, 512.0], [0.0, 0.0, 1.0]], "pose": [[0.9928147792816162, 0.07504776120185852, -0.09320217370986938, 0.2564254701137543], [0.05715712159872055, -0.9817044734954834, -0.1816297173500061, 0.5105939507484436], [-0.10512788593769073, 0.1749974936246872, -0.9789401888847351, 2.896432399749756], [0.0, 0.0, 0.0, 1.0]]}, "frame15.png": {"intrinsics": [[2985.29, 0.0, 512.0], [0.0, 2985.29, 512.0], [0.0, 0.0, 1.0]], "pose": [[0.9915441274642944, 0.10119380056858063, -0.0812409371137619, 0.21195609867572784], [0.08214180916547775, -0.9740777015686035, -0.2107730209827423, 0.5624691843986511], [-0.10046390444040298, 0.20231746137142181, -0.9741532802581787, 2.764573812484741], [0.0, 0.0, 0.0, 1.0]]}, "frame16.png": {"intrinsics": [[2985.29, 0.0, 512.0], [0.0, 2985.29, 512.0], [0.0, 0.0, 1.0]], "pose": [[0.9903156757354736, 0.1114499568939209, -0.08278734236955643, 0.21419455111026764], [0.09215357899665833, -0.973684549331665, -0.20843729376792908, 0.5504519939422607], [-0.10383908450603485, 0.198789581656456, -0.9745256304740906, 2.7371811866760254], [0.0, 0.0, 0.0, 1.0]]}, "frame17.png": {"intrinsics": [[2985.29, 0.0, 512.0], [0.0, 2985.29, 512.0], [0.0, 0.0, 1.0]], "pose": [[0.991333544254303, 0.10271687805652618, -0.08189640939235687, 0.21365711092948914], [0.0818549394607544, -0.9705690741539001, -0.22648468613624573, 0.6099634766578674], [-0.10274992883205414, 0.2178182303905487, -0.9705656170845032, 2.761660099029541], [0.0, 0.0, 0.0, 1.0]]}, "frame18.png": {"intrinsics": [[2985.29, 0.0, 512.0], [0.0, 2985.29, 512.0], [0.0, 0.0, 1.0]], "pose": [[0.9919705986976624, 0.09745687991380692, -0.08060126006603241, 0.21345959603786469], [0.07597069442272186, -0.9687051177024841, -0.23630256950855255, 0.6407198905944824], [-0.10110817104578018, 0.22828185558319092, -0.9683308005332947, 2.7828593254089355], [0.0, 0.0, 0.0, 1.0]]}, "frame19.png": {"intrinsics": [[2985.29, 0.0, 512.0], [0.0, 2985.29, 512.0], [0.0, 0.0, 1.0]], "pose": [[0.9923169016838074, 0.08633740991353989, -0.08861639350652695, 0.2262406200170517], [0.06457890570163727, -0.9723924994468689, -0.2242373824119568, 0.5948947668075562], [-0.10552999377250671, 0.2167918086051941, -0.9704971313476562, 2.7105002403259277], [0.0, 0.0, 0.0, 1.0]]}, "frame2.png": {"intrinsics": [[2985.29, 0.0, 512.0], [0.0, 2985.29, 512.0], [0.0, 0.0, 1.0]], "pose": [[0.9846057295799255, 0.10917596518993378, -0.13649959862232208, 0.36609211564064026], [0.08518625795841217, -0.9816388487815857, -0.170670747756958, 0.47220173478126526], [-0.15262645483016968, 0.15641552209854126, -0.9758275151252747, 2.8344104290008545], [0.0, 0.0, 0.0, 1.0]]}, "frame20.png": {"intrinsics": [[2985.29, 0.0, 512.0], [0.0, 2985.29, 512.0], [0.0, 0.0, 1.0]], "pose": [[0.9926575422286987, 0.07638165354728699, -0.093791164457798, 0.24653421342372894], [0.054514992982149124, -0.9746927618980408, -0.21679998934268951, 0.587996244430542], [-0.10797710716724396, 0.2100951373577118, -0.9717000722885132, 2.7549967765808105], [0.0, 0.0, 0.0, 1.0]]}, "frame21.png": {"intrinsics": [[2985.29, 0.0, 512.0], [0.0, 2985.29, 512.0], [0.0, 0.0, 1.0]], "pose": [[0.9922350645065308, 0.0701478123664856, -0.10270749032497406, 0.27620571851730347], [0.046671777963638306, -0.97542804479599, -0.21531802415847778, 0.5920146107673645], [-0.11528786271810532, 0.20885255932807922, -0.9711278676986694, 2.78076171875], [0.0, 0.0, 0.0, 1.0]]}, "frame22.png": {"intrinsics": [[2985.29, 0.0, 512.0], [0.0, 2985.29, 512.0], [0.0, 0.0, 1.0]], "pose": [[0.9915134906768799, 0.07032085955142975, -0.10934290289878845, 0.28920936584472656], [0.04580885171890259, -0.9761150479316711, -0.21237000823020935, 0.5830974578857422], [-0.12166529148817062, 0.2055588662624359, -0.9710525870323181, 2.745415687561035], [0.0, 0.0, 0.0, 1.0]]}, "frame23.png": {"intrinsics": [[2985.29, 0.0, 512.0], [0.0, 2985.29, 512.0], [0.0, 0.0, 1.0]], "pose": [[0.9898615479469299, 0.08486670255661011, -0.11389350146055222, 0.3048231601715088], [0.057860635221004486, -0.9732516407966614, -0.22233614325523376, 0.6177965998649597], [-0.12971597909927368, 0.21349206566810608, -0.9682948589324951, 2.772104501724243], [0.0, 0.0, 0.0, 1.0]]}, "frame24.png": {"intrinsics": [[2985.29, 0.0, 512.0], [0.0, 2985.29, 512.0], [0.0, 0.0, 1.0]], "pose": [[0.9897285103797913, 0.08533883094787598, -0.11469369381666183, 0.30694806575775146], [0.058497004210948944, -0.9737958908081055, -0.21977189183235168, 0.6141535043716431], [-0.13044333457946777, 0.21080529689788818, -0.9687856435775757, 2.786679983139038], [0.0, 0.0, 0.0, 1.0]]}, "frame25.png": {"intrinsics": [[2985.29, 0.0, 512.0], [0.0, 2985.29, 512.0], [0.0, 0.0, 1.0]], "pose": [[0.9895623922348022, 0.07306455075740814, -0.12420884519815445, 0.32930925488471985], [0.0467059463262558, -0.978020966053009, -0.20320791006088257, 0.5528907775878906], [-0.1363261491060257, 0.1952856034040451, -0.971225380897522, 2.7454397678375244], [0.0, 0.0, 0.0, 1.0]]}, "frame26.png": {"intrinsics": [[2985.29, 0.0, 512.0], [0.0, 2985.29, 512.0], [0.0, 0.0, 1.0]], "pose": [[0.9877218008041382, 0.06818417459726334, -0.14055782556533813, 0.36981505155563354], [0.03863418847322464, -0.9783901572227478, -0.20312559604644775, 0.5301486849784851], [-0.1513703465461731, 0.19520123302936554, -0.9690116047859192, 2.720933198928833], [0.0, 0.0, 0.0, 1.0]]}, "frame27.png": {"intrinsics": [[2985.29, 0.0, 512.0], [0.0, 2985.29, 512.0], [0.0, 0.0, 1.0]],