{"w_std_temp": 8.882476604247264, "w_std_res_8": 8.902300440054805, "w_std_8": 10.850408179246068, "w_noise_scale_8": 0.0, "w_std_res_29": 8.935825892160164, "w_std_29": 10.863903210575378, "w_noise_scale_29": 0.0, "w_std_res_25": 8.910501616772201, "w_std_25": 10.853706268626631, "w_noise_scale_25": 0.0, "w_std_res_30": 8.902235937532772, "w_std_30": 10.850382247730952, "w_noise_scale_30": 0.0, "w_std_res_47": 8.921624887037114, "w_std_47": 10.858182722318224, "w_noise_scale_47": 0.0, "w_std_res_9": 8.884866434702325, "w_std_9": 10.843403888568616, "w_noise_scale_9": 0.0, "w_std_res_16": 8.889320752312855, "w_std_16": 10.845192580557294, "w_noise_scale_16": 0.0, "w_std_res_35": 8.878429795014432, "w_std_35": 10.84082023101804, "w_noise_scale_35": 0.0, "w_std_res_0": 8.880574833590448, "w_std_0": 10.841681106671142, "w_noise_scale_0": 0.0, "w_std_res_15": 8.880574833590448, "w_std_15": 10.841681106671142, "w_noise_scale_15": 0.0, "w_std_res_48": 8.896863913761972, "w_std_48": 10.848223011166391, "w_noise_scale_48": 0.0, "w_std_res_42": 8.925637669797045, "w_std_42": 10.859798545697108, "w_noise_scale_42": 0.0, "w_std_res_44": 8.915927198698967, "w_std_44": 10.855889275095109, "w_noise_scale_44": 0.0, "w_std_res_2": 8.914918150213158, "w_std_2": 10.855483212701772, "w_noise_scale_2": 0.0, "w_std_res_22": 8.910501616772201, "w_std_22": 10.853706268626631, "w_noise_scale_22": 0.0, "w_std_res_37": 8.887921051910846, "w_std_37": 10.844630446965446, "w_noise_scale_37": 0.0, "w_std_res_1": 8.90956999523546, "w_std_1": 10.853331516175114, "w_noise_scale_1": 0.0, "w_std_res_33": 8.899375416988542, "w_std_33": 10.84923237851992, "w_noise_scale_33": 0.0, "w_std_res_31": 8.935891900784164, "w_std_31": 10.863929814557208, "w_noise_scale_31": 0.0, "w_std_res_32": 8.907377121661572, "w_std_32": 10.852449518282727, "w_noise_scale_32": 0.0, "w_std_res_10": 8.924220904370308, "w_std_10": 10.859228002602212, "w_noise_scale_10": 0.0, "w_std_res_26": 8.899375416988542, "w_std_26": 10.84923237851992, "w_noise_scale_26": 0.0, "w_std_res_19": 8.919353956425319, "w_std_19": 10.857268504324649, "w_noise_scale_19": 0.0, "w_std_res_40": 8.889705246800931, "w_std_40": 10.845347007760978, "w_noise_scale_40": 0.0, "w_std_res_20": 8.928144579082486, "w_std_20": 10.860808247144869, "w_noise_scale_20": 0.0, "w_std_res_18": 8.929830625493409, "w_std_18": 10.861487438422051, "w_noise_scale_18": 0.0, "w_std_res_38": 8.888908555750813, "w_std_38": 10.845027032152801, "w_noise_scale_38": 0.0, "w_std_res_39": 8.887181780519626, "w_std_39": 10.84433357219336, "w_noise_scale_39": 0.0, "w_std_res_27": 8.890055891275376, "w_std_27": 10.845487843453608, "w_noise_scale_27": 0.0, "w_std_res_6": 8.919986774794006, "w_std_6": 10.85752324499584, "w_noise_scale_6": 0.0, "w_std_res_46": 8.865667628554547, "w_std_46": 10.835701234807095, "w_noise_scale_46": 0.0, "w_std_res_21": 8.884098769008594, "w_std_21": 10.843095682708652, "w_noise_scale_21": 0.0, "w_std_res_45": 8.905625855323139, "w_std_45": 10.851745244141608, "w_noise_scale_45": 0.0, "w_std_res_24": 8.917601099791357, "w_std_24": 10.856562956053358, "w_noise_scale_24": 0.0, "w_std_res_3": 8.863569223230561, "w_std_3": 10.834860023034446, "w_noise_scale_3": 0.0, "w_std_res_28": 8.881629566132558, "w_std_28": 10.842104457276733, "w_noise_scale_28": 0.0, "w_std_res_23": 8.942781656173878, "w_std_23": 10.8667073698752, "w_noise_scale_23": 0.0, "w_std_res_14": 8.889422260473399, "w_std_14": 10.845233349552696, "w_noise_scale_14": 0.0, "w_std_res_13": 8.925369390114898, "w_std_13": 10.85969050261102, "w_noise_scale_13": 0.0, "w_std_res_17": 8.966758054057218, "w_std_17": 10.876384423373421, "w_noise_scale_17": 0.0, "w_std_res_11": 8.888477442734498, "w_std_11": 10.844853891938794, "w_noise_scale_11": 0.0, "w_std_res_49": 8.91302899902721, "w_std_49": 10.854723061155223, "w_noise_scale_49": 0.0, "w_std_res_5": 8.901725605184648, "w_std_5": 10.850177086688493, "w_noise_scale_5": 0.0, "w_std_res_7": 8.844143542480527, "w_std_7": 10.82707898627326, "w_noise_scale_7": 0.0, "w_std_res_36": 8.878552106058734, "w_std_36": 10.840869314773608, "w_noise_scale_36": 0.0, "w_std_res_12": 8.903936980347513, "w_std_12": 10.851066148655624, "w_noise_scale_12": 0.0, "w_std_res_43": 8.910662065048815, "w_std_43": 10.853770812919121, "w_noise_scale_43": 0.0, "w_std_res_34": 8.869930770586658, "w_std_34": 10.837410661396476, "w_noise_scale_34": 0.0, "w_std_res_4": 8.874054527103155, "w_std_4": 10.839064722682489, "w_noise_scale_4": 0.0, "w_std_res_41": 8.87302178657305, "w_std_41": 10.838650436343539, "w_noise_scale_41": 0.0, "l2_loss": 23.946491241455078, "lpips_loss": 11.401069641113281, "noise_reg": 2.4909330240824312e-12, "total_delta_reg": 2971.0576171875, "total_loss": 14.3721284866333, "step": 199, "t": 0.995, "lr_ramp": 0.0009866357858642205, "lr": 9.866357858642205e-06, "_timestamp": 1677809337.2100515, "_runtime": 1819.709323644638, "_step": 199, "_wandb": {"runtime": 1818}}