{"step": 99, "c_loss": 0.72802734375, "i_loss": 0.10177123546600342, "l2_loss": 11.282800674438477, "total_loss": 0.7509765625, "_timestamp": 1678378457.094973, "_runtime": 1217.9829452037811, "_step": 4999, "_wandb": {"runtime": 1217}}