{"frame0.png": {"intrinsics": [[2985.29, 0.0, 512.0], [0.0, 2985.29, 512.0], [0.0, 0.0, 1.0]], "pose": [[0.9448252320289612, 0.17873519659042358, 0.27451610565185547, -0.7467562556266785], [0.15855033695697784, -0.9828444719314575, 0.0942259207367897, -0.2476070076227188], [0.28664812445640564, -0.045502401888370514, -0.9569547772407532, 2.7705211639404297], [0.0, 0.0, 0.0, 1.0]]}, "frame1.png": {"intrinsics": [[2985.29, 0.0, 512.0], [0.0, 2985.29, 512.0], [0.0, 0.0, 1.0]], "pose": [[0.9476975798606873, 0.17357344925403595, 0.26784613728523254, -0.7433491945266724], [0.15391674637794495, -0.9837082028388977, 0.09288578480482101, -0.2437390834093094], [0.2796049416065216, -0.046801626682281494, -0.95897376537323, 2.816190481185913], [0.0, 0.0, 0.0, 1.0]]}, "frame2.png": {"intrinsics": [[2985.29, 0.0, 512.0], [0.0, 2985.29, 512.0], [0.0, 0.0, 1.0]], "pose": [[0.9492024183273315, 0.17440877854824066, 0.2619090676307678, -0.7325478196144104], [0.15316042304039001, -0.9831667542457581, 0.0996248796582222, -0.2657499611377716], [0.2748757302761078, -0.05445007234811783, -0.9599367380142212, 2.8300302028656006], [0.0, 0.0, 0.0, 1.0]]}, "frame3.png": {"intrinsics": [[2985.29, 0.0, 512.0], [0.0, 2985.29, 512.0], [0.0, 0.0, 1.0]], "pose": [[0.9992902278900146, -0.002005445072427392, 0.037615880370140076, -0.0979049950838089], [-0.004584336653351784, -0.9976338148117065, 0.06859822571277618, -0.17624107003211975], [0.037389304488897324, -0.06872197985649109, -0.9969349503517151, 2.871142625808716], [0.0, 0.0, 0.0, 1.0]]}}