{"frame0.png": {"intrinsics": [[2985.29, 0.0, 512.0], [0.0, 2985.29, 512.0], [0.0, 0.0, 1.0]], "pose": [[0.9445855021476746, -0.15036340057849884, 0.2918030619621277, -0.7769331932067871], [-0.1251935213804245, -0.9867500066757202, -0.10320352762937546, 0.2923194169998169], [0.3034546971321106, 0.06095271185040474, -0.950894296169281, 2.676034450531006], [0.0, 0.0, 0.0, 1.0]]}, "frame1.png": {"intrinsics": [[2985.29, 0.0, 512.0], [0.0, 2985.29, 512.0], [0.0, 0.0, 1.0]], "pose": [[0.8239307999610901, -0.4795876443386078, 0.3018834590911865, -0.759090781211853], [-0.40546900033950806, -0.8710712790489197, -0.27718183398246765, 0.7225008606910706], [0.39589500427246094, 0.10597427189350128, -0.9121603965759277, 2.4685351848602295], [0.0, 0.0, 0.0, 1.0]]}, "frame2.png": {"intrinsics": [[2985.29, 0.0, 512.0], [0.0, 2985.29, 512.0], [0.0, 0.0, 1.0]], "pose": [[0.8321110010147095, -0.4841969311237335, 0.2704525887966156, -0.7071621417999268], [-0.41085952520370483, -0.8657329082489014, -0.2858337461948395, 0.7668226361274719], [0.3725395202636719, 0.1267273724079132, -0.9193228483200073, 2.579559564590454], [0.0, 0.0, 0.0, 1.0]]}, "frame3.png": {"intrinsics": [[2985.29, 0.0, 512.0], [0.0, 2985.29, 512.0], [0.0, 0.0, 1.0]], "pose": [[0.8801971673965454, -0.3735162913799286, 0.29281145334243774, -0.7550971508026123], [-0.3261658847332001, -0.9242343902587891, -0.1985110640525818, 0.532564640045166], [0.344773530960083, 0.07922376692295074, -0.9353367686271667, 2.564300298690796], [0.0, 0.0, 0.0, 1.0]]}, "frame4.png": {"intrinsics": [[2985.29, 0.0, 512.0], [0.0, 2985.29, 512.0], [0.0, 0.0, 1.0]], "pose": [[0.8729398250579834, -0.40353190898895264, 0.2741130590438843, -0.7283680438995361], [-0.3503473997116089, -0.9096015095710754, -0.22334221005439758, 0.6128547787666321], [0.3394593596458435, 0.0989295244216919, -0.9354038238525391, 2.654834747314453], [0.0, 0.0, 0.0, 1.0]]}}