{"frame0.png": {"intrinsics": [[2985.29, 0.0, 512.0], [0.0, 2985.29, 512.0], [0.0, 0.0, 1.0]], "pose": [[0.9824504852294922, -0.001775831449776888, -0.18651500344276428, 0.4769971966743469], [0.0025478792376816273, -0.9997336268424988, 0.022939298301935196, -0.062205661088228226], [-0.18650606274604797, -0.023011943325400352, -0.9821842312812805, 2.7119758129119873], [0.0, 0.0, 0.0, 1.0]]}, "frame1.png": {"intrinsics": [[2985.29, 0.0, 512.0], [0.0, 2985.29, 512.0], [0.0, 0.0, 1.0]], "pose": [[0.9747568964958191, -0.028627950698137283, -0.22142571210861206, 0.6051049828529358], [-0.02088591828942299, -0.99908846616745, 0.03722767159342766, -0.10245244950056076], [-0.22228963673114777, -0.03166325390338898, -0.9744663834571838, 2.809032440185547], [0.0, 0.0, 0.0, 1.0]]}, "frame2.png": {"intrinsics": [[2985.29, 0.0, 512.0], [0.0, 2985.29, 512.0], [0.0, 0.0, 1.0]], "pose": [[0.9776772856712341, -0.02657838724553585, -0.20842427015304565, 0.5699524283409119], [-0.021550029516220093, -0.999420166015625, 0.02635970339179039, -0.07301072031259537], [-0.2090040147304535, -0.02127973549067974, -0.9776831865310669, 2.813652753829956], [0.0, 0.0, 0.0, 1.0]]}}