{"frame0.png": {"intrinsics": [[2985.29, 0.0, 512.0], [0.0, 2985.29, 512.0], [0.0, 0.0, 1.0]], "pose": [[0.9569328427314758, 0.027581365779042244, -0.2889960706233978, 0.7452463507652283], [0.007688777521252632, -0.9975352883338928, -0.06974399834871292, 0.18868087232112885], [-0.2902074158191681, 0.06451829522848129, -0.9547863602638245, 2.6543545722961426], [0.0, 0.0, 0.0, 1.0]]}, "frame1.png": {"intrinsics": [[2985.29, 0.0, 512.0], [0.0, 2985.29, 512.0], [0.0, 0.0, 1.0]], "pose": [[0.958079993724823, 0.061269041150808334, -0.2798730432987213, 0.7514808177947998], [0.06870303303003311, -0.9974953532218933, 0.01681983284652233, -0.04458904638886452], [-0.2781415283679962, -0.03534287214279175, -0.9598897099494934, 2.752488613128662], [0.0, 0.0, 0.0, 1.0]]}}