{"frame0.png": {"intrinsics": [[2985.29, 0.0, 512.0], [0.0, 2985.29, 512.0], [0.0, 0.0, 1.0]], "pose": [[0.8859232664108276, -0.23020502924919128, -0.4026731252670288, 1.0951498746871948], [-0.21660226583480835, -0.9730004668235779, 0.07970888912677765, -0.21187351644039154], [-0.41015052795410156, 0.016603946685791016, -0.9118666052818298, 2.652141571044922], [0.0, 0.0, 0.0, 1.0]]}, "frame1.png": {"intrinsics": [[2985.29, 0.0, 512.0], [0.0, 2985.29, 512.0], [0.0, 0.0, 1.0]], "pose": [[0.9298203587532043, 0.2306739240884781, 0.28674671053886414, -0.754088819026947], [0.21596111357212067, -0.9729204177856445, 0.08238057792186737, -0.21484817564487457], [0.297984778881073, -0.014672994613647461, -0.9544578790664673, 2.6714704036712646], [0.0, 0.0, 0.0, 1.0]]}, "frame2.png": {"intrinsics": [[2985.29, 0.0, 512.0], [0.0, 2985.29, 512.0], [0.0, 0.0, 1.0]], "pose": [[0.9938676357269287, 0.054247792810201645, 0.09635476022958755, -0.2584674656391144], [0.04657387733459473, -0.9956916570663452, 0.08018088340759277, -0.20587623119354248], [0.10028926283121109, -0.07520157098770142, -0.9921122789382935, 2.7727203369140625], [0.0, 0.0, 0.0, 1.0]]}}