{"frame1.png": {"intrinsics": [[2985.29, 0.0, 512.0], [0.0, 2985.29, 512.0], [0.0, 0.0, 1.0]], "pose": [[0.943224310874939, -0.30086594820022583, 0.14073938131332397, -0.3612891733646393], [-0.3167401850223541, -0.9423025846481323, 0.10835855454206467, -0.2715713381767273], [0.10001767426729202, -0.146784245967865, -0.9840989708900452, 2.7157788276672363], [0.0, 0.0, 0.0, 1.0]]}}