{"w_std_temp": 8.882476604247264, "w_std_res_8": 8.907823106685493, "w_std_8": 10.852628886587802, "w_noise_scale_8": 0.0, "w_std_res_29": 8.936119648650639, "w_std_29": 10.864021606603606, "w_noise_scale_29": 0.0, "w_std_res_25": 8.93295557542407, "w_std_25": 10.86274649101805, "w_noise_scale_25": 0.0, "w_std_res_30": 8.91526692673865, "w_std_30": 10.855623564252308, "w_noise_scale_30": 0.0, "w_std_res_47": 8.941742000303968, "w_std_47": 10.866288148443331, "w_noise_scale_47": 0.0, "w_std_res_9": 8.886087264651412, "w_std_9": 10.843894069648135, "w_noise_scale_9": 0.0, "w_std_res_16": 8.879215988053225, "w_std_16": 10.841135740346811, "w_noise_scale_16": 0.0, "w_std_res_35": 8.906958743729534, "w_std_35": 10.852281258593743, "w_noise_scale_35": 0.0, "w_std_res_0": 8.926337434804939, "w_std_0": 10.860080369177753, "w_noise_scale_0": 0.0, "w_std_res_15": 8.908214257077566, "w_std_15": 10.852786206200692, "w_noise_scale_15": 0.0, "w_std_res_48": 8.925052083181363, "w_std_48": 10.859562717801992, "w_noise_scale_48": 0.0, "w_std_res_42": 8.938437013818467, "w_std_42": 10.864955691925301, "w_noise_scale_42": 0.0, "w_std_res_44": 8.911615050735753, "w_std_44": 10.854154191051691, "w_noise_scale_44": 0.0, "w_std_res_2": 8.919453371003181, "w_std_2": 10.857308522805042, "w_noise_scale_2": 0.0, "w_std_res_22": 8.882601058389373, "w_std_22": 10.842494426589528, "w_noise_scale_22": 0.0, "w_std_res_37": 8.879988474795448, "w_std_37": 10.84144576742996, "w_noise_scale_37": 0.0, "w_std_res_1": 8.91302899902721, "w_std_1": 10.854723061155223, "w_noise_scale_1": 0.0, "w_std_res_33": 8.878473352018352, "w_std_33": 10.84083771051043, "w_noise_scale_33": 0.0, "w_std_res_31": 8.91876007357525, "w_std_31": 10.857029448127143, "w_noise_scale_31": 0.0, "w_std_res_32": 8.887393635087848, "w_std_32": 10.844418646531956, "w_noise_scale_32": 0.0, "w_std_res_10": 8.891819449640215, "w_std_10": 10.846196229842516, "w_noise_scale_10": 0.0, "w_std_res_26": 8.87803337245924, "w_std_26": 10.840661148685767, "w_noise_scale_26": 0.0, "w_std_res_19": 8.912261129337493, "w_std_19": 10.854414118660436, "w_noise_scale_19": 0.0, "w_std_res_40": 8.882163922012474, "w_std_40": 10.842318950961321, "w_noise_scale_40": 0.0, "w_std_res_20": 8.90724424274983, "w_std_20": 10.85239607759503, "w_noise_scale_20": 0.0, "w_std_res_18": 8.914061048422317, "w_std_18": 10.855138321032578, "w_noise_scale_18": 0.0, "w_std_res_38": 8.887181780519626, "w_std_38": 10.84433357219336, "w_noise_scale_38": 0.0, "w_std_res_39": 8.924852064600287, "w_std_39": 10.859482168535939, "w_noise_scale_39": 0.0, "w_std_res_27": 8.915759835117813, "w_std_27": 10.855821922331584, "w_noise_scale_27": 0.0, "w_std_res_6": 8.904653365656634, "w_std_6": 10.851354196164873, "w_noise_scale_6": 0.0, "w_std_res_46": 8.875771093262827, "w_std_46": 10.839753398947781, "w_noise_scale_46": 0.0, "w_std_res_21": 8.885231338434583, "w_std_21": 10.843550398018861, "w_noise_scale_21": 0.0, "w_std_res_45": 8.915332649430418, "w_std_45": 10.855650012205626, "w_noise_scale_45": 0.0, "w_std_res_24": 8.91962854817957, "w_std_24": 10.857379039592152, "w_noise_scale_24": 0.0, "w_std_res_3": 8.906957866606309, "w_std_3": 10.852280905845324, "w_noise_scale_3": 0.0, "w_std_res_28": 8.908301079611084, "w_std_28": 10.852821126612655, "w_noise_scale_28": 0.0, "w_std_res_23": 8.907156971362973, "w_std_23": 10.852360979442446, "w_noise_scale_23": 0.0, "w_std_res_14": 8.912261129337493, "w_std_14": 10.854414118660436, "w_noise_scale_14": 0.0, "w_std_res_13": 8.91466926615901, "w_std_13": 10.85538306123971, "w_noise_scale_13": 0.0, "w_std_res_17": 8.884217924218204, "w_std_17": 10.843143520504098, "w_noise_scale_17": 0.0, "w_std_res_11": 8.905193358372406, "w_std_11": 10.851571329190072, "w_noise_scale_11": 0.0, "w_std_res_49": 8.888353070873142, "w_std_49": 10.84480394373845, "w_noise_scale_49": 0.0, "w_std_res_5": 8.919974075074434, "w_std_5": 10.857518132612075, "w_noise_scale_5": 0.0, "w_std_res_7": 8.926945691276496, "w_std_7": 10.860325350501705, "w_noise_scale_7": 0.0, "w_std_res_36": 8.911615050735753, "w_std_36": 10.854154191051691, "w_noise_scale_36": 0.0, "w_std_res_12": 8.89913356035294, "w_std_12": 10.849135168586018, "w_noise_scale_12": 0.0, "w_std_res_43": 8.89593481597072, "w_std_43": 10.84784965730536, "w_noise_scale_43": 0.0, "w_std_res_34": 8.912432503250725, "w_std_34": 10.854483067205457, "w_noise_scale_34": 0.0, "w_std_res_4": 8.898902671116254, "w_std_4": 10.84904236845354, "w_noise_scale_4": 0.0, "w_std_res_41": 8.879166275613944, "w_std_41": 10.841115789553214, "w_noise_scale_41": 0.0, "l2_loss": 37.27061080932617, "lpips_loss": 16.137582778930664, "noise_reg": 3.3424979906278296e-13, "total_delta_reg": 1606.0316162109375, "total_loss": 17.74361228942871, "step": 199, "t": 0.995, "lr_ramp": 0.0009866357858642205, "lr": 9.866357858642205e-06, "_timestamp": 1677781038.8795469, "_runtime": 1732.0875358581543, "_step": 199, "_wandb": {"runtime": 1731}}