{"frame0.png": {"intrinsics": [[2985.29, 0.0, 512.0], [0.0, 2985.29, 512.0], [0.0, 0.0, 1.0]], "pose": [[0.9822218418121338, -0.036099258810281754, -0.1842203140258789, 0.47644591331481934], [-0.05173417180776596, -0.9953882098197937, -0.08078182488679886, 0.21492357552051544], [-0.1804545819759369, 0.0888761505484581, -0.9795596599578857, 2.706167459487915], [0.0, 0.0, 0.0, 1.0]]}, "frame1.png": {"intrinsics": [[2985.29, 0.0, 512.0], [0.0, 2985.29, 512.0], [0.0, 0.0, 1.0]], "pose": [[0.9816822409629822, -0.03645258769392967, -0.1870059221982956, 0.4836016297340393], [-0.051984403282403946, -0.9955313801765442, -0.07883423566818237, 0.20939114689826965], [-0.1832965612411499, 0.08711156249046326, -0.9791905283927917, 2.7100839614868164], [0.0, 0.0, 0.0, 1.0]]}, "frame10.png": {"intrinsics": [[2985.29, 0.0, 512.0], [0.0, 2985.29, 512.0], [0.0, 0.0, 1.0]], "pose": [[0.9996935129165649, -0.020314857363700867, -0.014145990833640099, 0.03571369871497154], [-0.022166524082422256, -0.9890059232711792, -0.14620503783226013, 0.3910444378852844], [-0.01102033443748951, 0.14647381007671356, -0.9891531467437744, 2.73850417137146], [0.0, 0.0, 0.0, 1.0]]}, "frame11.png": {"intrinsics": [[2985.29, 0.0, 512.0], [0.0, 2985.29, 512.0], [0.0, 0.0, 1.0]], "pose": [[0.9995639324188232, -0.019519472494721413, 0.022157922387123108, -0.058745987713336945], [-0.016746465116739273, -0.9927429556846619, -0.11908406019210815, 0.3102169334888458], [0.024321578443050385, 0.1186610609292984, -0.9926368594169617, 2.7204928398132324], [0.0, 0.0, 0.0, 1.0]]}, "frame12.png": {"intrinsics": [[2985.29, 0.0, 512.0], [0.0, 2985.29, 512.0], [0.0, 0.0, 1.0]], "pose": [[0.9996013045310974, -0.017184743657708168, 0.022402960807085037, -0.05948149412870407], [-0.014454488642513752, -0.9930506348609924, -0.1167968139052391, 0.3038182556629181], [0.024254396557807922, 0.11642643064260483, -0.9929031133651733, 2.7248804569244385], [0.0, 0.0, 0.0, 1.0]]}, "frame13.png": {"intrinsics": [[2985.29, 0.0, 512.0], [0.0, 2985.29, 512.0], [0.0, 0.0, 1.0]], "pose": [[0.9992920160293579, -0.019432460889220238, 0.03221605718135834, -0.08314164727926254], [-0.015618987381458282, -0.9932817220687866, -0.11466261744499207, 0.3000386357307434], [0.03422779589891434, 0.11407826095819473, -0.9928819537162781, 2.72751784324646], [0.0, 0.0, 0.0, 1.0]]}, "frame14.png": {"intrinsics": [[2985.29, 0.0, 512.0], [0.0, 2985.29, 512.0], [0.0, 0.0, 1.0]], "pose": [[0.9992449283599854, -0.023711180314421654, 0.03077850490808487, -0.07894951105117798], [-0.019841935485601425, -0.9925224184989929, -0.12043873220682144, 0.31836387515068054], [0.03340410068631172, 0.11973709613084793, -0.9922434687614441, 2.7353522777557373], [0.0, 0.0, 0.0, 1.0]]}, "frame15.png": {"intrinsics": [[2985.29, 0.0, 512.0], [0.0, 2985.29, 512.0], [0.0, 0.0, 1.0]], "pose": [[0.9997941851615906, -0.01700887829065323, 0.011056859977543354, -0.03082776814699173], [-0.015582537278532982, -0.9928556084632874, -0.11830023676156998, 0.31012094020843506], [0.012990020215511322, 0.11810360103845596, -0.9929162859916687, 2.7345731258392334], [0.0, 0.0, 0.0, 1.0]]}, "frame16.png": {"intrinsics": [[2985.29, 0.0, 512.0], [0.0, 2985.29, 512.0], [0.0, 0.0, 1.0]], "pose": [[0.9998699426651001, -0.009877567179501057, -0.012748767621815205, 0.03139772266149521], [-0.01100914366543293, -0.9957000613212585, -0.09197885543107986, 0.24510878324508667], [-0.011785422451794147, 0.09210723638534546, -0.9956793785095215, 2.754321575164795], [0.0, 0.0, 0.0, 1.0]]}, "frame17.png": {"intrinsics": [[2985.29, 0.0, 512.0], [0.0, 2985.29, 512.0], [0.0, 0.0, 1.0]], "pose": [[0.9998173117637634, -0.009095129556953907, -0.016813090071082115, 0.04100359231233597], [-0.010586293414235115, -0.995809018611908, -0.09084273874759674, 0.24336940050125122], [-0.015916401520371437, 0.09100412577390671, -0.9957233667373657, 2.754079580307007], [0.0, 0.0, 0.0, 1.0]]}, "frame18.png": {"intrinsics": [[2985.29, 0.0, 512.0], [0.0, 2985.29, 512.0], [0.0, 0.0, 1.0]], "pose": [[0.9993940591812134, -0.004732641391456127, -0.0344826839864254, 0.09155667573213577], [-0.008018790744245052, -0.9953689575195312, -0.0957932397723198, 0.2587367594242096], [-0.03386963903903961, 0.09601171314716339, -0.994803786277771, 2.7652981281280518], [0.0, 0.0, 0.0, 1.0]]}, "frame19.png": {"intrinsics": [[2985.29, 0.0, 512.0], [0.0, 2985.29, 512.0], [0.0, 0.0, 1.0]], "pose": [[0.9993008971214294, -0.00423696544021368, -0.03714408725500107, 0.09748426079750061], [-0.007811197079718113, -0.9952910542488098, -0.09661627560853958, 0.26254552602767944], [-0.0365598127245903, 0.09683887660503387, -0.9946283102035522, 2.7808656692504883], [0.0, 0.0, 0.0, 1.0]]}, "frame2.png": {"intrinsics": [[2985.29, 0.0, 512.0], [0.0, 2985.29, 512.0], [0.0, 0.0, 1.0]], "pose": [[0.9762822389602661, -0.026214536279439926, -0.21490885317325592, 0.5546799898147583], [-0.05243236571550369, -0.9917210936546326, -0.11721843481063843, 0.306754469871521], [-0.2100568264722824, 0.12570644915103912, -0.9695742130279541, 2.6900148391723633], [0.0, 0.0, 0.0, 1.0]]}, "frame20.png": {"intrinsics": [[2985.29, 0.0, 512.0], [0.0, 2985.29, 512.0], [0.0, 0.0, 1.0]], "pose": [[0.9994849562644958, -0.005914849694818258, -0.03154003247618675, 0.08115670084953308], [-0.008548506535589695, -0.9964263439178467, -0.08403262495994568, 0.23013339936733246], [-0.030930280685424805, 0.08425896614789963, -0.9959637522697449, 2.7459263801574707], [0.0, 0.0, 0.0, 1.0]]}, "frame21.png": {"intrinsics": [[2985.29, 0.0, 512.0], [0.0, 2985.29, 512.0], [0.0, 0.0, 1.0]], "pose": [[0.9994086027145386, 0.011962970718741417, -0.03223852813243866, 0.08568847179412842], [0.00963479746133089, -0.9973991513252258, -0.07142875343561172, 0.20081909000873566], [-0.033009182661771774, 0.07107590138912201, -0.9969245195388794, 2.764133930206299], [0.0, 0.0, 0.0, 1.0]]}, "frame22.png": {"intrinsics": [[2985.29, 0.0, 512.0], [0.0, 2985.29, 512.0], [0.0, 0.0, 1.0]], "pose": [[0.9993915557861328, 0.011732290498912334, -0.032846055924892426, 0.08736594766378403], [0.009384173899888992, -0.9974498152732849, -0.07075148820877075, 0.19925430417060852], [-0.03359236940741539, 0.07040020823478699, -0.996953010559082, 2.7662594318389893], [0.0, 0.0, 0.0, 1.0]]}, "frame23.png": {"intrinsics": [[2985.29, 0.0, 512.0], [0.0, 2985.29, 512.0], [0.0, 0.0, 1.0]], "pose": [[0.9996402859687805, 0.020911740139126778, -0.01679523102939129, 0.04146422818303108], [0.01960134692490101, -0.9970117807388306, -0.07472101598978043, 0.20740987360477448], [-0.01830759085714817, 0.07436493039131165, -0.9970631003379822, 2.735692262649536], [0.0, 0.0, 0.0, 1.0]]}, "frame24.png": {"intrinsics": [[2985.29, 0.0, 512.0], [0.0, 2985.29, 512.0], [0.0, 0.0, 1.0]], "pose": [[0.9996712803840637, 0.01145686861127615, -0.022935274988412857, 0.05810870602726936], [0.009381418116390705, -0.996019721031189, -0.0886378362774849, 0.24710828065872192], [-0.023859499022364616, 0.08839353173971176, -0.9957998394966125, 2.7281408309936523], [0.0, 0.0, 0.0, 1.0]]}, "frame25.png": {"intrinsics": [[2985.29, 0.0, 512.0], [0.0, 2985.29, 512.0], [0.0, 0.0, 1.0]], "pose": [[0.9993115663528442, 0.009683920070528984, -0.035813108086586, 0.0929625928401947], [0.005674859043210745, -0.9938714504241943, -0.1103958934545517, 0.3041028678417206], [-0.036662690341472626, 0.11011666804552078, -0.9932422041893005, 2.762495756149292], [0.0, 0.0, 0.0, 1.0]]}, "frame26.png": {"intrinsics": [[2985.29, 0.0, 512.0], [0.0, 2985.29, 512.0], [0.0, 0.0, 1.0]], "pose": [[0.9990445971488953, 0.0074302759021520615, -0.04306519404053688, 0.1109757050871849], [0.00203219847753644, -0.9922728538513184, -0.12405851483345032, 0.34051457047462463], [-0.04365421086549759, 0.12385247647762299, -0.991339921951294, 2.76031494140625], [0.0, 0.0, 0.0, 1.0]]}, "frame27.png": {"intrinsics": [[2985.29, 0.0, 512.0], [0.0, 2985.29, 512.0], [0.0, 0.0, 1.0]],