{"step": 33, "c_loss": 0.78076171875, "i_loss": 0.09364432096481323, "l2_loss": 0.4669250547885895, "total_loss": 1.1640625, "_timestamp": 1678027178.3993692, "_runtime": 357.59662318229675, "_step": 1433, "_wandb": {"runtime": 357}}