{"step": 41, "c_loss": 0.7529296875, "i_loss": 0.10900986194610596, "l2_loss": 8.778249740600586, "total_loss": 0.77099609375, "_timestamp": 1678376453.4719107, "_runtime": 382.93011379241943, "_step": 1141}