{"frame0.png": {"intrinsics": [[2985.29, 0.0, 512.0], [0.0, 2985.29, 512.0], [0.0, 0.0, 1.0]], "pose": [[0.8123167753219604, -0.09184803068637848, 0.5759387016296387, -1.5718750953674316], [-0.2212093472480774, -0.9622528553009033, 0.15854299068450928, -0.436423659324646], [0.5396367311477661, -0.25619015097618103, -0.8019717931747437, 2.3733322620391846], [0.0, 0.0, 0.0, 1.0]]}, "frame1.png": {"intrinsics": [[2985.29, 0.0, 512.0], [0.0, 2985.29, 512.0], [0.0, 0.0, 1.0]], "pose": [[0.896870493888855, -0.095287024974823, 0.43190696835517883, -1.1756635904312134], [-0.23603926599025726, -0.9289490580558777, 0.2852000296115875, -0.7661924362182617], [0.37404370307922363, -0.3577345013618469, -0.8556385636329651, 2.493966817855835], [0.0, 0.0, 0.0, 1.0]]}}