{"frame0.png": {"intrinsics": [[2985.29, 0.0, 512.0], [0.0, 2985.29, 512.0], [0.0, 0.0, 1.0]], "pose": [[0.9952422976493835, 0.06752042472362518, -0.07024050503969193, 0.18775703012943268], [0.0660906434059143, -0.9975602030754089, -0.022486917674541473, 0.06500371545553207], [-0.0715874582529068, 0.01773769035935402, -0.9972766637802124, 2.8734867572784424], [0.0, 0.0, 0.0, 1.0]]}, "frame1.png": {"intrinsics": [[2985.29, 0.0, 512.0], [0.0, 2985.29, 512.0], [0.0, 0.0, 1.0]], "pose": [[0.9975914359092712, -0.011895681731402874, -0.06833560764789581, 0.18529827892780304], [-0.01646488532423973, -0.9976375102996826, -0.06669511646032333, 0.18182562291622162], [-0.06738077849149704, 0.06765961647033691, -0.9954305291175842, 2.878943920135498], [0.0, 0.0, 0.0, 1.0]]}, "frame10.png": {"intrinsics": [[2985.29, 0.0, 512.0], [0.0, 2985.29, 512.0], [0.0, 0.0, 1.0]], "pose": [[0.9946688413619995, 0.08322089910507202, -0.060894276946783066, 0.16663850843906403], [0.07787550985813141, -0.9932954907417297, -0.08543670922517776, 0.23494867980480194], [-0.06759613007307053, 0.08023905754089355, -0.9944809675216675, 2.8858699798583984], [0.0, 0.0, 0.0, 1.0]]}, "frame11.png": {"intrinsics": [[2985.29, 0.0, 512.0], [0.0, 2985.29, 512.0], [0.0, 0.0, 1.0]], "pose": [[0.9954507946968079, 0.07837984710931778, -0.05416882038116455, 0.1447572112083435], [0.07473611831665039, -0.9949966669082642, -0.06630311161279678, 0.18106849491596222], [-0.0590946227312088, 0.06195312365889549, -0.9963279962539673, 2.8373591899871826], [0.0, 0.0, 0.0, 1.0]]}, "frame12.png": {"intrinsics": [[2985.29, 0.0, 512.0], [0.0, 2985.29, 512.0], [0.0, 0.0, 1.0]], "pose": [[0.9954178333282471, 0.08343032002449036, -0.04671896621584892, 0.12680527567863464], [0.0822005569934845, -0.9962319731712341, -0.027655888348817825, 0.07537900656461716], [-0.048850271850824356, 0.023688841611146927, -0.9985251426696777, 2.885871648788452], [0.0, 0.0, 0.0, 1.0]]}, "frame13.png": {"intrinsics": [[2985.29, 0.0, 512.0], [0.0, 2985.29, 512.0], [0.0, 0.0, 1.0]], "pose": [[0.9954175353050232, 0.05640021339058876, -0.07721986621618271, 0.20722328126430511], [0.053761836141347885, -0.9979106783866882, -0.03583142161369324, 0.09952037036418915], [-0.07907942682504654, 0.03151574730873108, -0.9963700175285339, 2.868821859359741], [0.0, 0.0, 0.0, 1.0]]}, "frame14.png": {"intrinsics": [[2985.29, 0.0, 512.0], [0.0, 2985.29, 512.0], [0.0, 0.0, 1.0]], "pose": [[0.9959079623222351, 0.05533832684159279, -0.0714494064450264, 0.19564375281333923], [0.05419839918613434, -0.9983716011047363, -0.01779712736606598, 0.05151750147342682], [-0.07231792062520981, 0.013851858675479889, -0.9972854256629944, 2.9238762855529785], [0.0, 0.0, 0.0, 1.0]]}, "frame15.png": {"intrinsics": [[2985.29, 0.0, 512.0], [0.0, 2985.29, 512.0], [0.0, 0.0, 1.0]], "pose": [[0.9952821135520935, 0.061005011200904846, -0.07544514536857605, 0.20349866151809692], [0.057773999869823456, -0.9973466396331787, -0.044293325394392014, 0.12486562132835388], [-0.07794708013534546, 0.03972558677196503, -0.9961656928062439, 2.8450238704681396], [0.0, 0.0, 0.0, 1.0]]}, "frame16.png": {"intrinsics": [[2985.29, 0.0, 512.0], [0.0, 2985.29, 512.0], [0.0, 0.0, 1.0]], "pose": [[0.9951487183570862, 0.04323860630393028, -0.0883709043264389, 0.2425813376903534], [0.03925084322690964, -0.9981525540351868, -0.046376172453165054, 0.12821067869663239], [-0.09021288901567459, 0.04268256202340126, -0.9950073957443237, 2.8824377059936523], [0.0, 0.0, 0.0, 1.0]]}, "frame17.png": {"intrinsics": [[2985.29, 0.0, 512.0], [0.0, 2985.29, 512.0], [0.0, 0.0, 1.0]], "pose": [[0.9944470524787903, 0.01692800782620907, -0.10386776924133301, 0.2796908915042877], [0.009891757741570473, -0.9976439476013184, -0.06788722425699234, 0.1922784000635147], [-0.10477225482463837, 0.06648281216621399, -0.9922715425491333, 2.9092416763305664], [0.0, 0.0, 0.0, 1.0]]}, "frame18.png": {"intrinsics": [[2985.29, 0.0, 512.0], [0.0, 2985.29, 512.0], [0.0, 0.0, 1.0]], "pose": [[0.9940395355224609, 0.032399050891399384, -0.10409469902515411, 0.2753355801105499], [0.01729845441877842, -0.9895976781845093, -0.14281877875328064, 0.38660240173339844], [-0.10763906687498093, 0.14016684889793396, -0.9842596650123596, 2.799445152282715], [0.0, 0.0, 0.0, 1.0]]}, "frame19.png": {"intrinsics": [[2985.29, 0.0, 512.0], [0.0, 2985.29, 512.0], [0.0, 0.0, 1.0]], "pose": [[0.9957821369171143, 0.048016421496868134, -0.07818138599395752, 0.21461999416351318], [0.03254030644893646, -0.9815570116043091, -0.18837988376617432, 0.5231488943099976], [-0.08578482270240784, 0.18504127860069275, -0.9789794087409973, 2.859487295150757], [0.0, 0.0, 0.0, 1.0]]}, "frame2.png": {"intrinsics": [[2985.29, 0.0, 512.0], [0.0, 2985.29, 512.0], [0.0, 0.0, 1.0]], "pose": [[0.9925079345703125, -0.01935441792011261, -0.12063731253147125, 0.32561972737312317], [-0.027226656675338745, -0.9975814819335938, -0.06395257264375687, 0.17588569223880768], [-0.11910778284072876, 0.06675798445940018, -0.9906345009803772, 2.8430771827697754], [0.0, 0.0, 0.0, 1.0]]}, "frame20.png": {"intrinsics": [[2985.29, 0.0, 512.0], [0.0, 2985.29, 512.0], [0.0, 0.0, 1.0]], "pose": [[0.9947192668914795, 0.03151223063468933, -0.0976758599281311, 0.27239254117012024], [0.01774098351597786, -0.9901649355888367, -0.13877540826797485, 0.3941231071949005], [-0.10108833760023117, 0.1363096982240677, -0.9854952096939087, 2.9136435985565186], [0.0, 0.0, 0.0, 1.0]]}, "frame21.png": {"intrinsics": [[2985.29, 0.0, 512.0], [0.0, 2985.29, 512.0], [0.0, 0.0, 1.0]], "pose": [[0.9926825761795044, 0.06158723682165146, -0.10386655479669571, 0.28411436080932617], [0.056820839643478394, -0.997218132019043, -0.04824317991733551, 0.14108140766620636], [-0.10654877126216888, 0.04198838025331497, -0.9934205412864685, 2.8389248847961426], [0.0, 0.0, 0.0, 1.0]]}, "frame22.png": {"intrinsics": [[2985.29, 0.0, 512.0], [0.0, 2985.29, 512.0], [0.0, 0.0, 1.0]], "pose": [[0.9915043115615845, 0.062187064439058304, -0.11424506455659866, 0.3152335584163666], [0.06520877778530121, -0.9976087808609009, 0.02290186658501625, -0.06074989214539528], [-0.11254768073558807, -0.03015708178281784, -0.9931885600090027, 2.9229798316955566], [0.0, 0.0, 0.0, 1.0]]}, "frame23.png": {"intrinsics": [[2985.29, 0.0, 512.0], [0.0, 2985.29, 512.0], [0.0, 0.0, 1.0]], "pose": [[0.9904351830482483, 0.0680219978094101, -0.12004654854536057, 0.32091933488845825], [0.07526694983243942, -0.9955397248268127, 0.05688151344656944, -0.15063638985157013], [-0.11564190685749054, -0.06537298858165741, -0.9911373853683472, 2.8254499435424805], [0.0, 0.0, 0.0, 1.0]]}, "frame24.png": {"intrinsics": [[2985.29, 0.0, 512.0], [0.0, 2985.29, 512.0], [0.0, 0.0, 1.0]], "pose": [[0.9921890497207642, 0.05620802566409111, -0.1113620325922966, 0.30565840005874634], [0.05875109136104584, -0.9980785250663757, 0.01968502067029476, -0.049093350768089294], [-0.11004159599542618, -0.02607390098273754, -0.9935848712921143, 2.8344335556030273], [0.0, 0.0, 0.0, 1.0]]}, "frame25.png": {"intrinsics": [[2985.29, 0.0, 512.0], [0.0, 2985.29, 512.0], [0.0, 0.0, 1.0]], "pose": [[0.9906212687492371, 0.04195678234100342, -0.13003525137901306, 0.34907644987106323], [0.0472530722618103, -0.9981631636619568, 0.03791418671607971, -0.09459242224693298], [-0.12820564210414886, -0.04370316490530968, -0.990784227848053, 2.836083173751831], [0.0, 0.0, 0.0, 1.0]]}, "frame26.png": {"intrinsics": [[2985.29, 0.0, 512.0], [0.0, 2985.29, 512.0], [0.0, 0.0, 1.0]], "pose": [[0.9946197867393494, 0.06708125025033951, -0.07894051820039749, 0.21364416182041168], [0.07060156017541885, -0.9965910911560059, 0.0426793172955513, -0.10965106636285782], [-0.07580842822790146, -0.04802301526069641, -0.995965301990509, 2.7628097534179688], [0.0, 0.0, 0.0, 1.0]]}, "frame27.png": {"intrinsics": [[2985.29, 0.0, 512.0], [0.0, 2985.29, 512.0], [0.0, 0.0, 1.0]],