{"frame0.png": {"intrinsics": [[2985.29, 0.0, 512.0], [0.0, 2985.29, 512.0], [0.0, 0.0, 1.0]], "pose": [[0.8840444684028625, 0.007150920573621988, 0.4673481583595276, -1.2523716688156128], [0.041899122297763824, -0.9970698356628418, -0.0640009418129921, 0.17944276332855225], [0.46552109718322754, 0.07616115361452103, -0.88175368309021, 2.5343778133392334], [0.0, 0.0, 0.0, 1.0]]}, "frame1.png": {"intrinsics": [[2985.29, 0.0, 512.0], [0.0, 2985.29, 512.0], [0.0, 0.0, 1.0]], "pose": [[0.8824945092201233, -0.012573424726724625, 0.4701545834541321, -1.254572868347168], [0.017624374479055405, -0.9980563521385193, -0.05977268144488335, 0.16506418585777283], [0.46999233961105347, 0.061035238206386566, -0.8805577158927917, 2.515857219696045], [0.0, 0.0, 0.0, 1.0]]}, "frame2.png": {"intrinsics": [[2985.29, 0.0, 512.0], [0.0, 2985.29, 512.0], [0.0, 0.0, 1.0]], "pose": [[0.9176685810089111, 0.009645875543355942, 0.39722952246665955, -1.0357617139816284], [0.04526785388588905, -0.995734453201294, -0.08039723336696625, 0.21609194576740265], [0.3947596251964569, 0.09175974130630493, -0.9141908884048462, 2.5668249130249023], [0.0, 0.0, 0.0, 1.0]]}}