{"frame0.png": {"intrinsics": [[2985.29, 0.0, 512.0], [0.0, 2985.29, 512.0], [0.0, 0.0, 1.0]], "pose": [[0.9611990451812744, -0.2126166820526123, 0.17575711011886597, -0.49381113052368164], [-0.21194148063659668, -0.9770156741142273, -0.022826330736279488, 0.06309861689805984], [0.17657069861888885, -0.015309575945138931, -0.9841688871383667, 2.9183402061462402], [0.0, 0.0, 0.0, 1.0]]}, "frame1.png": {"intrinsics": [[2985.29, 0.0, 512.0], [0.0, 2985.29, 512.0], [0.0, 0.0, 1.0]], "pose": [[0.9312050342559814, -0.3531129062175751, 0.09037947654724121, -0.21854132413864136], [-0.33430224657058716, -0.9262093901634216, -0.17429357767105103, 0.4356936514377594], [0.14525564014911652, 0.1320890188217163, -0.9805372357368469, 2.4485251903533936], [0.0, 0.0, 0.0, 1.0]]}, "frame2.png": {"intrinsics": [[2985.29, 0.0, 512.0], [0.0, 2985.29, 512.0], [0.0, 0.0, 1.0]], "pose": [[0.9404516816139221, -0.3247559666633606, 0.10041994601488113, -0.2660524547100067], [-0.3077988922595978, -0.9389264583587646, -0.15387362241744995, 0.41334277391433716], [0.1442583203315735, 0.11380156129598618, -0.9829744100570679, 2.7380576133728027], [0.0, 0.0, 0.0, 1.0]]}, "frame3.png": {"intrinsics": [[2985.29, 0.0, 512.0], [0.0, 2985.29, 512.0], [0.0, 0.0, 1.0]], "pose": [[0.9447231292724609, -0.31517329812049866, 0.09035462886095047, -0.23818060755729675], [-0.2999812662601471, -0.9421172738075256, -0.14975400269031525, 0.40247243642807007], [0.13232311606407166, 0.11437138170003891, -0.9845860600471497, 2.7663536071777344], [0.0, 0.0, 0.0, 1.0]]}, "frame4.png": {"intrinsics": [[2985.29, 0.0, 512.0], [0.0, 2985.29, 512.0], [0.0, 0.0, 1.0]], "pose": [[0.9403368234634399, -0.3306727707386017, 0.08013827353715897, -0.22476574778556824], [-0.3171844780445099, -0.9371772408485413, -0.1452333778142929, 0.4041244089603424], [0.1231284886598587, 0.11114967614412308, -0.9861465692520142, 2.873961925506592], [0.0, 0.0, 0.0, 1.0]]}}