{"frame0.png": {"intrinsics": [[2985.29, 0.0, 512.0], [0.0, 2985.29, 512.0], [0.0, 0.0, 1.0]], "pose": [[0.7709781527519226, -0.10413453727960587, -0.6282902359962463, 1.7080695629119873], [-0.16687607765197754, -0.9851040840148926, -0.041500650346279144, 0.11647768318653107], [-0.6146095991134644, 0.13684269785881042, -0.7768713235855103, 2.2723119258880615], [0.0, 0.0, 0.0, 1.0]]}, "frame1.png": {"intrinsics": [[2985.29, 0.0, 512.0], [0.0, 2985.29, 512.0], [0.0, 0.0, 1.0]], "pose": [[0.809881329536438, -0.04301811009645462, -0.585014283657074, 1.6389806270599365], [-0.09113115072250366, -0.9944256544113159, -0.053036488592624664, 0.15547600388526917], [-0.5794717073440552, 0.09626629203557968, -0.8092870116233826, 2.4373133182525635], [0.0, 0.0, 0.0, 1.0]]}, "frame2.png": {"intrinsics": [[2985.29, 0.0, 512.0], [0.0, 2985.29, 512.0], [0.0, 0.0, 1.0]], "pose": [[0.8035396933555603, -0.026594001799821854, -0.5946568250656128, 1.7014572620391846], [-0.09903094917535782, -0.9910516738891602, -0.08949576318264008, 0.25795623660087585], [-0.5869556069374084, 0.13080282509326935, -0.7989829778671265, 2.4658610820770264], [0.0, 0.0, 0.0, 1.0]]}, "frame3.png": {"intrinsics": [[2985.29, 0.0, 512.0], [0.0, 2985.29, 512.0], [0.0, 0.0, 1.0]], "pose": [[0.8099690675735474, 0.01267939992249012, -0.5863355398178101, 1.608291506767273], [-0.058749981224536896, -0.9929831027984619, -0.10263081640005112, 0.2895476222038269], [-0.5835225582122803, 0.11757498979568481, -0.8035406470298767, 2.376739263534546], [0.0, 0.0, 0.0, 1.0]]}}