{"step": 99, "c_loss": 0.751953125, "i_loss": 0.09535372257232666, "l2_loss": 8.907934188842773, "total_loss": 0.77001953125, "_timestamp": 1678065980.1978304, "_runtime": 1202.7934935092926, "_step": 4999, "_wandb": {"runtime": 1201}}