{"w_std_temp": 8.882476604247264, "w_std_res_8": 8.932587810931388, "w_std_8": 12.59720269047855, "w_noise_scale_8": 0.0, "w_std_res_29": 8.89574336410398, "w_std_29": 12.571103397275833, "w_noise_scale_29": 0.0, "w_std_res_25": 8.944748371949878, "w_std_25": 12.605828575008466, "w_noise_scale_25": 0.0, "w_std_res_30": 8.922929994542152, "w_std_30": 12.590356242477812, "w_noise_scale_30": 0.0, "w_std_res_47": 8.864182227509765, "w_std_47": 12.548789471000777, "w_noise_scale_47": 0.0, "w_std_res_9": 8.892610169404707, "w_std_9": 12.56888643635545, "w_noise_scale_9": 0.0, "w_std_res_16": 8.904219944077077, "w_std_16": 12.577103141721468, "w_noise_scale_16": 0.0, "w_std_res_35": 8.896085427731682, "w_std_35": 12.571345455538957, "w_noise_scale_35": 0.0, "w_std_res_0": 8.873144612396441, "w_std_0": 12.55512190054322, "w_noise_scale_0": 0.0, "w_std_res_15": 8.900009655893639, "w_std_15": 12.574122732819177, "w_noise_scale_15": 0.0, "w_std_res_48": 8.907733648352986, "w_std_48": 12.579590985997916, "w_noise_scale_48": 0.0, "w_std_res_42": 8.911444976124804, "w_std_42": 12.582219287053457, "w_noise_scale_42": 0.0, "w_std_res_44": 8.924008173180928, "w_std_44": 12.591120383031846, "w_noise_scale_44": 0.0, "w_std_res_2": 8.882476604247264, "w_std_2": 12.561718881188195, "w_noise_scale_2": 0.0, "w_std_res_22": 8.889422260473399, "w_std_22": 12.566631161532513, "w_noise_scale_22": 0.0, "w_std_res_37": 8.888788145045421, "w_std_37": 12.56618260700122, "w_noise_scale_37": 0.0, "w_std_res_1": 8.864182227509765, "w_std_1": 12.548789471000777, "w_noise_scale_1": 0.0, "w_std_res_33": 8.91974985635808, "w_std_33": 12.588102641979052, "w_noise_scale_33": 0.0, "w_std_res_31": 8.92404844367174, "w_std_31": 12.591148924939297, "w_noise_scale_31": 0.0, "w_std_res_32": 8.826610600196432, "w_std_32": 12.522277960199574, "w_noise_scale_32": 0.0, "w_std_res_10": 8.908064727397305, "w_std_10": 12.579825428538348, "w_noise_scale_10": 0.0, "w_std_res_26": 8.916130484268386, "w_std_26": 12.585538265704013, "w_noise_scale_26": 0.0, "w_std_res_19": 8.91876007357525, "w_std_19": 12.587401315402635, "w_noise_scale_19": 0.0, "w_std_res_40": 8.886123750685673, "w_std_40": 12.56429806783889, "w_noise_scale_40": 0.0, "w_std_res_20": 8.905760074244084, "w_std_20": 12.578193555713794, "w_noise_scale_20": 0.0, "w_std_res_18": 8.936183906595701, "w_std_18": 12.599752911763787, "w_noise_scale_18": 0.0, "w_std_res_38": 8.87133286913528, "w_std_38": 12.553841543527623, "w_noise_scale_38": 0.0, "w_std_res_39": 8.901107287158155, "w_std_39": 12.574899664112634, "w_noise_scale_39": 0.0, "w_std_res_27": 8.917603289982123, "w_std_27": 12.586581706821754, "w_noise_scale_27": 0.0, "w_std_res_6": 8.910800153465457, "w_std_6": 12.58176259512156, "w_noise_scale_6": 0.0, "w_std_res_46": 8.908766311195956, "w_std_46": 12.58032224597208, "w_noise_scale_46": 0.0, "w_std_res_21": 8.874660644920457, "w_std_21": 12.55619337966328, "w_noise_scale_21": 0.0, "w_std_res_45": 8.86456076182007, "w_std_45": 12.54905686197174, "w_noise_scale_45": 0.0, "w_std_res_24": 8.902415402574741, "w_std_24": 12.57582564386927, "w_noise_scale_24": 0.0, "w_std_res_3": 8.899475493673771, "w_std_3": 12.57374465652536, "w_noise_scale_3": 0.0, "w_std_res_28": 8.905910958458994, "w_std_28": 12.578300386975977, "w_noise_scale_28": 0.0, "w_std_res_23": 8.85305473410167, "w_std_23": 12.540931733726964, "w_noise_scale_23": 0.0, "w_std_res_14": 8.892977390896707, "w_std_14": 12.56914625183429, "w_noise_scale_14": 0.0, "w_std_res_13": 8.905731563858188, "w_std_13": 12.578173369472214, "w_noise_scale_13": 0.0, "w_std_res_17": 8.920034070142332, "w_std_17": 12.588304033407358, "w_noise_scale_17": 0.0, "w_std_res_11": 8.915873747844346, "w_std_11": 12.58535638400836, "w_noise_scale_11": 0.0, "w_std_res_49": 8.898688017764192, "w_std_49": 12.573187307222462, "w_noise_scale_49": 0.0, "w_std_res_5": 8.926471779908342, "w_std_5": 12.59286659432633, "w_noise_scale_5": 0.0, "w_std_res_7": 8.923773550186043, "w_std_7": 12.59095409411058, "w_noise_scale_7": 0.0, "w_std_res_36": 8.93276491700638, "w_std_36": 12.59732827576943, "w_noise_scale_36": 0.0, "w_std_res_12": 8.87133286913528, "w_std_12": 12.553841543527623, "w_noise_scale_12": 0.0, "w_std_res_43": 8.885526767586715, "w_std_43": 12.563875857493182, "w_noise_scale_43": 0.0, "w_std_res_34": 8.908305026069774, "w_std_34": 12.579995590718623, "w_noise_scale_34": 0.0, "w_std_res_4": 8.909495022867457, "w_std_4": 12.580838294306941, "w_noise_scale_4": 0.0, "w_std_res_41": 8.916225991836455, "w_std_41": 12.585605927507027, "w_noise_scale_41": 0.0, "l2_loss": 18.997108459472656, "lpips_loss": 8.490798950195312, "noise_reg": 9.47529489765675e-13, "total_delta_reg": 38780.82421875, "total_loss": 8.490798950195312, "step": 199, "t": 0.995, "lr_ramp": 0.0009866357858642205, "lr": 9.866357858642205e-06, "_timestamp": 1677774344.4045255, "_runtime": 1789.3256175518036, "_step": 199, "_wandb": {"runtime": 1788}}