{"frame0.png": {"intrinsics": [[2985.29, 0.0, 512.0], [0.0, 2985.29, 512.0], [0.0, 0.0, 1.0]], "pose": [[0.676033616065979, -0.07733377814292908, 0.7328014969825745, -1.9490019083023071], [-0.2144065499305725, -0.9720929861068726, 0.09521050751209259, -0.2509184181690216], [0.7049882411956787, -0.22148294746875763, -0.6737483739852905, 1.9693496227264404], [0.0, 0.0, 0.0, 1.0]]}, "frame1.png": {"intrinsics": [[2985.29, 0.0, 512.0], [0.0, 2985.29, 512.0], [0.0, 0.0, 1.0]], "pose": [[0.6546248197555542, -0.14676912128925323, 0.7415693998336792, -1.9570775032043457], [-0.17179571092128754, -0.9841878414154053, -0.043133724480867386, 0.1238820031285286], [0.7361742258071899, -0.0991620272397995, -0.6694880723953247, 1.9388147592544556], [0.0, 0.0, 0.0, 1.0]]}, "frame2.png": {"intrinsics": [[2985.29, 0.0, 512.0], [0.0, 2985.29, 512.0], [0.0, 0.0, 1.0]], "pose": [[0.4931628704071045, -0.15769852697849274, 0.8555241227149963, -2.2499003410339355], [-0.08074550330638885, -0.9874846935272217, -0.13547740876674652, 0.35246139764785767], [0.8661816120147705, -0.00226728618144989, -0.49972423911094666, 1.4891661405563354], [0.0, 0.0, 0.0, 1.0]]}, "frame3.png": {"intrinsics": [[2985.29, 0.0, 512.0], [0.0, 2985.29, 512.0], [0.0, 0.0, 1.0]], "pose": [[0.44329240918159485, -0.14194124937057495, 0.8850675225257874, -2.1860153675079346], [-0.2529224455356598, -0.9670692086219788, -0.02841411903500557, 0.06272045522928238], [0.8599546551704407, -0.211257666349411, -0.4645945727825165, 1.341521143913269], [0.0, 0.0, 0.0, 1.0]]}, "frame4.png": {"intrinsics": [[2985.29, 0.0, 512.0], [0.0, 2985.29, 512.0], [0.0, 0.0, 1.0]], "pose": [[0.2713874280452728, -0.08065299689769745, 0.9590849876403809, -2.369873046875], [-0.07949118316173553, -0.9949566125869751, -0.0611763559281826, 0.12256595492362976], [0.9591820240020752, -0.05963635444641113, -0.2764299213886261, 0.8857640027999878], [0.0, 0.0, 0.0, 1.0]]}, "frame5.png": {"intrinsics": [[2985.29, 0.0, 512.0], [0.0, 2985.29, 512.0], [0.0, 0.0, 1.0]], "pose": [[0.4040372371673584, -0.17570056021213531, 0.8977099657058716, -2.2712650299072266], [-0.1629585474729538, -0.9795069694519043, -0.1183663010597229, 0.2989354431629181], [0.9001101851463318, -0.09846511483192444, -0.42438921332359314, 1.2696278095245361], [0.0, 0.0, 0.0, 1.0]]}, "frame6.png": {"intrinsics": [[2985.29, 0.0, 512.0], [0.0, 2985.29, 512.0], [0.0, 0.0, 1.0]], "pose": [[0.45876914262771606, -0.194299578666687, 0.8670516610145569, -2.2337758541107178], [-0.19012725353240967, -0.974664568901062, -0.11781581491231918, 0.2993525564670563], [0.8679760694503784, -0.1107998788356781, -0.48408767580986023, 1.4259521961212158], [0.0, 0.0, 0.0, 1.0]]}, "frame7.png": {"intrinsics": [[2985.29, 0.0, 512.0], [0.0, 2985.29, 512.0], [0.0, 0.0, 1.0]], "pose": [[0.3040629029273987, -0.12536843121051788, 0.9443667531013489, -2.296739339828491], [-0.07161763310432434, -0.9915059804916382, -0.1085672378540039, 0.2577941417694092], [0.9499561786651611, -0.03462204337120056, -0.310458779335022, 0.9570479393005371], [0.0, 0.0, 0.0, 1.0]]}}