{"step": 18, "c_loss": 0.77490234375, "i_loss": 0.1261153221130371, "l2_loss": 0.7920288443565369, "total_loss": 0.78173828125, "_timestamp": 1678027350.30393, "_runtime": 134.28073000907898, "_step": 518, "_wandb": {"runtime": 133}}