{"frame0.png": {"intrinsics": [[2985.29, 0.0, 512.0], [0.0, 2985.29, 512.0], [0.0, 0.0, 1.0]], "pose": [[0.99364173412323, -0.01129161100834608, 0.11202093213796616, -0.29723989963531494], [0.026443317532539368, -0.9437215328216553, -0.329682320356369, 0.8787873387336731], [0.10943920910358429, 0.3305482864379883, -0.937422513961792, 2.6660356521606445], [0.0, 0.0, 0.0, 1.0]]}, "frame1.png": {"intrinsics": [[2985.29, 0.0, 512.0], [0.0, 2985.29, 512.0], [0.0, 0.0, 1.0]], "pose": [[0.8988168835639954, 0.1331293284893036, -0.4176180958747864, 1.1166431903839111], [0.10640114545822144, -0.9905306696891785, -0.08676239848136902, 0.22602128982543945], [-0.42521417140960693, 0.03354846313595772, -0.9044708013534546, 2.596978187561035], [0.0, 0.0, 0.0, 1.0]]}, "frame2.png": {"intrinsics": [[2985.29, 0.0, 512.0], [0.0, 2985.29, 512.0], [0.0, 0.0, 1.0]], "pose": [[0.8944311141967773, 0.15905071794986725, -0.4179663360118866, 1.1439433097839355], [0.12797442078590393, -0.9865635633468628, -0.10156162083148956, 0.26942649483680725], [-0.4285038113594055, 0.03735087066888809, -0.9027675986289978, 2.6352765560150146], [0.0, 0.0, 0.0, 1.0]]}}