{"w_std_temp": 8.882476604247264, "w_std_res_8": 8.93801571938649, "w_std_8": 10.864785864203675, "w_noise_scale_8": 0.0, "w_std_res_29": 8.898183188859397, "w_std_29": 10.848753200973142, "w_noise_scale_29": 0.0, "w_std_res_25": 8.874505267900854, "w_std_25": 10.83924554858409, "w_noise_scale_25": 0.0, "w_std_res_30": 8.935891900784164, "w_std_30": 10.863929814557208, "w_noise_scale_30": 0.0, "w_std_res_47": 8.951845567395585, "w_std_47": 10.870363598593425, "w_noise_scale_47": 0.0, "w_std_res_9": 8.900099191862976, "w_std_9": 10.84952329741957, "w_noise_scale_9": 0.0, "w_std_res_16": 8.9155771335904, "w_std_16": 10.855748398026273, "w_noise_scale_16": 0.0, "w_std_res_35": 8.914650862484745, "w_std_35": 10.855375655637165, "w_noise_scale_35": 0.0, "w_std_res_0": 8.888241002864403, "w_std_0": 10.844758937212482, "w_noise_scale_0": 0.0, "w_std_res_15": 8.91391556079594, "w_std_15": 10.855079780049984, "w_noise_scale_15": 0.0, "w_std_res_48": 8.908064727397305, "w_std_48": 10.852726065227806, "w_noise_scale_48": 0.0, "w_std_res_42": 8.917594091177284, "w_std_42": 10.856560135178638, "w_noise_scale_42": 0.0, "w_std_res_44": 8.932069154176988, "w_std_44": 10.862389319056375, "w_noise_scale_44": 0.0, "w_std_res_2": 8.912261129337493, "w_std_2": 10.854414118660436, "w_noise_scale_2": 0.0, "w_std_res_22": 8.902796698931185, "w_std_22": 10.850607691075417, "w_noise_scale_22": 0.0, "w_std_res_37": 8.875771093262827, "w_std_37": 10.839753398947781, "w_noise_scale_37": 0.0, "w_std_res_1": 8.878253364964305, "w_std_1": 10.840749429957553, "w_noise_scale_1": 0.0, "w_std_res_33": 8.901672507877382, "w_std_33": 10.850155741249754, "w_noise_scale_33": 0.0, "w_std_res_31": 8.912751136012943, "w_std_31": 10.85461126448686, "w_noise_scale_31": 0.0, "w_std_res_32": 8.925369390114898, "w_std_32": 10.85969050261102, "w_noise_scale_32": 0.0, "w_std_res_10": 8.887586145855353, "w_std_10": 10.844495954169561, "w_noise_scale_10": 0.0, "w_std_res_26": 8.903253004520314, "w_std_26": 10.85079114699131, "w_noise_scale_26": 0.0, "w_std_res_19": 8.9226143520271, "w_std_19": 10.858581104073865, "w_noise_scale_19": 0.0, "w_std_res_40": 8.943474401763556, "w_std_40": 10.866986724421356, "w_noise_scale_40": 0.0, "w_std_res_20": 8.908889959613376, "w_std_20": 10.853057982804893, "w_noise_scale_20": 0.0, "w_std_res_18": 8.893511504181012, "w_std_18": 10.846875983146022, "w_noise_scale_18": 0.0, "w_std_res_38": 8.898850873848826, "w_std_38": 10.849021550063858, "w_noise_scale_38": 0.0, "w_std_res_39": 8.928504651536, "w_std_39": 10.860953288184467, "w_noise_scale_39": 0.0, "w_std_res_27": 8.895183914624813, "w_std_27": 10.847547930004735, "w_noise_scale_27": 0.0, "w_std_res_6": 8.891846686712496, "w_std_6": 10.846207171172788, "w_noise_scale_6": 0.0, "w_std_res_46": 8.915145995719868, "w_std_46": 10.855574899849847, "w_noise_scale_46": 0.0, "w_std_res_21": 8.930455265550576, "w_std_21": 10.8617390843962, "w_noise_scale_21": 0.0, "w_std_res_45": 8.872761601525198, "w_std_45": 10.838546067594814, "w_noise_scale_45": 0.0, "w_std_res_24": 8.91511839167041, "w_std_24": 10.855563791640442, "w_noise_scale_24": 0.0, "w_std_res_3": 8.900090413866591, "w_std_3": 10.849519769038167, "w_noise_scale_3": 0.0, "w_std_res_28": 8.893511504181012, "w_std_28": 10.846875983146022, "w_noise_scale_28": 0.0, "w_std_res_23": 8.896828349895259, "w_std_23": 10.848208719501805, "w_noise_scale_23": 0.0, "w_std_res_14": 8.889320752312855, "w_std_14": 10.845192580557294, "w_noise_scale_14": 0.0, "w_std_res_13": 8.897615551371052, "w_std_13": 10.848525072561706, "w_noise_scale_13": 0.0, "w_std_res_17": 8.904921392129186, "w_std_17": 10.85146196947674, "w_noise_scale_17": 0.0, "w_std_res_11": 8.901543054437248, "w_std_11": 10.850103700541299, "w_noise_scale_11": 0.0, "w_std_res_49": 8.864954261726341, "w_std_49": 10.835415244263832, "w_noise_scale_49": 0.0, "w_std_res_5": 8.924779846724512, "w_std_5": 10.85945308605019, "w_noise_scale_5": 0.0, "w_std_res_7": 8.925637669797045, "w_std_7": 10.859798545697108, "w_noise_scale_7": 0.0, "w_std_res_36": 8.892030754417126, "w_std_36": 10.84628111309932, "w_noise_scale_36": 0.0, "w_std_res_12": 8.91195650516765, "w_std_12": 10.854291561981372, "w_noise_scale_12": 0.0, "w_std_res_43": 8.91387568274878, "w_std_43": 10.855063734123123, "w_noise_scale_43": 0.0, "w_std_res_34": 8.905509179715667, "w_std_34": 10.851698326183786, "w_noise_scale_34": 0.0, "w_std_res_4": 8.864405648434643, "w_std_4": 10.835195314344823, "w_noise_scale_4": 0.0, "w_std_res_41": 8.913739833117186, "w_std_41": 10.85500907199644, "w_noise_scale_41": 0.0, "l2_loss": 25.96172332763672, "lpips_loss": 11.879864692687988, "noise_reg": 2.17094788326766e-12, "total_delta_reg": 2829.971923828125, "total_loss": 14.709835052490234, "step": 199, "t": 0.995, "lr_ramp": 0.0009866357858642205, "lr": 9.866357858642205e-06, "_timestamp": 1677805466.6634736, "_runtime": 1813.2805616855621, "_step": 199, "_wandb": {"runtime": 1812}}