{"w_std_temp": 8.882476604247264, "w_std_res_8": 8.93826264228681, "w_std_8": 10.864885400482832, "w_noise_scale_8": 0.0, "w_std_res_29": 8.898620416249925, "w_std_29": 10.84892892538821, "w_noise_scale_29": 0.0, "w_std_res_25": 8.917559048024296, "w_std_25": 10.856546030794048, "w_noise_scale_25": 0.0, "w_std_res_30": 8.873627094514395, "w_std_30": 10.838893253147436, "w_noise_scale_30": 0.0, "w_std_res_47": 8.881878936210514, "w_std_47": 10.842204554857606, "w_noise_scale_47": 0.0, "w_std_res_9": 8.932587810931388, "w_std_9": 10.862598302201919, "w_noise_scale_9": 0.0, "w_std_res_16": 8.912202835158096, "w_std_16": 10.854390665474963, "w_noise_scale_16": 0.0, "w_std_res_35": 8.93295557542407, "w_std_35": 10.86274649101805, "w_noise_scale_35": 0.0, "w_std_res_0": 8.919937289577769, "w_std_0": 10.85750332431448, "w_noise_scale_0": 0.0, "w_std_res_15": 8.905910958458994, "w_std_15": 10.851859892433186, "w_noise_scale_15": 0.0, "w_std_res_48": 8.927905251933401, "w_std_48": 10.860711845771206, "w_noise_scale_48": 0.0, "w_std_res_42": 8.885427852669785, "w_std_42": 10.843629300480996, "w_noise_scale_42": 0.0, "w_std_res_44": 8.876382374734654, "w_std_44": 10.839998663082252, "w_noise_scale_44": 0.0, "w_std_res_2": 8.908046748586358, "w_std_2": 10.852718834179294, "w_noise_scale_2": 0.0, "w_std_res_22": 8.933353058902352, "w_std_22": 10.862906659534087, "w_noise_scale_22": 0.0, "w_std_res_37": 8.906957866606309, "w_std_37": 10.852280905845324, "w_noise_scale_37": 0.0, "w_std_res_1": 8.881266273735969, "w_std_1": 10.841958634455768, "w_noise_scale_1": 0.0, "w_std_res_33": 8.91026883011955, "w_std_33": 10.853612625814964, "w_noise_scale_33": 0.0, "w_std_res_31": 8.886087264651412, "w_std_31": 10.843894069648135, "w_noise_scale_31": 0.0, "w_std_res_32": 8.913647804771063, "w_std_32": 10.854972042657456, "w_noise_scale_32": 0.0, "w_std_res_10": 8.892003957207846, "w_std_10": 10.84627034831559, "w_noise_scale_10": 0.0, "w_std_res_26": 8.891720165412314, "w_std_26": 10.8461563468355, "w_noise_scale_26": 0.0, "w_std_res_19": 8.873529807804784, "w_std_19": 10.838854226231664, "w_noise_scale_19": 0.0, "w_std_res_40": 8.913706089500595, "w_std_40": 10.854995494586811, "w_noise_scale_40": 0.0, "w_std_res_20": 8.892759080426051, "w_std_20": 10.846573699358936, "w_noise_scale_20": 0.0, "w_std_res_18": 8.926381633254316, "w_std_18": 10.860098170165175, "w_noise_scale_18": 0.0, "w_std_res_38": 8.91416621872175, "w_std_38": 10.85518063961858, "w_noise_scale_38": 0.0, "w_std_res_39": 8.873052603247656, "w_std_39": 10.838662798057701, "w_noise_scale_39": 0.0, "w_std_res_27": 8.86500934150664, "w_std_27": 10.835437325334405, "w_noise_scale_27": 0.0, "w_std_res_6": 8.906518417007849, "w_std_6": 10.852104177445266, "w_noise_scale_6": 0.0, "w_std_res_46": 8.883243970391671, "w_std_46": 10.842752515361354, "w_noise_scale_46": 0.0, "w_std_res_21": 8.913739833117186, "w_std_21": 10.85500907199644, "w_noise_scale_21": 0.0, "w_std_res_45": 8.899507974461285, "w_std_45": 10.84928565836825, "w_noise_scale_45": 0.0, "w_std_res_24": 8.92459032673209, "w_std_24": 10.859376766186907, "w_noise_scale_24": 0.0, "w_std_res_3": 8.894035483822853, "w_std_3": 10.847086500386867, "w_noise_scale_3": 0.0, "w_std_res_28": 8.892938736716902, "w_std_28": 10.846645874128555, "w_noise_scale_28": 0.0, "w_std_res_23": 8.920075672324758, "w_std_23": 10.857559031614795, "w_noise_scale_23": 0.0, "w_std_res_14": 8.91216645589051, "w_std_14": 10.85437602925083, "w_noise_scale_14": 0.0, "w_std_res_13": 8.910506439030275, "w_std_13": 10.85370820848801, "w_noise_scale_13": 0.0, "w_std_res_17": 8.93731512046543, "w_std_17": 10.864503458079666, "w_noise_scale_17": 0.0, "w_std_res_11": 8.885169349821084, "w_std_11": 10.843525509203637, "w_noise_scale_11": 0.0, "w_std_res_49": 8.877201751537475, "w_std_49": 10.840327438983335, "w_noise_scale_49": 0.0, "w_std_res_5": 8.850602027545923, "w_std_5": 10.829664684905993, "w_noise_scale_5": 0.0, "w_std_res_7": 8.887393635087848, "w_std_7": 10.844418646531956, "w_noise_scale_7": 0.0, "w_std_res_36": 8.898941738347318, "w_std_36": 10.84905807043289, "w_noise_scale_36": 0.0, "w_std_res_12": 8.879166715548255, "w_std_12": 10.84111596610907, "w_noise_scale_12": 0.0, "w_std_res_43": 8.941230427771114, "w_std_43": 10.866081878516516, "w_noise_scale_43": 0.0, "w_std_res_34": 8.884209570215011, "w_std_34": 10.843140166569599, "w_noise_scale_34": 0.0, "w_std_res_4": 8.885231338434583, "w_std_4": 10.843550398018861, "w_noise_scale_4": 0.0, "w_std_res_41": 8.9226143520271, "w_std_41": 10.858581104073865, "w_noise_scale_41": 0.0, "l2_loss": 22.834020614624023, "lpips_loss": 11.85975456237793, "noise_reg": 4.00962769930846e-12, "total_delta_reg": 2842.9990234375, "total_loss": 14.702756881713867, "step": 199, "t": 0.995, "lr_ramp": 0.0009866357858642205, "lr": 9.866357858642205e-06, "_timestamp": 1677775839.6140816, "_runtime": 1814.0198817253113, "_step": 199, "_wandb": {"runtime": 1813}}