{"frame0.png": {"intrinsics": [[2985.29, 0.0, 512.0], [0.0, 2985.29, 512.0], [0.0, 0.0, 1.0]], "pose": [[0.9844663143157959, 0.1723068505525589, -0.03371144086122513, 0.08562546968460083], [0.16289322078227997, -0.9680153727531433, -0.19081923365592957, 0.5330411791801453], [-0.06551265716552734, 0.18236373364925385, -0.9810461401939392, 2.8991546630859375], [0.0, 0.0, 0.0, 1.0]]}, "frame1.png": {"intrinsics": [[2985.29, 0.0, 512.0], [0.0, 2985.29, 512.0], [0.0, 0.0, 1.0]], "pose": [[0.9864688515663147, 0.16190345585346222, -0.025817271322011948, 0.0734274834394455], [0.1543566733598709, -0.9702385067939758, -0.1865779012441635, 0.5206347107887268], [-0.055256519466638565, 0.1800682097673416, -0.9821009039878845, 2.905129909515381], [0.0, 0.0, 0.0, 1.0]]}, "frame10.png": {"intrinsics": [[2985.29, 0.0, 512.0], [0.0, 2985.29, 512.0], [0.0, 0.0, 1.0]], "pose": [[0.9792847633361816, 0.19659771025180817, -0.048484042286872864, 0.13363242149353027], [0.180278018116951, -0.9555383324623108, -0.23333734273910522, 0.6314710974693298], [-0.09220194816589355, 0.2197631150484085, -0.9711863398551941, 2.787179946899414], [0.0, 0.0, 0.0, 1.0]]}, "frame11.png": {"intrinsics": [[2985.29, 0.0, 512.0], [0.0, 2985.29, 512.0], [0.0, 0.0, 1.0]], "pose": [[0.9768717288970947, 0.21166621148586273, -0.030316080898046494, 0.08425778150558472], [0.19921323657035828, -0.9524311423301697, -0.23062746226787567, 0.6170170903205872], [-0.0776900202035904, 0.21925407648086548, -0.9725697636604309, 2.7338485717773438], [0.0, 0.0, 0.0, 1.0]]}, "frame12.png": {"intrinsics": [[2985.29, 0.0, 512.0], [0.0, 2985.29, 512.0], [0.0, 0.0, 1.0]], "pose": [[0.9739866852760315, 0.222551628947258, -0.04266984760761261, 0.09889114648103714], [0.21084317564964294, -0.9590277075767517, -0.18923775851726532, 0.47354745864868164], [-0.08303673565387726, 0.1753184050321579, -0.9810037612915039, 2.580989360809326], [0.0, 0.0, 0.0, 1.0]]}, "frame13.png": {"intrinsics": [[2985.29, 0.0, 512.0], [0.0, 2985.29, 512.0], [0.0, 0.0, 1.0]], "pose": [[0.9844350814819336, 0.1679043024778366, -0.051919348537921906, 0.1206476017832756], [0.1496495008468628, -0.9557373523712158, -0.25332003831863403, 0.6802003383636475], [-0.09215478599071503, 0.2416074573993683, -0.965988278388977, 2.7282915115356445], [0.0, 0.0, 0.0, 1.0]]}, "frame14.png": {"intrinsics": [[2985.29, 0.0, 512.0], [0.0, 2985.29, 512.0], [0.0, 0.0, 1.0]], "pose": [[0.987797200679779, 0.15482836961746216, -0.016880301758646965, 0.0322052538394928], [0.1447625309228897, -0.9527083039283752, -0.2671903669834137, 0.7369377017021179], [-0.05745064839720726, 0.2614862322807312, -0.9634959697723389, 2.825523614883423], [0.0, 0.0, 0.0, 1.0]]}, "frame15.png": {"intrinsics": [[2985.29, 0.0, 512.0], [0.0, 2985.29, 512.0], [0.0, 0.0, 1.0]], "pose": [[0.9831368327140808, 0.17743951082229614, -0.044239673763513565, 0.1190655529499054], [0.1648879051208496, -0.9647409915924072, -0.20515073835849762, 0.5369427800178528], [-0.07908166944980621, 0.19439665973186493, -0.9777300357818604, 2.749998092651367], [0.0, 0.0, 0.0, 1.0]]}, "frame16.png": {"intrinsics": [[2985.29, 0.0, 512.0], [0.0, 2985.29, 512.0], [0.0, 0.0, 1.0]], "pose": [[0.9837125539779663, 0.17585787177085876, -0.03719739243388176, 0.09323977679014206], [0.16259223222732544, -0.9587899446487427, -0.2329929620027542, 0.6088249683380127], [-0.0766381323337555, 0.2231501042842865, -0.9717667698860168, 2.686746120452881], [0.0, 0.0, 0.0, 1.0]]}, "frame17.png": {"intrinsics": [[2985.29, 0.0, 512.0], [0.0, 2985.29, 512.0], [0.0, 0.0, 1.0]], "pose": [[0.9836911559104919, 0.17899885773658752, -0.01763792149722576, 0.04617534577846527], [0.16885429620742798, -0.9528024792671204, -0.2523009479045868, 0.6824197769165039], [-0.06196703761816025, 0.2452079802751541, -0.9674880504608154, 2.7921481132507324], [0.0, 0.0, 0.0, 1.0]]}, "frame18.png": {"intrinsics": [[2985.29, 0.0, 512.0], [0.0, 2985.29, 512.0], [0.0, 0.0, 1.0]], "pose": [[0.9834946393966675, 0.17813779413700104, -0.03170517086982727, 0.08752422779798508], [0.16548623144626617, -0.9564452171325684, -0.24047231674194336, 0.6504225134849548], [-0.07316146790981293, 0.23125648498535156, -0.9701380729675293, 2.801614284515381], [0.0, 0.0, 0.0, 1.0]]}, "frame19.png": {"intrinsics": [[2985.29, 0.0, 512.0], [0.0, 2985.29, 512.0], [0.0, 0.0, 1.0]], "pose": [[0.9837385416030884, 0.17700986564159393, -0.030430134385824203, 0.08040813356637955], [0.16537784039974213, -0.9588010311126709, -0.23097793757915497, 0.6250734329223633], [-0.0700618177652359, 0.22218942642211914, -0.9724829792976379, 2.7912042140960693], [0.0, 0.0, 0.0, 1.0]]}, "frame2.png": {"intrinsics": [[2985.29, 0.0, 512.0], [0.0, 2985.29, 512.0], [0.0, 0.0, 1.0]], "pose": [[0.9862033128738403, 0.16530144214630127, -0.008855510503053665, 0.02908826619386673], [0.1597449630498886, -0.9643541574478149, -0.21095633506774902, 0.5798124074935913], [-0.04341123625636101, 0.20663121342658997, -0.9774553775787354, 2.8344414234161377], [0.0, 0.0, 0.0, 1.0]]}, "frame20.png": {"intrinsics": [[2985.29, 0.0, 512.0], [0.0, 2985.29, 512.0], [0.0, 0.0, 1.0]], "pose": [[0.982530951499939, 0.182302325963974, -0.037400759756565094, 0.09683705121278763], [0.1701914221048355, -0.9615122079849243, -0.21570608019828796, 0.5857219696044922], [-0.07528500258922577, 0.20557262003421783, -0.9757418632507324, 2.788149118423462], [0.0, 0.0, 0.0, 1.0]]}, "frame21.png": {"intrinsics": [[2985.29, 0.0, 512.0], [0.0, 2985.29, 512.0], [0.0, 0.0, 1.0]], "pose": [[0.9816997051239014, 0.18602579832077026, -0.04074449464678764, 0.10513334721326828], [0.17303143441677094, -0.9606835246086121, -0.21713407337665558, 0.5888379216194153], [-0.0795351043343544, 0.2061103880405426, -0.9752910733222961, 2.771372079849243], [0.0, 0.0, 0.0, 1.0]]}, "frame22.png": {"intrinsics": [[2985.29, 0.0, 512.0], [0.0, 2985.29, 512.0], [0.0, 0.0, 1.0]], "pose": [[0.9828925728797913, 0.18103450536727905, -0.033891528844833374, 0.0858098492026329], [0.16983094811439514, -0.9620499014854431, -0.2135823369026184, 0.580336332321167], [-0.07127111405134201, 0.20417267084121704, -0.9763370156288147, 2.7927350997924805], [0.0, 0.0, 0.0, 1.0]]}, "frame23.png": {"intrinsics": [[2985.29, 0.0, 512.0], [0.0, 2985.29, 512.0], [0.0, 0.0, 1.0]], "pose": [[0.9821363687515259, 0.1858741194009781, -0.029307512566447258, 0.0728277638554573], [0.17635835707187653, -0.9635644555091858, -0.20110002160072327, 0.549923837184906], [-0.06561896950006485, 0.19233901798725128, -0.9791321754455566, 2.8102407455444336], [0.0, 0.0, 0.0, 1.0]]}, "frame24.png": {"intrinsics": [[2985.29, 0.0, 512.0], [0.0, 2985.29, 512.0], [0.0, 0.0, 1.0]], "pose": [[0.9818414449691772, 0.18743588030338287, -0.02924327366054058, 0.07548701763153076], [0.17765381932258606, -0.9625501036643982, -0.20478370785713196, 0.5563355684280396], [-0.06653193384408951, 0.19586996734142303, -0.9783703088760376, 2.7923383712768555], [0.0, 0.0, 0.0, 1.0]]}, "frame25.png": {"intrinsics": [[2985.29, 0.0, 512.0], [0.0, 2985.29, 512.0], [0.0, 0.0, 1.0]], "pose": [[0.9815883636474609, 0.18984149396419525, -0.021082183346152306, 0.056693535298109055], [0.1807478666305542, -0.9588723182678223, -0.21884700655937195, 0.5953854918479919], [-0.061761364340782166, 0.21100711822509766, -0.9755313992500305, 2.784653663635254], [0.0, 0.0, 0.0, 1.0]]}, "frame26.png": {"intrinsics": [[2985.29, 0.0, 512.0], [0.0, 2985.29, 512.0], [0.0, 0.0, 1.0]], "pose": [[0.9805899858474731, 0.1931384652853012, -0.0337749645113945, 0.0898192822933197], [0.18156418204307556, -0.9594957828521729, -0.2154119461774826, 0.5770105719566345], [-0.07401126623153687, 0.2050984799861908, -0.9759390354156494, 2.7894763946533203], [0.0, 0.0, 0.0, 1.0]]}, "frame27.png": {"intrinsics": [[2985.29, 0.0, 512.0], [0.0, 2985.29, 512.0], [0.0, 0.0, 1.0]],