{"frame0.png": {"intrinsics": [[2985.29, 0.0, 512.0], [0.0, 2985.29, 512.0], [0.0, 0.0, 1.0]], "pose": [[0.9995111227035522, -0.023960551247000694, -0.02008269913494587, 0.05046722665429115], [-0.024307411164045334, -0.9995563626289368, -0.017209190875291824, 0.06066058948636055], [-0.019661447033286095, 0.017688937485218048, -0.9996501803398132, 2.790886402130127], [0.0, 0.0, 0.0, 1.0]]}, "frame1.png": {"intrinsics": [[2985.29, 0.0, 512.0], [0.0, 2985.29, 512.0], [0.0, 0.0, 1.0]], "pose": [[0.9999567270278931, 0.009139230474829674, -0.0017410330474376678, -0.00030279860948212445], [0.009144705720245838, -0.9999531507492065, 0.003163120010867715, 0.002271828008815646], [-0.001712042954750359, -0.003178904065862298, -0.9999935030937195, 2.846181869506836], [0.0, 0.0, 0.0, 1.0]]}}