{"step": 48, "c_loss": 0.7578125, "i_loss": 0.12936341762542725, "l2_loss": 0.0, "total_loss": 0.7578125, "_timestamp": 1678022908.2151048, "_runtime": 224.86017775535583, "_step": 1248, "_wandb": {"runtime": 224}}