{"frame0.png": {"intrinsics": [[2985.29, 0.0, 512.0], [0.0, 2985.29, 512.0], [0.0, 0.0, 1.0]], "pose": [[0.9457975625991821, 0.204018697142601, 0.25267237424850464, -0.6966262459754944], [0.23138518631458282, -0.9692738056182861, -0.08348191529512405, 0.23278193175792694], [0.22787684202194214, 0.1374216377735138, -0.9639436602592468, 2.826725721359253], [0.0, 0.0, 0.0, 1.0]]}, "frame1.png": {"intrinsics": [[2985.29, 0.0, 512.0], [0.0, 2985.29, 512.0], [0.0, 0.0, 1.0]], "pose": [[0.96278977394104, 0.17649424076080322, 0.20466004312038422, -0.5721615552902222], [0.21484285593032837, -0.9592658281326294, -0.18344371020793915, 0.5155082941055298], [0.16394662857055664, 0.22058746218681335, -0.9614898562431335, 2.8513050079345703], [0.0, 0.0, 0.0, 1.0]]}, "frame2.png": {"intrinsics": [[2985.29, 0.0, 512.0], [0.0, 2985.29, 512.0], [0.0, 0.0, 1.0]], "pose": [[0.9836787581443787, 0.14183984696865082, 0.11071384698152542, -0.31157681345939636], [0.1605995148420334, -0.9695755839347839, -0.1847454160451889, 0.525560200214386], [0.08114118874073029, 0.19951073825359344, -0.9765303730964661, 2.934169292449951], [0.0, 0.0, 0.0, 1.0]]}}