{"w_std_temp": 8.882476604247264, "w_std_res_8": 8.894853234455304, "w_std_8": 10.847415061461648, "w_noise_scale_8": 0.0, "w_std_res_29": 8.882476604247264, "w_std_29": 10.842444467519767, "w_noise_scale_29": 0.0, "w_std_res_25": 8.86194153741154, "w_std_25": 10.834207606148453, "w_noise_scale_25": 0.0, "w_std_res_30": 8.942781656173878, "w_std_30": 10.8667073698752, "w_noise_scale_30": 0.0, "w_std_res_47": 8.902415402574741, "w_std_47": 10.850454397166967, "w_noise_scale_47": 0.0, "w_std_res_9": 8.884089975202864, "w_std_9": 10.84309215223568, "w_noise_scale_9": 0.0, "w_std_res_16": 8.907733648352986, "w_std_16": 10.852592907342466, "w_noise_scale_16": 0.0, "w_std_res_35": 8.940895334081482, "w_std_35": 10.86594677047288, "w_noise_scale_35": 0.0, "w_std_res_0": 8.897615551371052, "w_std_0": 10.848525072561706, "w_noise_scale_0": 0.0, "w_std_res_15": 8.923044691275507, "w_std_15": 10.858754377948928, "w_noise_scale_15": 0.0, "w_std_res_48": 8.928607464212995, "w_std_48": 10.860994702949634, "w_noise_scale_48": 0.0, "w_std_res_42": 8.877061820360383, "w_std_42": 10.840271289992009, "w_noise_scale_42": 0.0, "w_std_res_44": 8.935518136907339, "w_std_44": 10.863779175257108, "w_noise_scale_44": 0.0, "w_std_res_2": 8.927047646758698, "w_std_2": 10.860366415175642, "w_noise_scale_2": 0.0, "w_std_res_22": 8.926945691276496, "w_std_22": 10.860325350501705, "w_noise_scale_22": 0.0, "w_std_res_37": 8.920075672324758, "w_std_37": 10.857559031614795, "w_noise_scale_37": 0.0, "w_std_res_1": 8.898620416249925, "w_std_1": 10.84892892538821, "w_noise_scale_1": 0.0, "w_std_res_33": 8.882627444202532, "w_std_33": 10.842505018588877, "w_noise_scale_33": 0.0, "w_std_res_31": 8.906229385941057, "w_std_31": 10.851987944323842, "w_noise_scale_31": 0.0, "w_std_res_32": 8.893236545262923, "w_std_32": 10.846765517309757, "w_noise_scale_32": 0.0, "w_std_res_10": 8.908695278350248, "w_std_10": 10.852979677978993, "w_noise_scale_10": 0.0, "w_std_res_26": 8.888508205823968, "w_std_26": 10.844866246581836, "w_noise_scale_26": 0.0, "w_std_res_19": 8.902616802800175, "w_std_19": 10.850535366256128, "w_noise_scale_19": 0.0, "w_std_res_40": 8.903936980347513, "w_std_40": 10.851066148655624, "w_noise_scale_40": 0.0, "w_std_res_20": 8.905410486749052, "w_std_20": 10.851658639782906, "w_noise_scale_20": 0.0, "w_std_res_18": 8.916130484268386, "w_std_18": 10.855971085219645, "w_noise_scale_18": 0.0, "w_std_res_38": 8.88495436468303, "w_std_38": 10.843439192231633, "w_noise_scale_38": 0.0, "w_std_res_39": 8.935825892160164, "w_std_39": 10.863903210575378, "w_noise_scale_39": 0.0, "w_std_res_27": 8.895817574146852, "w_std_27": 10.847802546051664, "w_noise_scale_27": 0.0, "w_std_res_6": 8.919915393376778, "w_std_6": 10.857494509842038, "w_noise_scale_6": 0.0, "w_std_res_46": 8.890055891275376, "w_std_46": 10.845487843453608, "w_noise_scale_46": 0.0, "w_std_res_21": 8.949007888447747, "w_std_21": 10.869218660827235, "w_noise_scale_21": 0.0, "w_std_res_45": 8.85305473410167, "w_std_45": 10.830646975423491, "w_noise_scale_45": 0.0, "w_std_res_24": 8.95325141708307, "w_std_24": 10.870930916180775, "w_noise_scale_24": 0.0, "w_std_res_3": 8.945429175003287, "w_std_3": 10.867775078471674, "w_noise_scale_3": 0.0, "w_std_res_28": 8.926471779908342, "w_std_28": 10.860134477039177, "w_noise_scale_28": 0.0, "w_std_res_23": 8.908478230034577, "w_std_23": 10.852892378013799, "w_noise_scale_23": 0.0, "w_std_res_14": 8.886740473874546, "w_std_14": 10.84415636126204, "w_noise_scale_14": 0.0, "w_std_res_13": 8.917640523142879, "w_std_13": 10.856578823459994, "w_noise_scale_13": 0.0, "w_std_res_17": 8.909448548451245, "w_std_17": 10.853282665137538, "w_noise_scale_17": 0.0, "w_std_res_11": 8.933028164485993, "w_std_11": 10.862775740890308, "w_noise_scale_11": 0.0, "w_std_res_49": 8.898733231477388, "w_std_49": 10.848974267471096, "w_noise_scale_49": 0.0, "w_std_res_5": 8.917603289982123, "w_std_5": 10.856563837576555, "w_noise_scale_5": 0.0, "w_std_res_7": 8.940930285770044, "w_std_7": 10.86596086265499, "w_noise_scale_7": 0.0, "w_std_res_36": 8.914309511257729, "w_std_36": 10.85523829842648, "w_noise_scale_36": 0.0, "w_std_res_12": 8.917728129966735, "w_std_12": 10.856614084280604, "w_noise_scale_12": 0.0, "w_std_res_43": 8.889837069654314, "w_std_43": 10.845399953724622, "w_noise_scale_43": 0.0, "w_std_res_34": 8.889316797425998, "w_std_34": 10.845190992151775, "w_noise_scale_34": 0.0, "w_std_res_4": 8.919440670524134, "w_std_4": 10.85730341032017, "w_noise_scale_4": 0.0, "w_std_res_41": 8.90401550916776, "w_std_41": 10.851097723128062, "w_noise_scale_41": 0.0, "l2_loss": 36.274505615234375, "lpips_loss": 12.841087341308594, "noise_reg": 2.1570947610592694e-13, "total_delta_reg": 1660.4752197265625, "total_loss": 14.501559257507324, "step": 199, "t": 0.995, "lr_ramp": 0.0009866357858642205, "lr": 9.866357858642205e-06, "_timestamp": 1677821069.1771984, "_runtime": 2047.9392964839935, "_step": 199, "_wandb": {"runtime": 2047}}