{"step": 4, "c_loss": 0.7314453125, "i_loss": 0.1767682433128357, "l2_loss": 390.0138244628906, "total_loss": 3.8515625, "_timestamp": 1678023678.4899538, "_runtime": 76.62581586837769, "_step": 304, "_wandb": {"runtime": 75}}