{"w_std_temp": 8.8825012313537, "w_std_res_8": 8.91190697536167, "w_std_8": 10.854291788706208, "w_noise_scale_8": 0.0, "w_std_res_29": 8.879178153832708, "w_std_29": 10.841140734345025, "w_noise_scale_29": 0.0, "w_std_res_25": 8.936047958969334, "w_std_25": 10.864012847757959, "w_noise_scale_25": 0.0, "w_std_res_30": 8.897821011348789, "w_std_30": 10.848627807815143, "w_noise_scale_30": 0.0, "w_std_res_47": 8.90224164185628, "w_std_47": 10.850404701553762, "w_noise_scale_47": 0.0, "w_std_res_9": 8.911777232264056, "w_std_9": 10.854239591485669, "w_noise_scale_9": 0.0, "w_std_res_16": 8.884832581427744, "w_std_16": 10.843410470188795, "w_noise_scale_16": 0.0, "w_std_res_35": 8.899420627209391, "w_std_35": 10.849270712817521, "w_noise_scale_35": 0.0, "w_std_res_0": 8.942344403874188, "w_std_0": 10.866551182844306, "w_noise_scale_0": 0.0, "w_std_res_15": 8.894578317014247, "w_std_15": 10.847324767396566, "w_noise_scale_15": 0.0, "w_std_res_48": 8.89836054071198, "w_std_48": 10.848844642547196, "w_noise_scale_48": 0.0, "w_std_res_42": 8.882276506476254, "w_std_42": 10.842384319621537, "w_noise_scale_42": 0.0, "w_std_res_44": 8.879605759125797, "w_std_44": 10.841312344885882, "w_noise_scale_44": 0.0, "w_std_res_2": 8.886165951213155, "w_std_2": 10.843945837568766, "w_noise_scale_2": 0.0, "w_std_res_22": 8.922501400952537, "w_std_22": 10.858555771257059, "w_noise_scale_22": 0.0, "w_std_res_37": 8.935226983686537, "w_std_37": 10.863681969640863, "w_noise_scale_37": 0.0, "w_std_res_1": 8.93469929894118, "w_std_1": 10.863469307298889, "w_noise_scale_1": 0.0, "w_std_res_33": 8.891239104449953, "w_std_33": 10.845983275071237, "w_noise_scale_33": 0.0, "w_std_res_31": 8.915918436285743, "w_std_31": 10.855905899123528, "w_noise_scale_31": 0.0, "w_std_res_32": 8.906906993311427, "w_std_32": 10.852280603489525, "w_noise_scale_32": 0.0, "w_std_res_10": 8.86301655758354, "w_std_10": 10.834658681749046, "w_noise_scale_10": 0.0, "w_std_res_26": 8.906449559167783, "w_std_26": 10.852096643621453, "w_noise_scale_26": 0.0, "w_std_res_19": 8.900001755617804, "w_std_19": 10.849504294551894, "w_noise_scale_19": 0.0, "w_std_res_40": 8.899610683198452, "w_std_40": 10.84934710377196, "w_noise_scale_40": 0.0, "w_std_res_20": 8.881649797475692, "w_std_20": 10.84213275404106, "w_noise_scale_20": 0.0, "w_std_res_18": 8.89528140364317, "w_std_18": 10.84760726784944, "w_noise_scale_18": 0.0, "w_std_res_38": 8.905768408031953, "w_std_38": 10.851822726361457, "w_noise_scale_38": 0.0, "w_std_res_39": 8.892975194640993, "w_std_39": 10.846680688262424, "w_noise_scale_39": 0.0, "w_std_res_27": 8.91196702473702, "w_std_27": 10.854315947469928, "w_noise_scale_27": 0.0, "w_std_res_6": 8.923299908105745, "w_std_6": 10.858877287155426, "w_noise_scale_6": 0.0, "w_std_res_46": 8.921220750967885, "w_std_46": 10.858040162565018, "w_noise_scale_46": 0.0, "w_std_res_21": 8.880558558587405, "w_std_21": 10.84169475119665, "w_noise_scale_21": 0.0, "w_std_res_45": 8.901531644891232, "w_std_45": 10.85011927497804, "w_noise_scale_45": 0.0, "w_std_res_24": 8.884104045287852, "w_std_24": 10.843117975097153, "w_noise_scale_24": 0.0, "w_std_res_3": 8.917624315786128, "w_std_3": 10.856592449262106, "w_noise_scale_3": 0.0, "w_std_res_28": 8.899729191806905, "w_std_28": 10.849394737582138, "w_noise_scale_28": 0.0, "w_std_res_23": 8.884304541577805, "w_std_23": 10.843198469403527, "w_noise_scale_23": 0.0, "w_std_res_14": 8.880546242349059, "w_std_14": 10.841689807895492, "w_noise_scale_14": 0.0, "w_std_res_13": 8.92795863075653, "w_std_13": 10.860753488046997, "w_noise_scale_13": 0.0, "w_std_res_17": 8.907488948912595, "w_std_17": 10.852514649552425, "w_noise_scale_17": 0.0, "w_std_res_11": 8.898700747862016, "w_std_11": 10.848981374995533, "w_noise_scale_11": 0.0, "w_std_res_49": 8.897413159874054, "w_std_49": 10.848463899759034, "w_noise_scale_49": 0.0, "w_std_res_5": 8.9263728811035, "w_std_5": 10.860114787750863, "w_noise_scale_5": 0.0, "w_std_res_7": 8.899452230334179, "w_std_7": 10.849283415276789, "w_noise_scale_7": 0.0, "w_std_res_36": 8.899032162965813, "w_std_36": 10.849114577207441, "w_noise_scale_36": 0.0, "w_std_res_12": 8.89823147808035, "w_std_12": 10.848792771980438, "w_noise_scale_12": 0.0, "w_std_res_43": 8.902679108700932, "w_std_43": 10.850580575624743, "w_noise_scale_43": 0.0, "w_std_res_34": 8.95129398816171, "w_std_34": 10.870161154077936, "w_noise_scale_34": 0.0, "w_std_res_4": 8.929998600223854, "w_std_4": 10.861575248323788, "w_noise_scale_4": 0.0, "w_std_res_41": 8.929998600223854, "w_std_41": 10.861575248323788, "w_noise_scale_41": 0.0, "l2_loss": 3.2182776927948, "lpips_loss": 11.57025146484375, "noise_reg": 418.4830627441406, "total_delta_reg": 4088.541015625, "total_loss": 18.87706756591797, "step": 199, "t": 0.995, "lr_ramp": 0.0009866357858642205, "lr": 9.866357858642205e-06, "_timestamp": 1677748625.1174686, "_runtime": 1619.687819480896, "_step": 199, "_wandb": {"runtime": 1618}}