{"frame0.png": {"intrinsics": [[2985.29, 0.0, 512.0], [0.0, 2985.29, 512.0], [0.0, 0.0, 1.0]], "pose": [[0.9938655495643616, 0.08909566700458527, 0.06552308052778244, -0.16603848338127136], [0.07592978328466415, -0.980459988117218, 0.18147410452365875, -0.4796445965766907], [0.08041131496429443, -0.17538569867610931, -0.9812104105949402, 2.7545108795166016], [0.0, 0.0, 0.0, 1.0]]}, "frame1.png": {"intrinsics": [[2985.29, 0.0, 512.0], [0.0, 2985.29, 512.0], [0.0, 0.0, 1.0]], "pose": [[0.9948767423629761, 0.08405283093452454, 0.05617270618677139, -0.14403575658798218], [0.07123298943042755, -0.9771078824996948, 0.20046471059322357, -0.5488824248313904], [0.0717364177107811, -0.19543632864952087, -0.9780892133712769, 2.7911505699157715], [0.0, 0.0, 0.0, 1.0]]}, "frame2.png": {"intrinsics": [[2985.29, 0.0, 512.0], [0.0, 2985.29, 512.0], [0.0, 0.0, 1.0]], "pose": [[0.9616554975509644, 0.012543750926852226, 0.27397340536117554, -0.7027405500411987], [-0.003213816322386265, -0.998369574546814, 0.05699050426483154, -0.14807412028312683], [0.27424156665802, -0.055685728788375854, -0.96004718542099, 2.645386219024658], [0.0, 0.0, 0.0, 1.0]]}}