{"step": 20, "c_loss": 0.7373046875, "i_loss": 0.12208056449890137, "l2_loss": 3.5009360313415527, "total_loss": 3.55078125, "_timestamp": 1678026068.6915176, "_runtime": 137.20074558258057, "_step": 520, "_wandb": {"runtime": 136}}