{"w_std_temp": 8.882476604247264, "w_std_res_8": 8.931820310692553, "w_std_8": 10.86228905505764, "w_noise_scale_8": 0.0, "w_std_res_29": 8.896892891622333, "w_std_29": 10.848234656212503, "w_noise_scale_29": 0.0, "w_std_res_25": 8.875827426217795, "w_std_25": 10.83977600091441, "w_noise_scale_25": 0.0, "w_std_res_30": 8.90743237765519, "w_std_30": 10.85247174106549, "w_noise_scale_30": 0.0, "w_std_res_47": 8.905582431121504, "w_std_47": 10.8517277822186, "w_noise_scale_47": 0.0, "w_std_res_9": 8.91195650516765, "w_std_9": 10.854291561981372, "w_noise_scale_9": 0.0, "w_std_res_16": 8.917491151523505, "w_std_16": 10.85651870349676, "w_noise_scale_16": 0.0, "w_std_res_35": 8.896648772150106, "w_std_35": 10.848136555130102, "w_noise_scale_35": 0.0, "w_std_res_0": 8.898733231477388, "w_std_0": 10.848974267471096, "w_noise_scale_0": 0.0, "w_std_res_15": 8.897802572826619, "w_std_15": 10.848600233728313, "w_noise_scale_15": 0.0, "w_std_res_48": 8.925052083181363, "w_std_48": 10.859562717801992, "w_noise_scale_48": 0.0, "w_std_res_42": 8.924852064600287, "w_std_42": 10.859482168535939, "w_noise_scale_42": 0.0, "w_std_res_44": 8.876583045434769, "w_std_44": 10.84007918055145, "w_noise_scale_44": 0.0, "w_std_res_2": 8.909082444337352, "w_std_2": 10.853135405264233, "w_noise_scale_2": 0.0, "w_std_res_22": 8.851556625108378, "w_std_22": 10.830046972283869, "w_noise_scale_22": 0.0, "w_std_res_37": 8.88844492163843, "w_std_37": 10.844840831300845, "w_noise_scale_37": 0.0, "w_std_res_1": 8.904731888159239, "w_std_1": 10.851385769799172, "w_noise_scale_1": 0.0, "w_std_res_33": 8.892030754417126, "w_std_33": 10.84628111309932, "w_noise_scale_33": 0.0, "w_std_res_31": 8.916827052685276, "w_std_31": 10.856251421272216, "w_noise_scale_31": 0.0, "w_std_res_32": 8.883231657876541, "w_std_32": 10.842747572542441, "w_noise_scale_32": 0.0, "w_std_res_10": 8.916576907647912, "w_std_10": 10.85615074796311, "w_noise_scale_10": 0.0, "w_std_res_26": 8.887275841055008, "w_std_26": 10.844371343870055, "w_noise_scale_26": 0.0, "w_std_res_19": 8.931519415110735, "w_std_19": 10.862167820726441, "w_noise_scale_19": 0.0, "w_std_res_40": 8.917640523142879, "w_std_40": 10.856578823459994, "w_noise_scale_40": 0.0, "w_std_res_20": 8.909308685302133, "w_std_20": 10.853226406811018, "w_noise_scale_20": 0.0, "w_std_res_18": 8.891720165412314, "w_std_18": 10.8461563468355, "w_noise_scale_18": 0.0, "w_std_res_38": 8.883861772900342, "w_std_38": 10.843000536060119, "w_noise_scale_38": 0.0, "w_std_res_39": 8.948757769936563, "w_std_39": 10.86911775542293, "w_noise_scale_39": 0.0, "w_std_res_27": 8.918055333843808, "w_std_27": 10.85674578243292, "w_noise_scale_27": 0.0, "w_std_res_6": 8.927905251933401, "w_std_6": 10.860711845771206, "w_noise_scale_6": 0.0, "w_std_res_46": 8.911773287342985, "w_std_46": 10.854217850966968, "w_noise_scale_46": 0.0, "w_std_res_21": 8.932060407599135, "w_std_21": 10.862385794854186, "w_noise_scale_21": 0.0, "w_std_res_45": 8.898442191614215, "w_std_45": 10.848857295096797, "w_noise_scale_45": 0.0, "w_std_res_24": 8.883231657876541, "w_std_24": 10.842747572542441, "w_noise_scale_24": 0.0, "w_std_res_3": 8.912202835158096, "w_std_3": 10.854390665474963, "w_noise_scale_3": 0.0, "w_std_res_28": 8.901543054437248, "w_std_28": 10.850103700541299, "w_noise_scale_28": 0.0, "w_std_res_23": 8.898225771186073, "w_std_23": 10.8487703148214, "w_noise_scale_23": 0.0, "w_std_res_14": 8.884089975202864, "w_std_14": 10.84309215223568, "w_noise_scale_14": 0.0, "w_std_res_13": 8.88656289011674, "w_std_13": 10.844085052460628, "w_noise_scale_13": 0.0, "w_std_res_17": 8.881720606813749, "w_std_17": 10.842141000945109, "w_noise_scale_17": 0.0, "w_std_res_11": 8.893591003497969, "w_std_11": 10.846907922738858, "w_noise_scale_11": 0.0, "w_std_res_49": 8.892253036351361, "w_std_49": 10.846370407450825, "w_noise_scale_49": 0.0, "w_std_res_5": 8.904268200559775, "w_std_5": 10.851199325276216, "w_noise_scale_5": 0.0, "w_std_res_7": 8.88731276174075, "w_std_7": 10.844386170099716, "w_noise_scale_7": 0.0, "w_std_res_36": 8.966758054057218, "w_std_36": 10.876384423373421, "w_noise_scale_36": 0.0, "w_std_res_12": 8.902800647829872, "w_std_12": 10.850609278687994, "w_noise_scale_12": 0.0, "w_std_res_43": 8.910506439030275, "w_std_43": 10.85370820848801, "w_noise_scale_43": 0.0, "w_std_res_34": 8.895342004386341, "w_std_34": 10.847611452239152, "w_noise_scale_34": 0.0, "w_std_res_4": 8.895608554927538, "w_std_4": 10.847718556942054, "w_noise_scale_4": 0.0, "w_std_res_41": 8.91784814991823, "w_std_41": 10.85666239141892, "w_noise_scale_41": 0.0, "l2_loss": 448106.21875, "lpips_loss": 14.211187362670898, "noise_reg": 1.1957976926366132e-12, "total_delta_reg": 0.0, "total_loss": 14.211187362670898, "step": 199, "t": 0.995, "lr_ramp": 0.0009866357858642205, "lr": 9.866357858642205e-06, "_timestamp": 1677855329.5465336, "_runtime": 1875.22132563591, "_step": 199, "_wandb": {"runtime": 1872}}