{"w_std_temp": 8.882476604247264, "w_std_res_8": 8.881878936210514, "w_std_8": 10.842204554857606, "w_noise_scale_8": 0.0, "w_std_res_29": 8.885082740892175, "w_std_29": 10.843490735373226, "w_noise_scale_29": 0.0, "w_std_res_25": 8.887275841055008, "w_std_25": 10.844371343870055, "w_noise_scale_25": 0.0, "w_std_res_30": 8.932060407599135, "w_std_30": 10.862385794854186, "w_noise_scale_30": 0.0, "w_std_res_47": 8.85217090252442, "w_std_47": 10.83029298642816, "w_noise_scale_47": 0.0, "w_std_res_9": 8.903315744709944, "w_std_9": 10.850816371937182, "w_noise_scale_9": 0.0, "w_std_res_16": 8.893616917486383, "w_std_16": 10.846918333967025, "w_noise_scale_16": 0.0, "w_std_res_35": 8.910794454620754, "w_std_35": 10.853824070488935, "w_noise_scale_35": 0.0, "w_std_res_0": 8.89549174793052, "w_std_0": 10.847671621568152, "w_noise_scale_0": 0.0, "w_std_res_15": 8.900009655893639, "w_std_15": 10.849487307875428, "w_noise_scale_15": 0.0, "w_std_res_48": 8.87817680819097, "w_std_48": 10.84071870815653, "w_noise_scale_48": 0.0, "w_std_res_42": 8.92251672385656, "w_std_42": 10.858541795373585, "w_noise_scale_42": 0.0, "w_std_res_44": 8.909314385097206, "w_std_44": 10.853228699475792, "w_noise_scale_44": 0.0, "w_std_res_2": 8.880574833590448, "w_std_2": 10.841681106671142, "w_noise_scale_2": 0.0, "w_std_res_22": 8.907983603206732, "w_std_22": 10.852693437287815, "w_noise_scale_22": 0.0, "w_std_res_37": 8.91712712985522, "w_std_37": 10.856372192749289, "w_noise_scale_37": 0.0, "w_std_res_1": 8.927047646758698, "w_std_1": 10.860366415175642, "w_noise_scale_1": 0.0, "w_std_res_33": 8.926052108855291, "w_std_33": 10.859965455170656, "w_noise_scale_33": 0.0, "w_std_res_31": 8.93098495058076, "w_std_31": 10.861952485482295, "w_noise_scale_31": 0.0, "w_std_res_32": 8.918260760933155, "w_std_32": 10.856828467605077, "w_noise_scale_32": 0.0, "w_std_res_10": 8.878031612497221, "w_std_10": 10.840660442432693, "w_noise_scale_10": 0.0, "w_std_res_26": 8.918002771781358, "w_std_26": 10.856724626210935, "w_noise_scale_26": 0.0, "w_std_res_19": 8.899407898141314, "w_std_19": 10.849245433871197, "w_noise_scale_19": 0.0, "w_std_res_40": 8.896477533271243, "w_std_40": 10.8480677426904, "w_noise_scale_40": 0.0, "w_std_res_20": 8.87975488822749, "w_std_20": 10.8413520187175, "w_noise_scale_20": 0.0, "w_std_res_18": 8.886081110365806, "w_std_18": 10.843891598499129, "w_noise_scale_18": 0.0, "w_std_res_38": 8.930476698502718, "w_std_38": 10.861747719203619, "w_noise_scale_38": 0.0, "w_std_res_39": 8.912828710628293, "w_std_39": 10.85464247597543, "w_noise_scale_39": 0.0, "w_std_res_27": 8.875279044908954, "w_std_27": 10.83955598289201, "w_noise_scale_27": 0.0, "w_std_res_6": 8.937974637746517, "w_std_6": 10.864769304097074, "w_noise_scale_6": 0.0, "w_std_res_46": 8.911764520845464, "w_std_46": 10.854214324111625, "w_noise_scale_46": 0.0, "w_std_res_21": 8.880873056743914, "w_std_21": 10.841800804640343, "w_noise_scale_21": 0.0, "w_std_res_45": 8.927767865625764, "w_std_45": 10.860656507118941, "w_noise_scale_45": 0.0, "w_std_res_24": 8.912121748635395, "w_std_24": 10.85435804253872, "w_noise_scale_24": 0.0, "w_std_res_3": 8.914389263292243, "w_std_3": 10.855270389740415, "w_noise_scale_3": 0.0, "w_std_res_28": 8.913706089500595, "w_std_28": 10.854995494586811, "w_noise_scale_28": 0.0, "w_std_res_23": 8.885199684728532, "w_std_23": 10.843537688843757, "w_noise_scale_23": 0.0, "w_std_res_14": 8.873615649074507, "w_std_14": 10.838888661752874, "w_noise_scale_14": 0.0, "w_std_res_13": 8.881609774556637, "w_std_13": 10.8420965129847, "w_noise_scale_13": 0.0, "w_std_res_17": 8.906717531588166, "w_std_17": 10.85218425234639, "w_noise_scale_17": 0.0, "w_std_res_11": 8.888593462972644, "w_std_11": 10.844900486518998, "w_noise_scale_11": 0.0, "w_std_res_49": 8.92370745192266, "w_std_49": 10.859021246036633, "w_noise_scale_49": 0.0, "w_std_res_5": 8.910800153465457, "w_std_5": 10.853826363027466, "w_noise_scale_5": 0.0, "w_std_res_7": 8.898421998450063, "w_std_7": 10.848849179319666, "w_noise_scale_7": 0.0, "w_std_res_36": 8.91416621872175, "w_std_36": 10.85518063961858, "w_noise_scale_36": 0.0, "w_std_res_12": 8.887275841055008, "w_std_12": 10.844371343870055, "w_noise_scale_12": 0.0, "w_std_res_43": 8.911388429981043, "w_std_43": 10.854063020938288, "w_noise_scale_43": 0.0, "w_std_res_34": 8.879988474795448, "w_std_34": 10.84144576742996, "w_noise_scale_34": 0.0, "w_std_res_4": 8.907720931164155, "w_std_4": 10.852587792636141, "w_noise_scale_4": 0.0, "w_std_res_41": 8.907156971362973, "w_std_41": 10.852360979442446, "w_noise_scale_41": 0.0, "l2_loss": 13.074002265930176, "lpips_loss": 13.341165542602539, "noise_reg": 1.484852280193849e-12, "total_delta_reg": 2827.588623046875, "total_loss": 16.168750762939453, "step": 199, "t": 0.995, "lr_ramp": 0.0009866357858642205, "lr": 9.866357858642205e-06, "_timestamp": 1677777556.302514, "_runtime": 1694.0193271636963, "_step": 199, "_wandb": {"runtime": 1693}}