{"frame0.png": {"intrinsics": [[2985.29, 0.0, 512.0], [0.0, 2985.29, 512.0], [0.0, 0.0, 1.0]], "pose": [[0.9901571273803711, -0.027781715616583824, 0.13717493414878845, -0.3691883385181427], [0.0035256966948509216, -0.9748392701148987, -0.22288110852241516, 0.596390962600708], [0.13991554081439972, 0.22117096185684204, -0.9651461243629456, 2.7390499114990234], [0.0, 0.0, 0.0, 1.0]]}, "frame1.png": {"intrinsics": [[2985.29, 0.0, 512.0], [0.0, 2985.29, 512.0], [0.0, 0.0, 1.0]], "pose": [[0.9879814982414246, -0.13951794803142548, 0.06653754413127899, -0.17842121422290802], [-0.11520911753177643, -0.9516487717628479, -0.28476569056510925, 0.7555814385414124], [0.10305029153823853, 0.2736774981021881, -0.9562851190567017, 2.701080560684204], [0.0, 0.0, 0.0, 1.0]]}, "frame2.png": {"intrinsics": [[2985.29, 0.0, 512.0], [0.0, 2985.29, 512.0], [0.0, 0.0, 1.0]], "pose": [[0.979270339012146, -0.08945629000663757, 0.18173366785049438, -0.49637362360954285], [-0.05591772124171257, -0.9817205667495728, -0.18192839622497559, 0.5028160214424133], [0.19468632340431213, 0.16799496114253998, -0.966372013092041, 2.7951788902282715], [0.0, 0.0, 0.0, 1.0]]}}