{"w_std_temp": 8.882476604247264, "w_std_res_8": 8.924220904370308, "w_std_8": 10.859228002602212, "w_noise_scale_8": 0.0, "w_std_res_29": 8.874908010086639, "w_std_29": 10.839407123864063, "w_noise_scale_29": 0.0, "w_std_res_25": 8.859130177393263, "w_std_25": 10.833080932957161, "w_noise_scale_25": 0.0, "w_std_res_30": 8.898334201551434, "w_std_30": 10.848813893261557, "w_noise_scale_30": 0.0, "w_std_res_47": 8.909448548451245, "w_std_47": 10.853282665137538, "w_noise_scale_47": 0.0, "w_std_res_9": 8.859803450839076, "w_std_9": 10.83335073035462, "w_noise_scale_9": 0.0, "w_std_res_16": 8.943086540730778, "w_std_16": 10.866830314942348, "w_noise_scale_16": 0.0, "w_std_res_35": 8.928526964174997, "w_std_35": 10.860962276083091, "w_noise_scale_35": 0.0, "w_std_res_0": 8.884413581520167, "w_std_0": 10.843222072883826, "w_noise_scale_0": 0.0, "w_std_res_15": 8.899464520407955, "w_std_15": 10.849268192486534, "w_noise_scale_15": 0.0, "w_std_res_48": 8.932429068428139, "w_std_48": 10.862534338984847, "w_noise_scale_48": 0.0, "w_std_res_42": 8.929405425334881, "w_std_42": 10.861316146650921, "w_noise_scale_42": 0.0, "w_std_res_44": 8.91712712985522, "w_std_44": 10.856372192749289, "w_noise_scale_44": 0.0, "w_std_res_2": 8.898902671116254, "w_std_2": 10.84904236845354, "w_noise_scale_2": 0.0, "w_std_res_22": 8.884866434702325, "w_std_22": 10.843403888568616, "w_noise_scale_22": 0.0, "w_std_res_37": 8.90521836130367, "w_std_37": 10.851581383172915, "w_noise_scale_37": 0.0, "w_std_res_1": 8.884273324251117, "w_std_1": 10.843165762359256, "w_noise_scale_1": 0.0, "w_std_res_33": 8.925052083181363, "w_std_33": 10.859562717801992, "w_noise_scale_33": 0.0, "w_std_res_31": 8.918047887570463, "w_std_31": 10.856742785303979, "w_noise_scale_31": 0.0, "w_std_res_32": 8.903182366435049, "w_std_32": 10.850762746807249, "w_noise_scale_32": 0.0, "w_std_res_10": 8.886991458727751, "w_std_10": 10.844257145921752, "w_noise_scale_10": 0.0, "w_std_res_26": 8.911018460310808, "w_std_26": 10.85391418452348, "w_noise_scale_26": 0.0, "w_std_res_19": 8.929983290157939, "w_std_19": 10.86154894067255, "w_noise_scale_19": 0.0, "w_std_res_40": 8.910730890336662, "w_std_40": 10.853798499834056, "w_noise_scale_40": 0.0, "w_std_res_20": 8.904864804560482, "w_std_20": 10.85143921546239, "w_noise_scale_20": 0.0, "w_std_res_18": 8.897615551371052, "w_std_18": 10.848525072561706, "w_noise_scale_18": 0.0, "w_std_res_38": 8.88596505732495, "w_std_38": 10.843844999583865, "w_noise_scale_38": 0.0, "w_std_res_39": 8.847264319409701, "w_std_39": 10.828328252060658, "w_noise_scale_39": 0.0, "w_std_res_27": 8.926880491666727, "w_std_27": 10.860299090178179, "w_noise_scale_27": 0.0, "w_std_res_6": 8.903891793058808, "w_std_6": 10.851047980062802, "w_noise_scale_6": 0.0, "w_std_res_46": 8.898902671116254, "w_std_46": 10.84904236845354, "w_noise_scale_46": 0.0, "w_std_res_21": 8.883243970391671, "w_std_21": 10.842752515361354, "w_noise_scale_21": 0.0, "w_std_res_45": 8.912202835158096, "w_std_45": 10.854390665474963, "w_noise_scale_45": 0.0, "w_std_res_24": 8.932060407599135, "w_std_24": 10.862385794854186, "w_noise_scale_24": 0.0, "w_std_res_3": 8.874904488922683, "w_std_3": 10.839405711194456, "w_noise_scale_3": 0.0, "w_std_res_28": 8.935846000799254, "w_std_28": 10.863911315106545, "w_noise_scale_28": 0.0, "w_std_res_23": 8.894992446596007, "w_std_23": 10.847470997022763, "w_noise_scale_23": 0.0, "w_std_res_14": 8.918071540417245, "w_std_14": 10.85675230559305, "w_noise_scale_14": 0.0, "w_std_res_13": 8.927927128538853, "w_std_13": 10.860720657632486, "w_noise_scale_13": 0.0, "w_std_res_17": 8.889417866204738, "w_std_17": 10.845231584664294, "w_noise_scale_17": 0.0, "w_std_res_11": 8.913739833117186, "w_std_11": 10.85500907199644, "w_noise_scale_11": 0.0, "w_std_res_49": 8.926894056725441, "w_std_49": 10.860304553740654, "w_noise_scale_49": 0.0, "w_std_res_5": 8.904864804560482, "w_std_5": 10.85143921546239, "w_noise_scale_5": 0.0, "w_std_res_7": 8.895183914624813, "w_std_7": 10.847547930004735, "w_noise_scale_7": 0.0, "w_std_res_36": 8.914713522458252, "w_std_36": 10.855400869929907, "w_noise_scale_36": 0.0, "w_std_res_12": 8.914638593347462, "w_std_12": 10.855370718565995, "w_noise_scale_12": 0.0, "w_std_res_43": 8.864425037756256, "w_std_43": 10.835203087044562, "w_noise_scale_43": 0.0, "w_std_res_34": 8.87803337245924, "w_std_34": 10.840661148685767, "w_noise_scale_34": 0.0, "w_std_res_4": 8.889705246800931, "w_std_4": 10.845347007760978, "w_noise_scale_4": 0.0, "w_std_res_41": 8.920358999922593, "w_std_41": 10.857673089657608, "w_noise_scale_41": 0.0, "l2_loss": 36.5889778137207, "lpips_loss": 16.60888671875, "noise_reg": 9.224562303247752e-13, "total_delta_reg": 0.0, "total_loss": 16.60888671875, "step": 199, "t": 0.995, "lr_ramp": 0.0009866357858642205, "lr": 9.866357858642205e-06, "_timestamp": 1677831751.0467143, "_runtime": 2213.1167612075806, "_step": 199, "_wandb": {"runtime": 2212}}