{"frame0.png": {"intrinsics": [[2985.29, 0.0, 512.0], [0.0, 2985.29, 512.0], [0.0, 0.0, 1.0]], "pose": [[0.9997019171714783, 0.0004976224154233932, -0.02440868690609932, 0.0654742494225502], [0.0013923200313001871, -0.9993271827697754, 0.0366516038775444, -0.08923245221376419], [-0.02437402307987213, -0.03667466342449188, -0.9990299344062805, 2.846132755279541], [0.0, 0.0, 0.0, 1.0]]}, "frame1.png": {"intrinsics": [[2985.29, 0.0, 512.0], [0.0, 2985.29, 512.0], [0.0, 0.0, 1.0]], "pose": [[0.9991943836212158, 0.009669563733041286, -0.03894989192485809, 0.10618869215250015], [0.01103589404374361, -0.9993256330490112, 0.035018324851989746, -0.08944468200206757], [-0.03858501464128494, -0.03541995957493782, -0.9986273646354675, 2.895983934402466], [0.0, 0.0, 0.0, 1.0]]}, "frame2.png": {"intrinsics": [[2985.29, 0.0, 512.0], [0.0, 2985.29, 512.0], [0.0, 0.0, 1.0]], "pose": [[0.9991558194160461, -0.0025890276301652193, -0.04099984094500542, 0.1111510619521141], [-0.0016259077237918973, -0.9997223615646362, 0.023506764322519302, -0.060399580746889114], [-0.04104931652545929, -0.02342025749385357, -0.9988825917243958, 2.8915834426879883], [0.0, 0.0, 0.0, 1.0]]}}