{"w_std_temp": 8.8825012313537, "w_std_res_8": 8.928169080220199, "w_std_8": 10.860838257531045, "w_noise_scale_8": 0.0, "w_std_res_29": 8.904739784238505, "w_std_29": 10.851409103487436, "w_noise_scale_29": 0.0, "w_std_res_25": 8.88628068288415, "w_std_25": 10.84399190652363, "w_noise_scale_25": 0.0, "w_std_res_30": 8.93643699972198, "w_std_30": 10.864169650161948, "w_noise_scale_30": 0.0, "w_std_res_47": 8.920083992737961, "w_std_47": 10.857582528324388, "w_noise_scale_47": 0.0, "w_std_res_9": 8.93399013249399, "w_std_9": 10.8631835192026, "w_noise_scale_9": 0.0, "w_std_res_16": 8.874946302654456, "w_std_16": 10.839442667579823, "w_noise_scale_16": 0.0, "w_std_res_35": 8.908258983942934, "w_std_35": 10.852824351580098, "w_noise_scale_35": 0.0, "w_std_res_0": 8.893769325347943, "w_std_0": 10.846999732789017, "w_noise_scale_0": 0.0, "w_std_res_15": 8.918086870932576, "w_std_15": 10.856778624867276, "w_noise_scale_15": 0.0, "w_std_res_48": 8.906140788804093, "w_std_48": 10.851972473357089, "w_noise_scale_48": 0.0, "w_std_res_42": 8.926389510182714, "w_std_42": 10.86012148513427, "w_noise_scale_42": 0.0, "w_std_res_44": 8.95129398816171, "w_std_44": 10.870161154077936, "w_noise_scale_44": 0.0, "w_std_res_2": 8.893769325347943, "w_std_2": 10.846999732789017, "w_noise_scale_2": 0.0, "w_std_res_22": 8.897033389001077, "w_std_22": 10.848311281312405, "w_noise_scale_22": 0.0, "w_std_res_37": 8.879040893446769, "w_std_37": 10.841085648904125, "w_noise_scale_37": 0.0, "w_std_res_1": 8.87890583067531, "w_std_1": 10.84103144596952, "w_noise_scale_1": 0.0, "w_std_res_33": 8.897151492893666, "w_std_33": 10.848358743232774, "w_noise_scale_33": 0.0, "w_std_res_31": 8.899729191806905, "w_std_31": 10.849394737582138, "w_noise_scale_31": 0.0, "w_std_res_32": 8.881922476299824, "w_std_32": 10.84224220785304, "w_noise_scale_32": 0.0, "w_std_res_10": 8.912015239271081, "w_std_10": 10.854335344978521, "w_noise_scale_10": 0.0, "w_std_res_26": 8.90522713424537, "w_std_26": 10.85160506921096, "w_noise_scale_26": 0.0, "w_std_res_19": 8.894481259466456, "w_std_19": 10.847285770816125, "w_noise_scale_19": 0.0, "w_std_res_40": 8.884898968896607, "w_std_40": 10.843437124448824, "w_noise_scale_40": 0.0, "w_std_res_20": 8.903307408626302, "w_std_20": 10.850833180135293, "w_noise_scale_20": 0.0, "w_std_res_18": 8.904592828282492, "w_std_18": 10.8513500132184, "w_noise_scale_18": 0.0, "w_std_res_38": 8.906906993311427, "w_std_38": 10.852280603489525, "w_noise_scale_38": 0.0, "w_std_res_39": 8.901731748654303, "w_std_39": 10.850199717343916, "w_noise_scale_39": 0.0, "w_std_res_27": 8.909310877531437, "w_std_27": 10.853247443881715, "w_noise_scale_27": 0.0, "w_std_res_6": 8.927072150907037, "w_std_6": 10.860396426782724, "w_noise_scale_6": 0.0, "w_std_res_46": 8.88524145001136, "w_std_46": 10.843574631146778, "w_noise_scale_46": 0.0, "w_std_res_21": 8.910006663858338, "w_std_21": 10.853527321221428, "w_noise_scale_21": 0.0, "w_std_res_45": 8.876406138606997, "w_std_45": 10.840028377932182, "w_noise_scale_45": 0.0, "w_std_res_24": 8.885495994175002, "w_std_24": 10.843676833326645, "w_noise_scale_24": 0.0, "w_std_res_3": 8.91534141241938, "w_std_3": 10.855673689366311, "w_noise_scale_3": 0.0, "w_std_res_28": 8.88949872040038, "w_std_28": 10.845284228640574, "w_noise_scale_28": 0.0, "w_std_res_23": 8.936823838059022, "w_std_23": 10.864325569409496, "w_noise_scale_23": 0.0, "w_std_res_14": 8.922941814502659, "w_std_14": 10.858733099733596, "w_noise_scale_14": 0.0, "w_std_res_13": 8.9027014860659, "w_std_13": 10.850589572115425, "w_noise_scale_13": 0.0, "w_std_res_17": 8.898747717375743, "w_std_17": 10.849000252759467, "w_noise_scale_17": 0.0, "w_std_res_11": 8.886122871505885, "w_std_11": 10.843928539596478, "w_noise_scale_11": 0.0, "w_std_res_49": 8.916501118011482, "w_std_49": 10.856140395963704, "w_noise_scale_49": 0.0, "w_std_res_5": 8.892834633147071, "w_std_5": 10.84662421922715, "w_noise_scale_5": 0.0, "w_std_res_7": 8.937975948865605, "w_std_7": 10.864789966475422, "w_noise_scale_7": 0.0, "w_std_res_36": 8.91010837476178, "w_std_36": 10.85356823526254, "w_noise_scale_36": 0.0, "w_std_res_12": 8.927203859551993, "w_std_12": 10.860449475620243, "w_noise_scale_12": 0.0, "w_std_res_43": 8.889293507501032, "w_std_43": 10.84520180843238, "w_noise_scale_43": 0.0, "w_std_res_34": 8.865577304242516, "w_std_34": 10.8356852106535, "w_noise_scale_34": 0.0, "w_std_res_4": 8.864161074941046, "w_std_4": 10.83511746085962, "w_noise_scale_4": 0.0, "w_std_res_41": 8.901167409390748, "w_std_41": 10.849972854228714, "w_noise_scale_41": 0.0, "l2_loss": 3.832984447479248, "lpips_loss": 12.438709259033203, "noise_reg": 349.7130432128906, "total_delta_reg": 3858.5703125, "total_loss": 20.130264282226562, "step": 199, "t": 0.995, "lr_ramp": 0.0009866357858642205, "lr": 9.866357858642205e-06, "_timestamp": 1677750224.5532238, "_runtime": 1579.077199935913, "_step": 199, "_wandb": {"runtime": 1578}}