{"w_std_temp": 8.882476604247264, "w_std_res_8": 8.949227882197436, "w_std_8": 10.869307414544636, "w_noise_scale_8": 0.008719599948112465, "w_std_res_29": 8.884717391397432, "w_std_29": 10.843344048597277, "w_noise_scale_29": 0.008698771558985808, "w_std_res_25": 8.915562236897907, "w_std_25": 10.855742403216833, "w_noise_scale_25": 0.008708717794580607, "w_std_res_30": 8.940930285770044, "w_std_30": 10.86596086265499, "w_noise_scale_30": 0.008716915269818772, "w_std_res_47": 8.90943934122681, "w_std_47": 10.853278961620308, "w_noise_scale_47": 0.008706741566988727, "w_std_res_9": 8.905731563858188, "w_std_9": 10.851787752341778, "w_noise_scale_9": 0.008705545285767507, "w_std_res_16": 8.923293341726472, "w_std_16": 10.85885449831726, "w_noise_scale_16": 0.008711214386427838, "w_std_res_35": 8.932232276284578, "w_std_35": 10.862455045217677, "w_noise_scale_35": 0.008714102825163507, "w_std_res_0": 8.910562552386914, "w_std_0": 10.853730781394939, "w_noise_scale_0": 0.008707104026852375, "w_std_res_15": 8.890766365308448, "w_std_15": 10.845773215433974, "w_noise_scale_15": 0.008700720290603689, "w_std_res_48": 8.936183906595701, "w_std_48": 10.864047505562786, "w_noise_scale_48": 0.008715380332240358, "w_std_res_42": 8.895117164770793, "w_std_42": 10.847521109394071, "w_noise_scale_42": 0.008702122489980568, "w_std_res_44": 8.873052603247656, "w_std_44": 10.838662798057701, "w_noise_scale_44": 0.008695016155775169, "w_std_res_2": 8.88731276174075, "w_std_2": 10.844386170099716, "w_noise_scale_2": 0.008699607572013318, "w_std_res_22": 8.892512651101487, "w_std_22": 10.84647470091089, "w_noise_scale_22": 0.008701283037841838, "w_std_res_37": 8.911229748188518, "w_std_37": 10.853999183768625, "w_noise_scale_37": 0.008707319345201043, "w_std_res_1": 8.897009241172002, "w_std_1": 10.848281412711186, "w_noise_scale_1": 0.008702732422197188, "w_std_res_33": 8.895817574146852, "w_std_33": 10.847802546051664, "w_noise_scale_33": 0.008702348264721436, "w_std_res_31": 8.884413581520167, "w_std_31": 10.843222072883826, "w_noise_scale_31": 0.008698673707357905, "w_std_res_32": 8.902449188987264, "w_std_32": 10.850467980258962, "w_noise_scale_32": 0.008704486535274402, "w_std_res_10": 8.9226143520271, "w_std_10": 10.858581104073865, "w_noise_scale_10": 0.008710995063490358, "w_std_res_26": 8.902357482712093, "w_std_26": 10.850431111826847, "w_noise_scale_26": 0.008704456958598863, "w_std_res_19": 8.930512565776949, "w_std_19": 10.861762169274146, "w_noise_scale_19": 0.008713546984684361, "w_std_res_40": 8.911916618354326, "w_std_40": 10.854275514889283, "w_noise_scale_40": 0.008707541024166725, "w_std_res_20": 8.921624887037114, "w_std_20": 10.858182722318224, "w_noise_scale_20": 0.008710675472793054, "w_std_res_18": 8.889069833227772, "w_std_18": 10.845091804590684, "w_noise_scale_18": 0.008700173647682741, "w_std_res_38": 8.918002771781358, "w_std_38": 10.856724626210935, "w_noise_scale_38": 0.008709505755693653, "w_std_res_39": 8.903107779028623, "w_std_39": 10.850732758954576, "w_noise_scale_39": 0.008704698946627997, "w_std_res_27": 8.881873218809194, "w_std_27": 10.842202259861693, "w_noise_scale_27": 0.008697855590689038, "w_std_res_6": 8.89929596934499, "w_std_6": 10.849200445770185, "w_noise_scale_6": 0.008703469690940073, "w_std_res_46": 8.928554964270534, "w_std_46": 10.860973555004174, "w_noise_scale_46": 0.008712914340792228, "w_std_res_21": 8.888616754731864, "w_std_21": 10.844909840709834, "w_noise_scale_21": 0.008700027672213879, "w_std_res_45": 8.926608748567398, "w_std_45": 10.860189642105704, "w_noise_scale_45": 0.008712285468444788, "w_std_res_24": 8.885917141044024, "w_std_24": 10.843825759821806, "w_noise_scale_24": 0.008699157998434816, "w_std_res_3": 8.889705246800931, "w_std_3": 10.845347007760978, "w_noise_scale_3": 0.008700378377337132, "w_std_res_28": 8.930455265550576, "w_std_28": 10.8617390843962, "w_noise_scale_28": 0.008713528465482276, "w_std_res_23": 8.924055009495403, "w_std_23": 10.859161199334181, "w_noise_scale_23": 0.00871146042879919, "w_std_res_14": 8.879166715548255, "w_std_14": 10.84111596610907, "w_noise_scale_14": 0.008696984141700824, "w_std_res_13": 8.88224000463847, "w_std_13": 10.842349491692287, "w_noise_scale_13": 0.008697973703335358, "w_std_res_17": 8.905193358372406, "w_std_17": 10.851571329190072, "w_noise_scale_17": 0.008705371666305804, "w_std_res_11": 8.91302899902721, "w_std_11": 10.854723061155223, "w_noise_scale_11": 0.008707900055726735, "w_std_res_49": 8.892003957207846, "w_std_49": 10.84627034831559, "w_noise_scale_49": 0.00870111910164872, "w_std_res_5": 8.935518136907339, "w_std_5": 10.863779175257108, "w_noise_scale_5": 0.008715165071706249, "w_std_res_7": 8.924779846724512, "w_std_7": 10.85945308605019, "w_noise_scale_7": 0.008711694586809144, "w_std_res_36": 8.95325141708307, "w_std_36": 10.870930916180775, "w_noise_scale_36": 0.00872090235720279, "w_std_res_12": 8.926337434804939, "w_std_12": 10.860080369177753, "w_noise_scale_12": 0.008712197807273699, "w_std_res_43": 8.910501616772201, "w_std_43": 10.853706268626631, "w_noise_scale_43": 0.00870708436216491, "w_std_res_34": 8.908773765227176, "w_std_34": 10.853011246884433, "w_noise_scale_34": 0.008706526800278393, "w_std_res_4": 8.8719876049564, "w_std_4": 10.83823560436038, "w_noise_scale_4": 0.008694673451497985, "w_std_res_41": 8.944509489066464, "w_std_41": 10.867404157617402, "w_noise_scale_41": 0.00871807311311084, "l2_loss": 12.724061965942383, "lpips_loss": 11.719021797180176, "noise_reg": 4.3859741708729416e-05, "total_delta_reg": 27611.66015625, "total_loss": 16.104997634887695, "step": 131, "t": 0.655, "lr_ramp": 1.0, "lr": 0.01, "_timestamp": 1677806912.4949212, "_runtime": 1268.8394401073456, "_step": 131, "_wandb": {"runtime": 1271}}