{"frame0.png": {"intrinsics": [[2985.29, 0.0, 512.0], [0.0, 2985.29, 512.0], [0.0, 0.0, 1.0]], "pose": [[0.9765946865081787, -0.027011176571249962, -0.21338513493537903, 0.5727683305740356], [-0.02228972129523754, -0.999451220035553, 0.024501848965883255, -0.06691282987594604], [-0.21392986178398132, -0.019172079861164093, -0.9766609072685242, 2.78936767578125], [0.0, 0.0, 0.0, 1.0]]}, "frame1.png": {"intrinsics": [[2985.29, 0.0, 512.0], [0.0, 2985.29, 512.0], [0.0, 0.0, 1.0]], "pose": [[0.9780281782150269, -0.022266756743192673, -0.20728033781051636, 0.5606999397277832], [-0.023329196497797966, -0.999724268913269, -0.002682333579286933, 0.009988296777009964], [-0.207163468003273, 0.007459081709384918, -0.9782779216766357, 2.8006234169006348], [0.0, 0.0, 0.0, 1.0]]}, "frame2.png": {"intrinsics": [[2985.29, 0.0, 512.0], [0.0, 2985.29, 512.0], [0.0, 0.0, 1.0]], "pose": [[0.9810277223587036, -0.01525278203189373, -0.19326665997505188, 0.5261521935462952], [-0.022723620757460594, -0.9990753531455994, -0.036497876048088074, 0.10776352137327194], [-0.1925312578678131, 0.04019714891910553, -0.9804672002792358, 2.8074793815612793], [0.0, 0.0, 0.0, 1.0]]}}