{"w_std_temp": 8.882476604247264, "w_std_res_8": 8.886081110365806, "w_std_8": 10.843891598499129, "w_noise_scale_8": 0.1581039395061173, "w_std_res_29": 8.882476604247264, "w_std_29": 10.842444467519767, "w_noise_scale_29": 0.1580828403364382, "w_std_res_25": 8.90521836130367, "w_std_25": 10.851581383172915, "w_noise_scale_25": 0.1582160565666611, "w_std_res_30": 8.90134250759401, "w_std_30": 10.850023081052639, "w_noise_scale_30": 0.1581933365217475, "w_std_res_47": 8.903315744709944, "w_std_47": 10.850816371937182, "w_noise_scale_47": 0.15820490270284412, "w_std_res_9": 8.913351992937338, "w_std_9": 10.854853018926605, "w_noise_scale_9": 0.1582637570159499, "w_std_res_16": 8.914918150213158, "w_std_16": 10.855483212701772, "w_noise_scale_16": 0.15827294524119187, "w_std_res_35": 8.887184417744463, "w_std_35": 10.844334631214124, "w_noise_scale_35": 0.15811039892310197, "w_std_res_0": 8.899584786662802, "w_std_0": 10.849316532332809, "w_noise_scale_0": 0.15818303504141237, "w_std_res_15": 8.890230768939578, "w_std_15": 10.845558084130571, "w_noise_scale_15": 0.15812823686662375, "w_std_res_48": 8.85217090252442, "w_std_48": 10.83029298642816, "w_noise_scale_48": 0.15790567174212258, "w_std_res_42": 8.90134250759401, "w_std_42": 10.850023081052639, "w_noise_scale_42": 0.1581933365217475, "w_std_res_44": 8.903891793058808, "w_std_44": 10.851047980062802, "w_noise_scale_44": 0.15820827954931568, "w_std_res_2": 8.896893330680097, "w_std_2": 10.8482348326525, "w_noise_scale_2": 0.15816726386007346, "w_std_res_22": 8.912261129337493, "w_std_22": 10.854414118660436, "w_noise_scale_22": 0.15825735785006917, "w_std_res_37": 8.907649451454631, "w_std_37": 10.852559044414363, "w_noise_scale_37": 0.15823031086756142, "w_std_res_1": 8.904979295315627, "w_std_1": 10.851485252604824, "w_noise_scale_1": 0.15821465498297835, "w_std_res_33": 8.921279861936851, "w_std_33": 10.858043814092389, "w_noise_scale_33": 0.15831027880946705, "w_std_res_31": 8.890118724600926, "w_std_31": 10.845513080734124, "w_noise_scale_31": 0.15812758071710353, "w_std_res_32": 8.858565328962698, "w_std_32": 10.832854594790563, "w_noise_scale_32": 0.15794301999204644, "w_std_res_10": 8.966758054057218, "w_std_10": 10.876384423373421, "w_noise_scale_10": 0.1585776848927845, "w_std_res_26": 8.879166715548255, "w_std_26": 10.84111596610907, "w_noise_scale_26": 0.15806347078587027, "w_std_res_19": 8.936054515976275, "w_std_19": 10.863995355214627, "w_noise_scale_19": 0.15839705227902925, "w_std_res_40": 8.906459646655343, "w_std_40": 10.852080542890151, "w_noise_scale_40": 0.15822333431533844, "w_std_res_20": 8.85258525093094, "w_std_20": 10.830458936778717, "w_noise_scale_20": 0.15790809129823372, "w_std_res_18": 8.911018460310808, "w_std_18": 10.85391418452348, "w_noise_scale_18": 0.15825006881035236, "w_std_res_38": 8.932232276284578, "w_std_38": 10.862455045217677, "w_noise_scale_38": 0.15837459455927377, "w_std_res_39": 8.905327145169906, "w_std_39": 10.851625126709132, "w_noise_scale_39": 0.15821669434741917, "w_std_res_27": 8.899987710665673, "w_std_27": 10.849478486890511, "w_noise_scale_27": 0.15818539633886367, "w_std_res_6": 8.918287917251831, "w_std_6": 10.856839398220368, "w_noise_scale_6": 0.15829271842605297, "w_std_res_46": 8.900099191862976, "w_std_46": 10.84952329741957, "w_noise_scale_46": 0.15818604967637734, "w_std_res_21": 8.91974985635808, "w_std_21": 10.857427872198828, "w_noise_scale_21": 0.15830129837665893, "w_std_res_45": 8.928504651536, "w_std_45": 10.860953288184467, "w_noise_scale_45": 0.15835269894172954, "w_std_res_24": 8.886740473874546, "w_std_24": 10.84415636126204, "w_noise_scale_24": 0.15810779974720057, "w_std_res_3": 8.936801983232034, "w_std_3": 10.86429662573123, "w_noise_scale_3": 0.15840144480316137, "w_std_res_28": 8.873615649074507, "w_std_28": 10.838888661752874, "w_noise_scale_28": 0.15803099668835693, "w_std_res_23": 8.941613126975469, "w_std_23": 10.866236184996396, "w_noise_scale_23": 0.15842972357724747, "w_std_res_14": 8.919508552184924, "w_std_14": 10.857330735642394, "w_noise_scale_14": 0.15829988212566612, "w_std_res_13": 8.869930770586658, "w_std_13": 10.837410661396476, "w_noise_scale_13": 0.15800944744316064, "w_std_res_17": 8.928007196457672, "w_std_17": 10.860752908983796, "w_noise_scale_17": 0.15834977741298378, "w_std_res_11": 8.933353058902352, "w_std_11": 10.862906659534087, "w_noise_scale_11": 0.158381179096007, "w_std_res_49": 8.896791029635349, "w_std_49": 10.84819372205576, "w_noise_scale_49": 0.158166664467573, "w_std_res_5": 8.914128094631577, "w_std_5": 10.855165299150215, "w_noise_scale_5": 0.15826831006161016, "w_std_res_7": 8.94136673347537, "w_std_7": 10.86613683724004, "w_noise_scale_7": 0.1584282750869598, "w_std_res_36": 8.9293988634454, "w_std_36": 10.861313503238225, "w_noise_scale_36": 0.15835795087721335, "w_std_res_12": 8.917640523142879, "w_std_12": 10.856578823459994, "w_noise_scale_12": 0.15828891924604674, "w_std_res_43": 8.93237571631982, "w_std_43": 10.862512841620719, "w_noise_scale_43": 0.1583754372308301, "w_std_res_34": 8.88633607005722, "w_std_34": 10.84399397420065, "w_noise_scale_34": 0.15810543214384548, "w_std_res_4": 8.889837069654314, "w_std_4": 10.845399953724622, "w_noise_scale_4": 0.158125931325305, "w_std_res_41": 8.894796582834259, "w_std_41": 10.847392298958308, "w_noise_scale_41": 0.15815497971881218, "l2_loss": 213386.625, "lpips_loss": 14.096532821655273, "noise_reg": 1.0113754797203e-05, "total_delta_reg": 19070.431640625, "total_loss": 15.744452476501465, "step": 69, "t": 0.345, "lr_ramp": 1.0, "lr": 0.01, "_timestamp": 1678376480.933153, "_runtime": 657.8675549030304, "_step": 69}