{"w_std_temp": 8.882476604247264, "w_std_res_8": 8.893882641315884, "w_std_8": 10.847025092594512, "w_noise_scale_8": 0.0, "w_std_res_29": 8.936054515976275, "w_std_29": 10.863995355214627, "w_noise_scale_29": 0.0, "w_std_res_25": 8.914389263292243, "w_std_25": 10.855270389740415, "w_noise_scale_25": 0.0, "w_std_res_30": 8.918926504910779, "w_std_30": 10.857096440807736, "w_noise_scale_30": 0.0, "w_std_res_47": 8.901531206062247, "w_std_47": 10.850098937480938, "w_noise_scale_47": 0.0, "w_std_res_9": 8.873615649074507, "w_std_9": 10.838888661752874, "w_noise_scale_9": 0.0, "w_std_res_16": 8.940895334081482, "w_std_16": 10.86594677047288, "w_noise_scale_16": 0.0, "w_std_res_35": 8.913139440595552, "w_std_35": 10.854767497366076, "w_noise_scale_35": 0.0, "w_std_res_0": 8.875827426217795, "w_std_0": 10.83977600091441, "w_noise_scale_0": 0.0, "w_std_res_15": 8.905731563858188, "w_std_15": 10.851787752341778, "w_noise_scale_15": 0.0, "w_std_res_48": 8.915873747844346, "w_std_48": 10.85586776457207, "w_noise_scale_48": 0.0, "w_std_res_42": 8.873229576935334, "w_std_42": 10.8387337893432, "w_noise_scale_42": 0.0, "w_std_res_44": 8.932900477308587, "w_std_44": 10.862724289255205, "w_noise_scale_44": 0.0, "w_std_res_2": 8.883387761715685, "w_std_2": 10.842810240258288, "w_noise_scale_2": 0.0, "w_std_res_22": 8.904268200559775, "w_std_22": 10.851199325276216, "w_noise_scale_22": 0.0, "w_std_res_37": 8.941613126975469, "w_std_37": 10.866236184996396, "w_noise_scale_37": 0.0, "w_std_res_1": 8.940930285770044, "w_std_1": 10.86596086265499, "w_noise_scale_1": 0.0, "w_std_res_33": 8.863008183596582, "w_std_33": 10.834635135325277, "w_noise_scale_33": 0.0, "w_std_res_31": 8.933802994106149, "w_std_31": 10.863087969558885, "w_noise_scale_31": 0.0, "w_std_res_32": 8.902415402574741, "w_std_32": 10.850454397166967, "w_noise_scale_32": 0.0, "w_std_res_10": 8.918287917251831, "w_std_10": 10.856839398220368, "w_noise_scale_10": 0.0, "w_std_res_26": 8.91974985635808, "w_std_26": 10.857427872198828, "w_noise_scale_26": 0.0, "w_std_res_19": 8.929719078028155, "w_std_19": 10.86144250102743, "w_noise_scale_19": 0.0, "w_std_res_40": 8.901132740415683, "w_std_40": 10.849938756307568, "w_noise_scale_40": 0.0, "w_std_res_20": 8.957533055339512, "w_std_20": 10.872659097910457, "w_noise_scale_20": 0.0, "w_std_res_18": 8.902679547473333, "w_std_18": 10.85056059179663, "w_noise_scale_18": 0.0, "w_std_res_38": 8.879118322643302, "w_std_38": 10.841096544947609, "w_noise_scale_38": 0.0, "w_std_res_39": 8.876382374734654, "w_std_39": 10.839998663082252, "w_noise_scale_39": 0.0, "w_std_res_27": 8.870968714717689, "w_std_27": 10.837826937830988, "w_noise_scale_27": 0.0, "w_std_res_6": 8.873052603247656, "w_std_6": 10.838662798057701, "w_noise_scale_6": 0.0, "w_std_res_46": 8.89593481597072, "w_std_46": 10.84784965730536, "w_noise_scale_46": 0.0, "w_std_res_21": 8.908209872078677, "w_std_21": 10.85278444254054, "w_noise_scale_21": 0.0, "w_std_res_45": 8.881869260606125, "w_std_45": 10.842200671018084, "w_noise_scale_45": 0.0, "w_std_res_24": 8.911331445132092, "w_std_24": 10.854040096031063, "w_noise_scale_24": 0.0, "w_std_res_3": 8.89574336410398, "w_std_3": 10.847772726463253, "w_noise_scale_3": 0.0, "w_std_res_28": 8.907377121661572, "w_std_28": 10.852449518282727, "w_noise_scale_28": 0.0, "w_std_res_23": 8.890634995600708, "w_std_23": 10.845720447773399, "w_noise_scale_23": 0.0, "w_std_res_14": 8.90691050182385, "w_std_14": 10.852261857413641, "w_noise_scale_14": 0.0, "w_std_res_13": 8.90580305896105, "w_std_13": 10.851816502606834, "w_noise_scale_13": 0.0, "w_std_res_17": 8.894514636842192, "w_std_17": 10.847279015091758, "w_noise_scale_17": 0.0, "w_std_res_11": 8.898533499262674, "w_std_11": 10.848893992448032, "w_noise_scale_11": 0.0, "w_std_res_49": 8.903107779028623, "w_std_49": 10.850732758954576, "w_noise_scale_49": 0.0, "w_std_res_5": 8.9293988634454, "w_std_5": 10.861313503238225, "w_noise_scale_5": 0.0, "w_std_res_7": 8.898334201551434, "w_std_7": 10.848813893261557, "w_noise_scale_7": 0.0, "w_std_res_36": 8.90446429466703, "w_std_36": 10.851278172121015, "w_noise_scale_36": 0.0, "w_std_res_12": 8.898941738347318, "w_std_12": 10.84905807043289, "w_noise_scale_12": 0.0, "w_std_res_43": 8.920034070142332, "w_std_43": 10.857542284196962, "w_noise_scale_43": 0.0, "w_std_res_34": 8.91416621872175, "w_std_34": 10.85518063961858, "w_noise_scale_34": 0.0, "w_std_res_4": 8.92612081547746, "w_std_4": 10.859993126292714, "w_noise_scale_4": 0.0, "w_std_res_41": 8.894548453266191, "w_std_41": 10.847292602159996, "w_noise_scale_41": 0.0, "l2_loss": 19.041349411010742, "lpips_loss": 8.200961112976074, "noise_reg": 3.474908349346967e-13, "total_delta_reg": 36291.28515625, "total_loss": 8.200961112976074, "step": 199, "t": 0.995, "lr_ramp": 0.0009866357858642205, "lr": 9.866357858642205e-06, "_timestamp": 1677809256.017336, "_runtime": 1895.933031797409, "_step": 199, "_wandb": {"runtime": 1894}}