{"frame0.png": {"intrinsics": [[2985.29, 0.0, 512.0], [0.0, 2985.29, 512.0], [0.0, 0.0, 1.0]], "pose": [[0.9253256916999817, 0.14152324199676514, 0.35177212953567505, -0.9853785634040833], [0.07322435081005096, -0.976966917514801, 0.200434148311615, -0.5640478134155273], [0.37203580141067505, -0.15970857441425323, -0.9143754839897156, 2.7279574871063232], [0.0, 0.0, 0.0, 1.0]]}, "frame1.png": {"intrinsics": [[2985.29, 0.0, 512.0], [0.0, 2985.29, 512.0], [0.0, 0.0, 1.0]], "pose": [[0.8754174113273621, 0.18703404068946838, 0.44571587443351746, -1.2291253805160522], [0.075319305062294, -0.9636238813400269, 0.2564293444156647, -0.7061338424682617], [0.4774634838104248, -0.19091171026229858, -0.8576604127883911, 2.5162806510925293], [0.0, 0.0, 0.0, 1.0]]}, "frame10.png": {"intrinsics": [[2985.29, 0.0, 512.0], [0.0, 2985.29, 512.0], [0.0, 0.0, 1.0]], "pose": [[0.900005042552948, 0.16487732529640198, 0.40349286794662476, -1.173628807067871], [0.11366179585456848, -0.9824455380439758, 0.14792530238628387, -0.4414016008377075], [0.42079928517341614, -0.0872717872262001, -0.9029461145401001, 2.809511423110962], [0.0, 0.0, 0.0, 1.0]]}, "frame11.png": {"intrinsics": [[2985.29, 0.0, 512.0], [0.0, 2985.29, 512.0], [0.0, 0.0, 1.0]], "pose": [[0.9057434797286987, 0.15227122604846954, 0.3955276906490326, -1.1367268562316895], [0.10802361369132996, -0.985349714756012, 0.13197238743305206, -0.38438156247138977], [0.40982869267463684, -0.07680681347846985, -0.9089230298995972, 2.791290283203125], [0.0, 0.0, 0.0, 1.0]]}, "frame12.png": {"intrinsics": [[2985.29, 0.0, 512.0], [0.0, 2985.29, 512.0], [0.0, 0.0, 1.0]], "pose": [[0.9109326004981995, 0.14312228560447693, 0.386933833360672, -1.0918323993682861], [0.10256888717412949, -0.9870152473449707, 0.12361422926187515, -0.3527890741825104], [0.399601548910141, -0.07291686534881592, -0.9137842655181885, 2.7587718963623047], [0.0, 0.0, 0.0, 1.0]]}, "frame13.png": {"intrinsics": [[2985.29, 0.0, 512.0], [0.0, 2985.29, 512.0], [0.0, 0.0, 1.0]], "pose": [[0.9186317920684814, 0.1334925889968872, 0.3718809187412262, -1.039351463317871], [0.0962003767490387, -0.9884403944015503, 0.11717930436134338, -0.33062005043029785], [0.3832246661186218, -0.07186954468488693, -0.9208548069000244, 2.758521556854248], [0.0, 0.0, 0.0, 1.0]]}, "frame14.png": {"intrinsics": [[2985.29, 0.0, 512.0], [0.0, 2985.29, 512.0], [0.0, 0.0, 1.0]], "pose": [[0.9367594718933105, 0.102024145424366, 0.33477282524108887, -0.9110006093978882], [0.06830401718616486, -0.991467297077179, 0.1110280305147171, -0.2995900809764862], [0.3432438373565674, -0.08114022761583328, -0.9357349872589111, 2.731220245361328], [0.0, 0.0, 0.0, 1.0]]}, "frame15.png": {"intrinsics": [[2985.29, 0.0, 512.0], [0.0, 2985.29, 512.0], [0.0, 0.0, 1.0]], "pose": [[0.9474184513092041, 0.08477246016263962, 0.3085644543170929, -0.8363669514656067], [0.05683977156877518, -0.9935193657875061, 0.09843011200428009, -0.2639302611351013], [0.3149089217185974, -0.07571576535701752, -0.9460970163345337, 2.7463223934173584], [0.0, 0.0, 0.0, 1.0]]}, "frame16.png": {"intrinsics": [[2985.29, 0.0, 512.0], [0.0, 2985.29, 512.0], [0.0, 0.0, 1.0]], "pose": [[0.9720218777656555, 0.05987550690770149, 0.22713080048561096, -0.6225031018257141], [0.04370751231908798, -0.9961827993392944, 0.0755612775683403, -0.20146720111370087], [0.23078805208206177, -0.06351989507675171, -0.9709284901618958, 2.818199634552002], [0.0, 0.0, 0.0, 1.0]]}, "frame17.png": {"intrinsics": [[2985.29, 0.0, 512.0], [0.0, 2985.29, 512.0], [0.0, 0.0, 1.0]], "pose": [[0.9940504431724548, 0.03597964718937874, 0.10280636698007584, -0.2860967814922333], [0.028162715956568718, -0.996671736240387, 0.07650049030780792, -0.21536336839199066], [0.10521665215492249, -0.07315004616975784, -0.9917552471160889, 2.8999783992767334], [0.0, 0.0, 0.0, 1.0]]}, "frame18.png": {"intrinsics": [[2985.29, 0.0, 512.0], [0.0, 2985.29, 512.0], [0.0, 0.0, 1.0]], "pose": [[0.9984546303749084, 0.015329117886722088, 0.05341731384396553, -0.14638200402259827], [0.011101646348834038, -0.9968477487564087, 0.07855705916881561, -0.21553468704223633], [0.05445314198732376, -0.07784263789653778, -0.9954774379730225, 2.923434019088745], [0.0, 0.0, 0.0, 1.0]]}, "frame19.png": {"intrinsics": [[2985.29, 0.0, 512.0], [0.0, 2985.29, 512.0], [0.0, 0.0, 1.0]], "pose": [[0.999301016330719, 0.007222839165478945, -0.03667883574962616, 0.09841527044773102], [0.010259820148348808, -0.9964718222618103, 0.08329853415489197, -0.22925134003162384], [-0.0359477736055851, -0.08361662924289703, -0.9958493709564209, 2.924832344055176], [0.0, 0.0, 0.0, 1.0]]}, "frame2.png": {"intrinsics": [[2985.29, 0.0, 512.0], [0.0, 2985.29, 512.0], [0.0, 0.0, 1.0]], "pose": [[0.8533912301063538, 0.20727093517780304, 0.47829097509384155, -1.2314542531967163], [0.08981595933437347, -0.9622922539710999, 0.2567622661590576, -0.6579171419143677], [0.5134750604629517, -0.1761605143547058, -0.8398278951644897, 2.3286688327789307], [0.0, 0.0, 0.0, 1.0]]}, "frame20.png": {"intrinsics": [[2985.29, 0.0, 512.0], [0.0, 2985.29, 512.0], [0.0, 0.0, 1.0]], "pose": [[0.9987314343452454, 0.002383676590397954, -0.05029739812016487, 0.13455671072006226], [0.006881675682961941, -0.9959679245948792, 0.08944559842348099, -0.2459806352853775], [-0.049881383776664734, -0.08967825770378113, -0.9947208762168884, 2.928220510482788], [0.0, 0.0, 0.0, 1.0]]}, "frame21.png": {"intrinsics": [[2985.29, 0.0, 512.0], [0.0, 2985.29, 512.0], [0.0, 0.0, 1.0]], "pose": [[0.9997164607048035, -0.014121402986347675, -0.01917295716702938, 0.05043221265077591], [-0.012198178097605705, -0.9952132105827332, 0.09696397185325623, -0.270826131105423], [-0.020450446754693985, -0.09670260548591614, -0.9951032400131226, 2.9690451622009277], [0.0, 0.0, 0.0, 1.0]]}, "frame22.png": {"intrinsics": [[2985.29, 0.0, 512.0], [0.0, 2985.29, 512.0], [0.0, 0.0, 1.0]], "pose": [[0.9984133839607239, -0.04505040496587753, 0.03378112241625786, -0.09370962530374527], [-0.048861972987651825, -0.9913114309310913, 0.12212348729372025, -0.3353298604488373], [0.02798590064048767, -0.12358034402132034, -0.9919398427009583, 2.919853448867798], [0.0, 0.0, 0.0, 1.0]]}, "frame23.png": {"intrinsics": [[2985.29, 0.0, 512.0], [0.0, 2985.29, 512.0], [0.0, 0.0, 1.0]], "pose": [[0.9961850643157959, -0.058689236640930176, 0.06458287686109543, -0.1803719848394394], [-0.06629914045333862, -0.9902133345603943, 0.12280888110399246, -0.3408755958080292], [0.05674326419830322, -0.12662215530872345, -0.9903267025947571, 2.9343059062957764], [0.0, 0.0, 0.0, 1.0]]}, "frame24.png": {"intrinsics": [[2985.29, 0.0, 512.0], [0.0, 2985.29, 512.0], [0.0, 0.0, 1.0]], "pose": [[0.9905380606651306, -0.08093397319316864, 0.110833078622818, -0.3128640651702881], [-0.09483938664197922, -0.9874153733253479, 0.12655586004257202, -0.359069287776947], [0.09919562190771103, -0.13586974143981934, -0.9857482314109802, 2.9414525032043457], [0.0, 0.0, 0.0, 1.0]]}, "frame25.png": {"intrinsics": [[2985.29, 0.0, 512.0], [0.0, 2985.29, 512.0], [0.0, 0.0, 1.0]], "pose": [[0.987410306930542, -0.09067854285240173, 0.12960806488990784, -0.3639175593852997], [-0.10735946893692017, -0.9859309196472168, 0.12811759114265442, -0.3648393154144287], [0.11616707593202591, -0.14041928946971893, -0.983253538608551, 2.944282293319702], [0.0, 0.0, 0.0, 1.0]]}, "frame26.png": {"intrinsics": [[2985.29, 0.0, 512.0], [0.0, 2985.29, 512.0], [0.0, 0.0, 1.0]], "pose": [[0.9871633052825928, -0.08903966844081879, 0.13259144127368927, -0.3629651963710785], [-0.1069972887635231, -0.9850341081619263, 0.1351270079612732, -0.37137678265571594], [0.11857543140649796, -0.1475793570280075, -0.981916606426239, 2.874866247177124], [0.0, 0.0, 0.0, 1.0]]}, "frame27.png": {"intrinsics": [[2985.29, 0.0, 512.0], [0.0, 2985.29, 512.0], [0.0, 0.0, 1.0]],