{"w_std_temp": 8.882476604247264, "w_std_res_8": 8.902796698931185, "w_std_8": 10.850607691075417, "w_noise_scale_8": 0.0, "w_std_res_29": 8.885526767586715, "w_std_29": 10.843669016268203, "w_noise_scale_29": 0.0, "w_std_res_25": 8.909648035977627, "w_std_25": 10.853362907700543, "w_noise_scale_25": 0.0, "w_std_res_30": 8.881454519108905, "w_std_30": 10.84203419422527, "w_noise_scale_30": 0.0, "w_std_res_47": 8.912957561887076, "w_std_47": 10.854694318588617, "w_noise_scale_47": 0.0, "w_std_res_9": 8.933353058902352, "w_std_9": 10.862906659534087, "w_noise_scale_9": 0.0, "w_std_res_16": 8.891355527983345, "w_std_16": 10.846009872586784, "w_noise_scale_16": 0.0, "w_std_res_35": 8.92459032673209, "w_std_35": 10.859376766186907, "w_noise_scale_35": 0.0, "w_std_res_0": 8.906889889293568, "w_std_0": 10.852253567807931, "w_noise_scale_0": 0.0, "w_std_res_15": 8.9155771335904, "w_std_15": 10.855748398026273, "w_noise_scale_15": 0.0, "w_std_res_48": 8.898356589842868, "w_std_48": 10.848822891217276, "w_noise_scale_48": 0.0, "w_std_res_42": 8.911985433953536, "w_std_42": 10.854303200516835, "w_noise_scale_42": 0.0, "w_std_res_44": 8.895318291101225, "w_std_44": 10.847601923927703, "w_noise_scale_44": 0.0, "w_std_res_2": 8.895117164770793, "w_std_2": 10.847521109394071, "w_noise_scale_2": 0.0, "w_std_res_22": 8.904979295315627, "w_std_22": 10.851485252604824, "w_noise_scale_22": 0.0, "w_std_res_37": 8.900191360302317, "w_std_37": 10.849560345355014, "w_noise_scale_37": 0.0, "w_std_res_1": 8.915873747844346, "w_std_1": 10.85586776457207, "w_noise_scale_1": 0.0, "w_std_res_33": 8.863008183596582, "w_std_33": 10.834635135325277, "w_noise_scale_33": 0.0, "w_std_res_31": 8.87133286913528, "w_std_31": 10.837972992850185, "w_noise_scale_31": 0.0, "w_std_res_32": 8.906548240620493, "w_std_32": 10.852116171080413, "w_noise_scale_32": 0.0, "w_std_res_10": 8.910662065048815, "w_std_10": 10.853770812919121, "w_noise_scale_10": 0.0, "w_std_res_26": 8.879166715548255, "w_std_26": 10.84111596610907, "w_noise_scale_26": 0.0, "w_std_res_19": 8.913849389433278, "w_std_19": 10.85505315437815, "w_noise_scale_19": 0.0, "w_std_res_40": 8.907060489437578, "w_std_40": 10.852322177332601, "w_noise_scale_40": 0.0, "w_std_res_20": 8.886740473874546, "w_std_20": 10.84415636126204, "w_noise_scale_20": 0.0, "w_std_res_18": 8.916477022905402, "w_std_18": 10.856110548902862, "w_noise_scale_18": 0.0, "w_std_res_38": 8.91526692673865, "w_std_38": 10.855623564252308, "w_noise_scale_38": 0.0, "w_std_res_39": 8.9314748047285, "w_std_39": 10.862149846916816, "w_noise_scale_39": 0.0, "w_std_res_27": 8.896916161653992, "w_std_27": 10.848244007528361, "w_noise_scale_27": 0.0, "w_std_res_6": 8.915494763331983, "w_std_6": 10.855715250214976, "w_noise_scale_6": 0.0, "w_std_res_46": 8.904653365656634, "w_std_46": 10.851354196164873, "w_noise_scale_46": 0.0, "w_std_res_21": 8.896648772150106, "w_std_21": 10.848136555130102, "w_noise_scale_21": 0.0, "w_std_res_45": 8.899507974461285, "w_std_45": 10.84928565836825, "w_noise_scale_45": 0.0, "w_std_res_24": 8.889503114629074, "w_std_24": 10.845265823448036, "w_noise_scale_24": 0.0, "w_std_res_3": 8.875002640844677, "w_std_3": 10.839445089290779, "w_noise_scale_3": 0.0, "w_std_res_28": 8.87903165469073, "w_std_28": 10.841061763326044, "w_noise_scale_28": 0.0, "w_std_res_23": 8.874904488922683, "w_std_23": 10.839405711194456, "w_noise_scale_23": 0.0, "w_std_res_14": 8.903071362597291, "w_std_14": 10.850718117796397, "w_noise_scale_14": 0.0, "w_std_res_13": 8.871268141449676, "w_std_13": 10.837947031581903, "w_noise_scale_13": 0.0, "w_std_res_17": 8.911018460310808, "w_std_17": 10.85391418452348, "w_noise_scale_17": 0.0, "w_std_res_11": 8.87803337245924, "w_std_11": 10.840661148685767, "w_noise_scale_11": 0.0, "w_std_res_49": 8.913539122452988, "w_std_49": 10.854928312608747, "w_noise_scale_49": 0.0, "w_std_res_5": 8.911764520845464, "w_std_5": 10.854214324111625, "w_noise_scale_5": 0.0, "w_std_res_7": 8.87350647644436, "w_std_7": 10.838844866814682, "w_noise_scale_7": 0.0, "w_std_res_36": 8.884885779372743, "w_std_36": 10.843411655384342, "w_noise_scale_36": 0.0, "w_std_res_12": 8.896863913761972, "w_std_12": 10.848223011166391, "w_noise_scale_12": 0.0, "w_std_res_43": 8.928489338908346, "w_std_43": 10.860947120014442, "w_noise_scale_43": 0.0, "w_std_res_34": 8.913439641911532, "w_std_34": 10.854888285353285, "w_noise_scale_34": 0.0, "w_std_res_4": 8.899606293960424, "w_std_4": 10.849325177027142, "w_noise_scale_4": 0.0, "w_std_res_41": 8.928504651536, "w_std_41": 10.860953288184467, "w_noise_scale_41": 0.0, "l2_loss": 19.760692596435547, "lpips_loss": 8.281959533691406, "noise_reg": 1.6143530468578499e-13, "total_delta_reg": 36241.10546875, "total_loss": 8.281959533691406, "step": 199, "t": 0.995, "lr_ramp": 0.0009866357858642205, "lr": 9.866357858642205e-06, "_timestamp": 1677805317.3233328, "_runtime": 1875.6655368804932, "_step": 199, "_wandb": {"runtime": 1874}}