{"frame0.png": {"intrinsics": [[2985.29, 0.0, 512.0], [0.0, 2985.29, 512.0], [0.0, 0.0, 1.0]], "pose": [[0.9978392720222473, 0.04720770940184593, 0.04569784924387932, -0.1324368268251419], [0.04691136255860329, -0.9988706707954407, 0.007536380086094141, -0.001271604560315609], [0.046002019196748734, -0.005376347340643406, -0.9989268779754639, 2.9367966651916504], [0.0, 0.0, 0.0, 1.0]]}, "frame1.png": {"intrinsics": [[2985.29, 0.0, 512.0], [0.0, 2985.29, 512.0], [0.0, 0.0, 1.0]], "pose": [[0.9837263226509094, -0.1795417219400406, -0.006867212243378162, 0.013854238204658031], [-0.179511159658432, -0.9837440252304077, 0.0048398422077298164, 0.0085223950445652], [-0.007624533027410507, -0.0035283388569951057, -0.999964714050293, 2.894190788269043], [0.0, 0.0, 0.0, 1.0]]}, "frame2.png": {"intrinsics": [[2985.29, 0.0, 512.0], [0.0, 2985.29, 512.0], [0.0, 0.0, 1.0]], "pose": [[0.9862017035484314, -0.16458410024642944, -0.017840854823589325, 0.044771503657102585], [-0.16442447900772095, -0.986338198184967, 0.010081592947244644, -0.013589427806437016], [-0.019256385043263435, -0.007009010761976242, -0.9997900128364563, 2.9085001945495605], [0.0, 0.0, 0.0, 1.0]]}, "frame3.png": {"intrinsics": [[2985.29, 0.0, 512.0], [0.0, 2985.29, 512.0], [0.0, 0.0, 1.0]], "pose": [[0.9869141578674316, -0.15877608954906464, -0.02811688557267189, 0.06890074163675308], [-0.1590656340122223, -0.9872325658798218, -0.008365307934582233, 0.03521227464079857], [-0.02642969600856304, 0.012728272005915642, -0.9995696544647217, 2.9079017639160156], [0.0, 0.0, 0.0, 1.0]]}, "frame4.png": {"intrinsics": [[2985.29, 0.0, 512.0], [0.0, 2985.29, 512.0], [0.0, 0.0, 1.0]], "pose": [[0.9929068088531494, -0.1136670634150505, -0.034867849200963974, 0.07286502420902252], [-0.11568114161491394, -0.991315484046936, -0.06254086643457413, 0.19397512078285217], [-0.02745620347559452, 0.06613080948591232, -0.9974331259727478, 3.0856714248657227], [0.0, 0.0, 0.0, 1.0]]}}