{"frame0.png": {"intrinsics": [[2985.29, 0.0, 512.0], [0.0, 2985.29, 512.0], [0.0, 0.0, 1.0]], "pose": [[0.9631137251853943, -0.2690049409866333, -0.006945707835257053, 0.02157876454293728], [-0.2680724561214447, -0.9568881392478943, -0.11181344091892242, 0.3131794035434723], [0.02343210205435753, 0.10955101251602173, -0.9937049746513367, 2.924236536026001], [0.0, 0.0, 0.0, 1.0]]}, "frame1.png": {"intrinsics": [[2985.29, 0.0, 512.0], [0.0, 2985.29, 512.0], [0.0, 0.0, 1.0]], "pose": [[0.963204562664032, -0.2686846852302551, -0.006746566854417324, 0.02100180648267269], [-0.2677362859249115, -0.9570012092590332, -0.11165113747119904, 0.31289055943489075], [0.023542478680610657, 0.10934919118881226, -0.993724524974823, 2.926083564758301], [0.0, 0.0, 0.0, 1.0]]}, "frame2.png": {"intrinsics": [[2985.29, 0.0, 512.0], [0.0, 2985.29, 512.0], [0.0, 0.0, 1.0]], "pose": [[0.9635401964187622, -0.2674185037612915, -0.008816354908049107, 0.026440538465976715], [-0.26679912209510803, -0.957775354385376, -0.10716644674539566, 0.30343085527420044], [0.020214203745126724, 0.10561136901378632, -0.9942020177841187, 2.940568447113037], [0.0, 0.0, 0.0, 1.0]]}}