{"frame0.png": {"intrinsics": [[2985.29, 0.0, 512.0], [0.0, 2985.29, 512.0], [0.0, 0.0, 1.0]], "pose": [[0.9953028559684753, -0.007462049834430218, -0.09652230888605118, 0.25514715909957886], [-0.014490021392703056, -0.9972764253616333, -0.07231730967760086, 0.19435937702655792], [-0.09571978449821472, 0.07337623834609985, -0.9927001595497131, 2.8073575496673584], [0.0, 0.0, 0.0, 1.0]]}, "frame1.png": {"intrinsics": [[2985.29, 0.0, 512.0], [0.0, 2985.29, 512.0], [0.0, 0.0, 1.0]], "pose": [[0.994422972202301, -0.0016836290014907718, -0.10545214265584946, 0.27822843194007874], [-0.0060640121810138226, -0.9991312026977539, -0.04123222827911377, 0.10383521020412445], [-0.10529110580682755, 0.04164173826575279, -0.9935691952705383, 2.7861437797546387], [0.0, 0.0, 0.0, 1.0]]}, "frame2.png": {"intrinsics": [[2985.29, 0.0, 512.0], [0.0, 2985.29, 512.0], [0.0, 0.0, 1.0]], "pose": [[0.9256457090377808, 0.019110362976789474, -0.37790849804878235, 1.0037084817886353], [-0.04094194248318672, -0.987802267074585, -0.15023474395275116, 0.41043126583099365], [-0.37616994976997375, 0.15453645586967468, -0.9135724902153015, 2.5956239700317383], [0.0, 0.0, 0.0, 1.0]]}, "frame3.png": {"intrinsics": [[2985.29, 0.0, 512.0], [0.0, 2985.29, 512.0], [0.0, 0.0, 1.0]], "pose": [[0.949961245059967, 0.061320118606090546, -0.30629003047943115, 0.8030371069908142], [0.011647742241621017, -0.9868142604827881, -0.16143737733364105, 0.4356291890144348], [-0.3121507167816162, 0.1497916430234909, -0.9381495118141174, 2.6275978088378906], [0.0, 0.0, 0.0, 1.0]]}, "frame4.png": {"intrinsics": [[2985.29, 0.0, 512.0], [0.0, 2985.29, 512.0], [0.0, 0.0, 1.0]], "pose": [[0.962350606918335, 0.14630509912967682, 0.22907672822475433, -0.6451603770256042], [0.10885120928287506, -0.9796873331069946, 0.16841620206832886, -0.4600754976272583], [0.24906373023986816, -0.13714013993740082, -0.9587282538414001, 2.8428170680999756], [0.0, 0.0, 0.0, 1.0]]}, "frame5.png": {"intrinsics": [[2985.29, 0.0, 512.0], [0.0, 2985.29, 512.0], [0.0, 0.0, 1.0]], "pose": [[0.9369146823883057, -0.1337684690952301, -0.3229501247406006, 0.9254147410392761], [-0.11891155689954758, -0.9907486438751221, 0.06540001183748245, -0.1770065724849701], [-0.3287108540534973, -0.02287173643708229, -0.9441536068916321, 2.847175359725952], [0.0, 0.0, 0.0, 1.0]]}, "frame6.png": {"intrinsics": [[2985.29, 0.0, 512.0], [0.0, 2985.29, 512.0], [0.0, 0.0, 1.0]], "pose": [[0.9805739521980286, 0.038581449538469315, -0.19231803715229034, 0.5269578695297241], [0.030016465112566948, -0.9984318614006042, -0.04725288972258568, 0.1374354362487793], [-0.19383955001831055, 0.04056224599480629, -0.9801943302154541, 2.828371286392212], [0.0, 0.0, 0.0, 1.0]]}}