{"frame0.png": {"intrinsics": [[2985.29, 0.0, 512.0], [0.0, 2985.29, 512.0], [0.0, 0.0, 1.0]], "pose": [[0.9668168425559998, 0.13247041404247284, 0.2184416800737381, -0.5741906762123108], [0.14301101863384247, -0.9891674518585205, -0.033098265528678894, 0.08895251154899597], [0.21169087290763855, 0.06323952972888947, -0.9752885103225708, 2.7403037548065186], [0.0, 0.0, 0.0, 1.0]]}, "frame1.png": {"intrinsics": [[2985.29, 0.0, 512.0], [0.0, 2985.29, 512.0], [0.0, 0.0, 1.0]], "pose": [[0.9663758873939514, 0.1360093206167221, 0.21821792423725128, -0.6006941795349121], [0.14547766745090485, -0.9889695644378662, -0.027848465368151665, 0.07665544748306274], [0.21202322840690613, 0.058657921850681305, -0.9755026698112488, 2.8534300327301025], [0.0, 0.0, 0.0, 1.0]]}, "frame10.png": {"intrinsics": [[2985.29, 0.0, 512.0], [0.0, 2985.29, 512.0], [0.0, 0.0, 1.0]], "pose": [[0.9573073387145996, 0.1337503343820572, 0.2562685012817383, -0.6690881252288818], [0.1482873111963272, -0.9882071614265442, -0.03817679360508919, 0.10558531433343887], [0.24814020097255707, 0.07454828917980194, -0.9658514261245728, 2.710522174835205], [0.0, 0.0, 0.0, 1.0]]}, "frame11.png": {"intrinsics": [[2985.29, 0.0, 512.0], [0.0, 2985.29, 512.0], [0.0, 0.0, 1.0]], "pose": [[0.9578297734260559, 0.1358940154314041, 0.2531697154045105, -0.6445774435997009], [0.15023531019687653, -0.9879155158996582, -0.038109082728624344, 0.09954768419265747], [0.24493148922920227, 0.07453703880310059, -0.9666709899902344, 2.650299310684204], [0.0, 0.0, 0.0, 1.0]]}, "frame12.png": {"intrinsics": [[2985.29, 0.0, 512.0], [0.0, 2985.29, 512.0], [0.0, 0.0, 1.0]], "pose": [[0.9593423008918762, 0.1371317207813263, 0.24669283628463745, -0.6550189852714539], [0.14846760034561157, -0.9885247349739075, -0.027861105278134346, 0.07701163738965988], [0.2400413304567337, 0.06335422396659851, -0.9686931371688843, 2.7428884506225586], [0.0, 0.0, 0.0, 1.0]]}, "frame13.png": {"intrinsics": [[2985.29, 0.0, 512.0], [0.0, 2985.29, 512.0], [0.0, 0.0, 1.0]], "pose": [[0.9604399800300598, 0.13612167537212372, 0.24295246601104736, -0.6695730686187744], [0.1452302485704422, -0.989197850227356, -0.019895536825060844, 0.056916266679763794], [0.23761983215808868, 0.05439251661300659, -0.9698341488838196, 2.8395586013793945], [0.0, 0.0, 0.0, 1.0]]}, "frame14.png": {"intrinsics": [[2985.29, 0.0, 512.0], [0.0, 2985.29, 512.0], [0.0, 0.0, 1.0]], "pose": [[0.9610557556152344, 0.13133850693702698, 0.24315012991428375, -0.6311046481132507], [0.14098376035690308, -0.9897534251213074, -0.022621851414442062, 0.05873516574501991], [0.23768754303455353, 0.056021079421043396, -0.9697248339653015, 2.705496072769165], [0.0, 0.0, 0.0, 1.0]]}, "frame15.png": {"intrinsics": [[2985.29, 0.0, 512.0], [0.0, 2985.29, 512.0], [0.0, 0.0, 1.0]], "pose": [[0.9609971046447754, 0.12951907515525818, 0.2443549633026123, -0.6180093884468079], [0.14034876227378845, -0.9897239208221436, -0.027364395558834076, 0.07280465215444565], [0.23829971253871918, 0.06059202551841736, -0.9692996740341187, 2.6425631046295166], [0.0, 0.0, 0.0, 1.0]]}, "frame16.png": {"intrinsics": [[2985.29, 0.0, 512.0], [0.0, 2985.29, 512.0], [0.0, 0.0, 1.0]], "pose": [[0.9617148041725159, 0.13107837736606598, 0.2406722605228424, -0.638596773147583], [0.14420145750045776, -0.9888310432434082, -0.0376708097755909, 0.10435819625854492], [0.23304638266563416, 0.07093386352062225, -0.969875156879425, 2.746490240097046], [0.0, 0.0, 0.0, 1.0]]}, "frame17.png": {"intrinsics": [[2985.29, 0.0, 512.0], [0.0, 2985.29, 512.0], [0.0, 0.0, 1.0]], "pose": [[0.962243914604187, 0.1281447857618332, 0.24013651907444, -0.6269651651382446], [0.14440461993217468, -0.9881874918937683, -0.05130995437502861, 0.13882718980312347], [0.23072479665279388, 0.0840495154261589, -0.969382107257843, 2.716473340988159], [0.0, 0.0, 0.0, 1.0]]}, "frame18.png": {"intrinsics": [[2985.29, 0.0, 512.0], [0.0, 2985.29, 512.0], [0.0, 0.0, 1.0]], "pose": [[0.9627207517623901, 0.12357000261545181, 0.2406224012374878, -0.6208422780036926], [0.1401950716972351, -0.9886947870254517, -0.05317742004990578, 0.14097478985786438], [0.2313309907913208, 0.08492907881736755, -0.9691609144210815, 2.6889429092407227], [0.0, 0.0, 0.0, 1.0]]}, "frame19.png": {"intrinsics": [[2985.29, 0.0, 512.0], [0.0, 2985.29, 512.0], [0.0, 0.0, 1.0]], "pose": [[0.9639757871627808, 0.12305194139480591, 0.23581534624099731, -0.6195301413536072], [0.13811920583248138, -0.9892316460609436, -0.04841379448771477, 0.13038697838783264], [0.22731858491897583, 0.0792403593659401, -0.9705911874771118, 2.7274067401885986], [0.0, 0.0, 0.0, 1.0]]}, "frame2.png": {"intrinsics": [[2985.29, 0.0, 512.0], [0.0, 2985.29, 512.0], [0.0, 0.0, 1.0]], "pose": [[0.9657893776893616, 0.13590826094150543, 0.2208614945411682, -0.6172114610671997], [0.1457495242357254, -0.9889018535614014, -0.028811682015657425, 0.07813490927219391], [0.21449461579322815, 0.06001647189259529, -0.9748795628547668, 2.8951542377471924], [0.0, 0.0, 0.0, 1.0]]}, "frame20.png": {"intrinsics": [[2985.29, 0.0, 512.0], [0.0, 2985.29, 512.0], [0.0, 0.0, 1.0]], "pose": [[0.9644550085067749, 0.12266623973846436, 0.23405033349990845, -0.6191380023956299], [0.1364452838897705, -0.9896897673606873, -0.043553903698921204, 0.11968087404966354], [0.2262946367263794, 0.07394084334373474, -0.97124844789505, 2.7605817317962646], [0.0, 0.0, 0.0, 1.0]]}, "frame21.png": {"intrinsics": [[2985.29, 0.0, 512.0], [0.0, 2985.29, 512.0], [0.0, 0.0, 1.0]], "pose": [[0.963219165802002, 0.1275535374879837, 0.23651428520679474, -0.6319595575332642], [0.13908785581588745, -0.9897409677505493, -0.03267084062099457, 0.0891457125544548], [0.22992059588432312, 0.0643654391169548, -0.9710785746574402, 2.7777106761932373], [0.0, 0.0, 0.0, 1.0]]}, "frame22.png": {"intrinsics": [[2985.29, 0.0, 512.0], [0.0, 2985.29, 512.0], [0.0, 0.0, 1.0]], "pose": [[0.9622247815132141, 0.12813641130924225, 0.24021780490875244, -0.6248290538787842], [0.13948102295398712, -0.9897468090057373, -0.03076157346367836, 0.08564896136522293], [0.23381313681602478, 0.06310537457466125, -0.9702315330505371, 2.7075977325439453], [0.0, 0.0, 0.0, 1.0]]}, "frame23.png": {"intrinsics": [[2985.29, 0.0, 512.0], [0.0, 2985.29, 512.0], [0.0, 0.0, 1.0]], "pose": [[0.961635410785675, 0.1299203485250473, 0.24161554872989655, -0.6355834007263184], [0.1450226902961731, -0.9883708953857422, -0.04573165997862816, 0.12397372722625732], [0.23286430537700653, 0.07901692390441895, -0.9692938327789307, 2.7363266944885254], [0.0, 0.0, 0.0, 1.0]]}, "frame24.png": {"intrinsics": [[2985.29, 0.0, 512.0], [0.0, 2985.29, 512.0], [0.0, 0.0, 1.0]], "pose": [[0.9622141718864441, 0.13029998540878296, 0.23909366130828857, -0.6217613220214844], [0.1463679075241089, -0.9879328012466431, -0.050648145377635956, 0.13436171412467957], [0.22960901260375977, 0.08373000472784042, -0.9696746468544006, 2.7120604515075684], [0.0, 0.0, 0.0, 1.0]]}, "frame25.png": {"intrinsics": [[2985.29, 0.0, 512.0], [0.0, 2985.29, 512.0], [0.0, 0.0, 1.0]], "pose": [[0.9638193845748901, 0.13110598921775818, 0.23208485543727875, -0.6470109820365906], [0.1456790566444397, -0.9882276058197021, -0.04673176631331444, 0.13258610665798187], [0.22322583198547363, 0.0788508877158165, -0.9715722799301147, 2.8800055980682373], [0.0, 0.0, 0.0, 1.0]]}, "frame26.png": {"intrinsics": [[2985.29, 0.0, 512.0], [0.0, 2985.29, 512.0], [0.0, 0.0, 1.0]], "pose": [[0.9633445143699646, 0.13002228736877441, 0.23465196788311005, -0.6242150664329529], [0.14459826052188873, -0.9884231686592102, -0.0459442213177681, 0.12377319484949112], [0.22596167027950287, 0.078190378844738, -0.9709931015968323, 2.767444610595703], [0.0, 0.0, 0.0, 1.0]]}, "frame27.png": {"intrinsics": [[2985.29, 0.0, 512.0], [0.0, 2985.29, 512.0], [0.0, 0.0, 1.0]],