{"frame0.png": {"intrinsics": [[2985.29, 0.0, 512.0], [0.0, 2985.29, 512.0], [0.0, 0.0, 1.0]], "pose": [[0.9759565591812134, 0.03282678872346878, 0.21547910571098328, -0.5447835922241211], [0.0234463382512331, -0.9986687302589417, 0.045946355909109116, -0.10807844996452332], [0.2167005091905594, -0.03978945314884186, -0.9754269123077393, 2.660122871398926], [0.0, 0.0, 0.0, 1.0]]}, "frame1.png": {"intrinsics": [[2985.29, 0.0, 512.0], [0.0, 2985.29, 512.0], [0.0, 0.0, 1.0]], "pose": [[0.9763535261154175, 0.03483220562338829, 0.21335545182228088, -0.5516255497932434], [0.027509108185768127, -0.9989292025566101, 0.03719750791788101, -0.09100271761417389], [0.21442267298698425, -0.03044869564473629, -0.9762662649154663, 2.707563638687134], [0.0, 0.0, 0.0, 1.0]]}, "frame10.png": {"intrinsics": [[2985.29, 0.0, 512.0], [0.0, 2985.29, 512.0], [0.0, 0.0, 1.0]], "pose": [[0.9704358577728271, 0.05441058799624443, 0.23514622449874878, -0.6062489748001099], [0.056998636573553085, -0.9983653426170349, -0.004218139685690403, 0.0148940933868289], [0.23453232645988464, 0.017496448010206223, -0.9719508290290833, 2.690504550933838], [0.0, 0.0, 0.0, 1.0]]}, "frame11.png": {"intrinsics": [[2985.29, 0.0, 512.0], [0.0, 2985.29, 512.0], [0.0, 0.0, 1.0]], "pose": [[0.9760702252388, 0.044726334512233734, 0.21280618011951447, -0.56587153673172], [0.04486335441470146, -0.9989843368530273, 0.004187477752566338, -0.0022965269163250923], [0.21277733147144318, 0.00545992748811841, -0.9770854711532593, 2.777651786804199], [0.0, 0.0, 0.0, 1.0]]}, "frame12.png": {"intrinsics": [[2985.29, 0.0, 512.0], [0.0, 2985.29, 512.0], [0.0, 0.0, 1.0]], "pose": [[0.9736948609352112, 0.0492609366774559, 0.2224670946598053, -0.588162899017334], [0.04906466603279114, -0.9987749457359314, 0.006412543822079897, -0.016956867650151253], [0.2225104570388794, 0.004671412520110607, -0.9749190807342529, 2.7598657608032227], [0.0, 0.0, 0.0, 1.0]]}, "frame13.png": {"intrinsics": [[2985.29, 0.0, 512.0], [0.0, 2985.29, 512.0], [0.0, 0.0, 1.0]], "pose": [[0.9739691019058228, 0.05410245060920715, 0.22012972831726074, -0.5750933885574341], [0.05374956503510475, -0.9985255599021912, 0.007596708834171295, -0.01588037796318531], [0.22021615505218506, 0.004432917106896639, -0.9754409790039062, 2.7182226181030273], [0.0, 0.0, 0.0, 1.0]]}, "frame14.png": {"intrinsics": [[2985.29, 0.0, 512.0], [0.0, 2985.29, 512.0], [0.0, 0.0, 1.0]], "pose": [[0.9711007475852966, 0.04963985085487366, 0.2334505319595337, -0.5849380493164062], [0.050230804830789566, -0.998731791973114, 0.003417093073949218, 0.0007056681788526475], [0.2333240807056427, 0.00840806681662798, -0.9723626375198364, 2.6278698444366455], [0.0, 0.0, 0.0, 1.0]]}, "frame15.png": {"intrinsics": [[2985.29, 0.0, 512.0], [0.0, 2985.29, 512.0], [0.0, 0.0, 1.0]], "pose": [[0.9673673510551453, 0.05232022702693939, 0.24791713058948517, -0.6374037861824036], [0.05039076879620552, -0.998629629611969, 0.014126257039606571, -0.025179468095302582], [0.24831648170948029, -0.0011725453659892082, -0.9686782360076904, 2.6815524101257324], [0.0, 0.0, 0.0, 1.0]]}, "frame16.png": {"intrinsics": [[2985.29, 0.0, 512.0], [0.0, 2985.29, 512.0], [0.0, 0.0, 1.0]], "pose": [[0.9673562049865723, 0.05451070889830589, 0.24748855829238892, -0.6343990564346313], [0.056557267904281616, -0.9983986616134644, -0.0011620919685810804, 0.013147450052201748], [0.2470289021730423, 0.015121432952582836, -0.9688901305198669, 2.674104690551758], [0.0, 0.0, 0.0, 1.0]]}, "frame17.png": {"intrinsics": [[2985.29, 0.0, 512.0], [0.0, 2985.29, 512.0], [0.0, 0.0, 1.0]], "pose": [[0.968296229839325, 0.05697142705321312, 0.24322155117988586, -0.6195908188819885], [0.06380965560674667, -0.9977551102638245, -0.020323507487773895, 0.05946186184883118], [0.24151769280433655, 0.035199061036109924, -0.9697578549385071, 2.6613380908966064], [0.0, 0.0, 0.0, 1.0]]}, "frame18.png": {"intrinsics": [[2985.29, 0.0, 512.0], [0.0, 2985.29, 512.0], [0.0, 0.0, 1.0]], "pose": [[0.9703760743141174, 0.057601578533649445, 0.23463241755962372, -0.6021134853363037], [0.07311031222343445, -0.9956395030021667, -0.05793779715895653, 0.1583987921476364], [0.23027200996875763, 0.07337550073862076, -0.9703560471534729, 2.6798722743988037], [0.0, 0.0, 0.0, 1.0]]}, "frame19.png": {"intrinsics": [[2985.29, 0.0, 512.0], [0.0, 2985.29, 512.0], [0.0, 0.0, 1.0]], "pose": [[0.9690815806388855, 0.06796465069055557, 0.23719534277915955, -0.6056565642356873], [0.08155131340026855, -0.9955157041549683, -0.04793516546487808, 0.12923645973205566], [0.232873797416687, 0.06579668074846268, -0.9702785611152649, 2.6743743419647217], [0.0, 0.0, 0.0, 1.0]]}, "frame2.png": {"intrinsics": [[2985.29, 0.0, 512.0], [0.0, 2985.29, 512.0], [0.0, 0.0, 1.0]], "pose": [[0.9882159233093262, 0.027249107137322426, 0.15062148869037628, -0.38053253293037415], [0.01959228515625, -0.9984503388404846, 0.05208732187747955, -0.12562617659568787], [0.15180741250514984, -0.04852250590920448, -0.9872183203697205, 2.700122594833374], [0.0, 0.0, 0.0, 1.0]]}, "frame20.png": {"intrinsics": [[2985.29, 0.0, 512.0], [0.0, 2985.29, 512.0], [0.0, 0.0, 1.0]], "pose": [[0.9665996432304382, 0.06651243567466736, 0.2475098967552185, -0.6469106078147888], [0.07832113653421402, -0.9961974620819092, -0.03816278278827667, 0.10645028948783875], [0.2440304160118103, 0.05627338960766792, -0.9681334495544434, 2.7122061252593994], [0.0, 0.0, 0.0, 1.0]]}, "frame21.png": {"intrinsics": [[2985.29, 0.0, 512.0], [0.0, 2985.29, 512.0], [0.0, 0.0, 1.0]], "pose": [[0.9609659314155579, 0.07744845002889633, 0.26560553908348083, -0.6825261116027832], [0.08826339244842529, -0.995674729347229, -0.029007859528064728, 0.08088270574808121], [0.26221010088920593, 0.051318809390068054, -0.963645339012146, 2.661545753479004], [0.0, 0.0, 0.0, 1.0]]}, "frame22.png": {"intrinsics": [[2985.29, 0.0, 512.0], [0.0, 2985.29, 512.0], [0.0, 0.0, 1.0]], "pose": [[0.9570061564445496, 0.07093489170074463, 0.28126055002212524, -0.7256108522415161], [0.07807894796133041, -0.9968451857566833, -0.014260531403124332, 0.05063546448945999], [0.27936166524887085, 0.03560794144868851, -0.959525465965271, 2.6605701446533203], [0.0, 0.0, 0.0, 1.0]]}, "frame23.png": {"intrinsics": [[2985.29, 0.0, 512.0], [0.0, 2985.29, 512.0], [0.0, 0.0, 1.0]], "pose": [[0.9561649560928345, 0.0639994740486145, 0.2857493460178375, -0.7583863735198975], [0.0675128847360611, -0.9977153539657593, -0.002450360916554928, 0.014256378635764122], [0.284939706325531, 0.02163470908999443, -0.9583012461662292, 2.7108356952667236], [0.0, 0.0, 0.0, 1.0]]}, "frame24.png": {"intrinsics": [[2985.29, 0.0, 512.0], [0.0, 2985.29, 512.0], [0.0, 0.0, 1.0]], "pose": [[0.9546078443527222, 0.06050010398030281, 0.2916567027568817, -0.7541095614433289], [0.06352396309375763, -0.9979799389839172, -0.0009003383456729352, 0.00882004015147686], [0.29101306200027466, 0.019386662170290947, -0.9565226435661316, 2.6567203998565674], [0.0, 0.0, 0.0, 1.0]]}, "frame25.png": {"intrinsics": [[2985.29, 0.0, 512.0], [0.0, 2985.29, 512.0], [0.0, 0.0, 1.0]], "pose": [[0.9540165662765503, 0.06633317470550537, 0.2923223078250885, -0.7616973519325256], [0.07116714864969254, -0.9974468350410461, -0.005920950323343277, 0.01847834885120392], [0.291183203458786, 0.026452431455254555, -0.9563015103340149, 2.668213129043579], [0.0, 0.0, 0.0, 1.0]]}, "frame26.png": {"intrinsics": [[2985.29, 0.0, 512.0], [0.0, 2985.29, 512.0], [0.0, 0.0, 1.0]], "pose": [[0.9528940916061401, 0.07389038056135178, 0.29416513442993164, -0.7402612566947937], [0.0730382651090622, -0.9972322583198547, 0.01389742735773325, -0.02432548999786377], [0.294377863407135, 0.008242536336183548, -0.9556535482406616, 2.589444398880005], [0.0, 0.0, 0.0, 1.0]]}, "frame27.png": {"intrinsics": [[2985.29, 0.0, 512.0], [0.0, 2985.29, 512.0], [0.0, 0.0, 1.0]],