{"step": 64, "c_loss": 0.6572265625, "i_loss": 0.33533817529678345, "l2_loss": 1220.526611328125, "total_loss": 0.6572265625, "_timestamp": 1678027856.043232, "_runtime": 46.34906888008118, "_step": 164, "_wandb": {"runtime": 45}}