{"step": 58, "c_loss": 0.763671875, "i_loss": 0.14402759075164795, "l2_loss": 5.8997650146484375, "total_loss": 0.77587890625, "_timestamp": 1678377209.5511816, "_runtime": 158.37757849693298, "_step": 258, "_wandb": {"runtime": 157}}