{"w_std_temp": 8.882476604247264, "w_std_res_8": 8.926945691276496, "w_std_8": 10.860325350501705, "w_noise_scale_8": 0.0, "w_std_res_29": 8.937294578058843, "w_std_29": 10.864495177814293, "w_noise_scale_29": 0.0, "w_std_res_25": 8.899507974461285, "w_std_25": 10.84928565836825, "w_noise_scale_25": 0.0, "w_std_res_30": 8.899669937699937, "w_std_30": 10.849350758225121, "w_noise_scale_30": 0.0, "w_std_res_47": 8.877976613508283, "w_std_47": 10.840638372000978, "w_noise_scale_47": 0.0, "w_std_res_9": 8.883231657876541, "w_std_9": 10.842747572542441, "w_noise_scale_9": 0.0, "w_std_res_16": 8.893224246582339, "w_std_16": 10.84676057631955, "w_noise_scale_16": 0.0, "w_std_res_35": 8.896893330680097, "w_std_35": 10.8482348326525, "w_noise_scale_35": 0.0, "w_std_res_0": 8.882673619186962, "w_std_0": 10.84252355456284, "w_noise_scale_0": 0.0, "w_std_res_15": 8.884209570215011, "w_std_15": 10.843140166569599, "w_noise_scale_15": 0.0, "w_std_res_48": 8.920911616113008, "w_std_48": 10.85789556109401, "w_noise_scale_48": 0.0, "w_std_res_42": 8.878429795014432, "w_std_42": 10.84082023101804, "w_noise_scale_42": 0.0, "w_std_res_44": 8.903936980347513, "w_std_44": 10.851066148655624, "w_noise_scale_44": 0.0, "w_std_res_2": 8.929167881863348, "w_std_2": 10.861220454701442, "w_noise_scale_2": 0.0, "w_std_res_22": 8.858609865548884, "w_std_22": 10.832872440516413, "w_noise_scale_22": 0.0, "w_std_res_37": 8.90775031222811, "w_std_37": 10.852599609367793, "w_noise_scale_37": 0.0, "w_std_res_1": 8.86194153741154, "w_std_1": 10.834207606148453, "w_noise_scale_1": 0.0, "w_std_res_33": 8.914389263292243, "w_std_33": 10.855270389740415, "w_noise_scale_33": 0.0, "w_std_res_31": 8.889069833227772, "w_std_31": 10.845091804590684, "w_noise_scale_31": 0.0, "w_std_res_32": 8.937482517465419, "w_std_32": 10.86457093319842, "w_noise_scale_32": 0.0, "w_std_res_10": 8.917640523142879, "w_std_10": 10.856578823459994, "w_noise_scale_10": 0.0, "w_std_res_26": 8.88844492163843, "w_std_26": 10.844840831300845, "w_noise_scale_26": 0.0, "w_std_res_19": 8.924511103556318, "w_std_19": 10.859344863267536, "w_noise_scale_19": 0.0, "w_std_res_40": 8.93237571631982, "w_std_40": 10.862512841620719, "w_noise_scale_40": 0.0, "w_std_res_20": 8.910730890336662, "w_std_20": 10.853798499834056, "w_noise_scale_20": 0.0, "w_std_res_18": 8.88650222950515, "w_std_18": 10.844060694396264, "w_noise_scale_18": 0.0, "w_std_res_38": 8.900846167640468, "w_std_38": 10.849823558473197, "w_noise_scale_38": 0.0, "w_std_res_39": 8.900136937148776, "w_std_39": 10.849538469446522, "w_noise_scale_39": 0.0, "w_std_res_27": 8.887181780519626, "w_std_27": 10.84433357219336, "w_noise_scale_27": 0.0, "w_std_res_6": 8.900427921594556, "w_std_6": 10.84965543447694, "w_noise_scale_6": 0.0, "w_std_res_46": 8.914713522458252, "w_std_46": 10.855400869929907, "w_noise_scale_46": 0.0, "w_std_res_21": 8.899407898141314, "w_std_21": 10.849245433871197, "w_noise_scale_21": 0.0, "w_std_res_45": 8.932108513671338, "w_std_45": 10.862405177952072, "w_noise_scale_45": 0.0, "w_std_res_24": 8.915562236897907, "w_std_24": 10.855742403216833, "w_noise_scale_24": 0.0, "w_std_res_3": 8.898302594455867, "w_std_3": 10.848801190252543, "w_noise_scale_3": 0.0, "w_std_res_28": 8.87493309833939, "w_std_28": 10.839417189129682, "w_noise_scale_28": 0.0, "w_std_res_23": 8.931630940091512, "w_std_23": 10.862212755120385, "w_noise_scale_23": 0.0, "w_std_res_14": 8.897010119276025, "w_std_14": 10.848281765589656, "w_noise_scale_14": 0.0, "w_std_res_13": 8.89528316019226, "w_std_13": 10.847587807895357, "w_noise_scale_13": 0.0, "w_std_res_17": 8.911916618354326, "w_std_17": 10.854275514889283, "w_noise_scale_17": 0.0, "w_std_res_11": 8.844143542480527, "w_std_11": 10.82707898627326, "w_noise_scale_11": 0.0, "w_std_res_49": 8.888990732923508, "w_std_49": 10.845060036140879, "w_noise_scale_49": 0.0, "w_std_res_5": 8.902094205859653, "w_std_5": 10.850325268741948, "w_noise_scale_5": 0.0, "w_std_res_7": 8.902300440054805, "w_std_7": 10.850408179246068, "w_noise_scale_7": 0.0, "w_std_res_36": 8.926824043297819, "w_std_36": 10.86027635467901, "w_noise_scale_36": 0.0, "w_std_res_12": 8.905679367684423, "w_std_12": 10.851766762836364, "w_noise_scale_12": 0.0, "w_std_res_43": 8.913194222611779, "w_std_43": 10.854789539069838, "w_noise_scale_43": 0.0, "w_std_res_34": 8.943086540730778, "w_std_34": 10.866830314942348, "w_noise_scale_34": 0.0, "w_std_res_4": 8.864405648434643, "w_std_4": 10.835195314344823, "w_noise_scale_4": 0.0, "w_std_res_41": 8.93084411254054, "w_std_41": 10.861895743406167, "w_noise_scale_41": 0.0, "l2_loss": 4530.05078125, "lpips_loss": 38.946224212646484, "noise_reg": 411.78216552734375, "total_delta_reg": 32275.115234375, "total_loss": 4601.27197265625, "step": 199, "t": 0.995, "lr_ramp": 0.0009866357858642205, "lr": 9.866357858642205e-06, "_timestamp": 1677847308.5296443, "_runtime": 1721.9875342845917, "_step": 199, "_wandb": {"runtime": 1720}}