{"frame0.png": {"intrinsics": [[2985.29, 0.0, 512.0], [0.0, 2985.29, 512.0], [0.0, 0.0, 1.0]], "pose": [[0.936751663684845, 0.10206663608551025, 0.33478161692619324, -0.9110331535339355], [0.06834174692630768, -0.991462767124176, 0.11104559153318405, -0.2996383607387543], [0.34325751662254333, -0.08114258944988251, -0.9357297420501709, 2.731214761734009], [0.0, 0.0, 0.0, 1.0]]}, "frame1.png": {"intrinsics": [[2985.29, 0.0, 512.0], [0.0, 2985.29, 512.0], [0.0, 0.0, 1.0]], "pose": [[0.9971985220909119, -0.054181136190891266, 0.051569852977991104, -0.14465373754501343], [-0.06078154593706131, -0.988776445388794, 0.1364797055721283, -0.3829297423362732], [0.043596427887678146, -0.1392318457365036, -0.9892996549606323, 2.9524624347686768], [0.0, 0.0, 0.0, 1.0]]}, "frame2.png": {"intrinsics": [[2985.29, 0.0, 512.0], [0.0, 2985.29, 512.0], [0.0, 0.0, 1.0]], "pose": [[0.9214165806770325, 0.024319220334291458, 0.38781437277793884, -1.0803165435791016], [-0.012556685134768486, -0.9956548810005188, 0.09226962924003601, -0.26037344336509705], [0.3883731961250305, -0.08988842368125916, -0.9171075820922852, 2.731163501739502], [0.0, 0.0, 0.0, 1.0]]}}