{"frame0.png": {"intrinsics": [[2985.29, 0.0, 512.0], [0.0, 2985.29, 512.0], [0.0, 0.0, 1.0]], "pose": [[0.9478219151496887, -0.09636517614126205, 0.30388715863227844, -0.8202893733978271], [-0.0775735080242157, -0.9942850470542908, -0.07334493100643158, 0.20439501106739044], [0.3092183768749237, 0.04594434052705765, -0.9498805999755859, 2.7323970794677734], [0.0, 0.0, 0.0, 1.0]]}, "frame1.png": {"intrinsics": [[2985.29, 0.0, 512.0], [0.0, 2985.29, 512.0], [0.0, 0.0, 1.0]], "pose": [[0.9627809524536133, -0.19643494486808777, 0.18565042316913605, -0.4926328957080841], [-0.18553771078586578, -0.9798067808151245, -0.0745278000831604, 0.20296551287174225], [0.1965414136648178, 0.03730879724025726, -0.9797853827476501, 2.789944887161255], [0.0, 0.0, 0.0, 1.0]]}, "frame2.png": {"intrinsics": [[2985.29, 0.0, 512.0], [0.0, 2985.29, 512.0], [0.0, 0.0, 1.0]], "pose": [[0.9625934362411499, -0.19929639995098114, 0.1835612803697586, -0.48839423060417175], [-0.18699975311756134, -0.9789144992828369, -0.08220361173152924, 0.224823996424675], [0.19607368111610413, 0.044802743941545486, -0.9795651435852051, 2.7872793674468994], [0.0, 0.0, 0.0, 1.0]]}}