{"w_std_temp": 8.882476604247264, "w_std_res_8": 8.908766311195956, "w_std_8": 10.853008248724175, "w_noise_scale_8": 0.0, "w_std_res_29": 8.880522049688295, "w_std_29": 10.841659921052218, "w_noise_scale_29": 0.0, "w_std_res_25": 8.9154816190714, "w_std_25": 10.855709960661256, "w_noise_scale_25": 0.0, "w_std_res_30": 8.892473555625566, "w_std_30": 10.846458995191703, "w_noise_scale_30": 0.0, "w_std_res_47": 8.879828791986927, "w_std_47": 10.84138167941476, "w_noise_scale_47": 0.0, "w_std_res_9": 8.864954261726341, "w_std_9": 10.835415244263832, "w_noise_scale_9": 0.0, "w_std_res_16": 8.887586145855353, "w_std_16": 10.844495954169561, "w_noise_scale_16": 0.0, "w_std_res_35": 8.931820310692553, "w_std_35": 10.86228905505764, "w_noise_scale_35": 0.0, "w_std_res_0": 8.942417790368554, "w_std_0": 10.866560644213743, "w_noise_scale_0": 0.0, "w_std_res_15": 8.878473352018352, "w_std_15": 10.84083771051043, "w_noise_scale_15": 0.0, "w_std_res_48": 8.885917141044024, "w_std_48": 10.843825759821806, "w_noise_scale_48": 0.0, "w_std_res_42": 8.880574833590448, "w_std_42": 10.841681106671142, "w_noise_scale_42": 0.0, "w_std_res_44": 8.89159891414362, "w_std_44": 10.84610763995545, "w_noise_scale_44": 0.0, "w_std_res_2": 8.9293988634454, "w_std_2": 10.861313503238225, "w_noise_scale_2": 0.0, "w_std_res_22": 8.875580526788093, "w_std_22": 10.839676940383187, "w_noise_scale_22": 0.0, "w_std_res_37": 8.898302594455867, "w_std_37": 10.848801190252543, "w_noise_scale_37": 0.0, "w_std_res_1": 8.923773550186043, "w_std_1": 10.859047861978969, "w_noise_scale_1": 0.0, "w_std_res_33": 8.883231657876541, "w_std_33": 10.842747572542441, "w_noise_scale_33": 0.0, "w_std_res_31": 8.900099191862976, "w_std_31": 10.84952329741957, "w_noise_scale_31": 0.0, "w_std_res_32": 8.902415402574741, "w_std_32": 10.850454397166967, "w_noise_scale_32": 0.0, "w_std_res_10": 8.890442990228328, "w_std_10": 10.845643325346128, "w_noise_scale_10": 0.0, "w_std_res_26": 8.885169349821084, "w_std_26": 10.843525509203637, "w_noise_scale_26": 0.0, "w_std_res_19": 8.88210630987943, "w_std_19": 10.84229582468584, "w_noise_scale_19": 0.0, "w_std_res_40": 8.91028417405977, "w_std_40": 10.853618798153223, "w_noise_scale_40": 0.0, "w_std_res_20": 8.904106759664328, "w_std_20": 10.851134412902413, "w_noise_scale_20": 0.0, "w_std_res_18": 8.881878936210514, "w_std_18": 10.842204554857606, "w_noise_scale_18": 0.0, "w_std_res_38": 8.936801983232034, "w_std_38": 10.86429662573123, "w_noise_scale_38": 0.0, "w_std_res_39": 8.910776042943734, "w_std_39": 10.853816663822684, "w_noise_scale_39": 0.0, "w_std_res_27": 8.89593481597072, "w_std_27": 10.84784965730536, "w_noise_scale_27": 0.0, "w_std_res_6": 8.904864804560482, "w_std_6": 10.85143921546239, "w_noise_scale_6": 0.0, "w_std_res_46": 8.929253625723709, "w_std_46": 10.86125499553919, "w_noise_scale_46": 0.0, "w_std_res_21": 8.859130177393263, "w_std_21": 10.833080932957161, "w_noise_scale_21": 0.0, "w_std_res_45": 8.881720606813749, "w_std_45": 10.842141000945109, "w_noise_scale_45": 0.0, "w_std_res_24": 8.892816623545096, "w_std_24": 10.846596816513463, "w_noise_scale_24": 0.0, "w_std_res_3": 8.900427921594556, "w_std_3": 10.84965543447694, "w_noise_scale_3": 0.0, "w_std_res_28": 8.903133665316949, "w_std_28": 10.850743166512835, "w_noise_scale_28": 0.0, "w_std_res_23": 8.894992446596007, "w_std_23": 10.847470997022763, "w_noise_scale_23": 0.0, "w_std_res_14": 8.921700633147248, "w_std_14": 10.858213218429402, "w_noise_scale_14": 0.0, "w_std_res_13": 8.908209872078677, "w_std_13": 10.85278444254054, "w_noise_scale_13": 0.0, "w_std_res_17": 8.864954261726341, "w_std_17": 10.835415244263832, "w_noise_scale_17": 0.0, "w_std_res_11": 8.889503114629074, "w_std_11": 10.845265823448036, "w_noise_scale_11": 0.0, "w_std_res_49": 8.949007888447747, "w_std_49": 10.869218660827235, "w_noise_scale_49": 0.0, "w_std_res_5": 8.882628763491132, "w_std_5": 10.842505548188575, "w_noise_scale_5": 0.0, "w_std_res_7": 8.88843129790066, "w_std_7": 10.84483535994784, "w_noise_scale_7": 0.0, "w_std_res_36": 8.89208654506916, "w_std_36": 10.846303524991821, "w_noise_scale_36": 0.0, "w_std_res_12": 8.904595460350796, "w_std_12": 10.851330912755587, "w_noise_scale_12": 0.0, "w_std_res_43": 8.90134250759401, "w_std_43": 10.850023081052639, "w_noise_scale_43": 0.0, "w_std_res_34": 8.910705464496063, "w_std_34": 10.853788271555237, "w_noise_scale_34": 0.0, "w_std_res_4": 8.895490430549629, "w_std_4": 10.84767109222067, "w_noise_scale_4": 0.0, "w_std_res_41": 8.916576907647912, "w_std_41": 10.85615074796311, "w_noise_scale_41": 0.0, "l2_loss": 447383.84375, "lpips_loss": 9.125530242919922, "noise_reg": 3.246949421571027e-13, "total_delta_reg": 29919.3359375, "total_loss": 15.638863563537598, "step": 199, "t": 0.995, "lr_ramp": 0.0009866357858642205, "lr": 9.866357858642205e-06, "_timestamp": 1678374040.0349143, "_runtime": 1790.877479314804, "_step": 199, "_wandb": {"runtime": 1789}}